Date,BCI_TUR,BCI_TUR-1,BCI_TUR-2,BCI_TUR-3,BCI_TUR-6,BCI_TUR-12,CCI_TUR,CCI_TUR-1,CCI_TUR-2,CCI_TUR-3,CCI_TUR-6,CCI_TUR-12,CLI_TUR,CLI_TUR-1,CLI_TUR-2,CLI_TUR-3,CLI_TUR-6,CLI_TUR-12,GDP_TUR,GDP_TUR-1,GDP_TUR-2,GDP_TUR-3,GDP_TUR-6,GDP_TUR-12
200501,98.95572,98.98485,99.80009,101.3934,96.4606,99.45903,105.7617,105.6515,105.3279,105.1126,105.6112,108.1658,100.8926,100.9312,100.8858,100.7922,100.4849,101.1546,100.6886,100.4509,100.2359,100.0947,100.1237,99.80212
200502,98.74213,98.95572,98.98485,99.80009,98.70944,100.7099,105.5196,105.7617,105.6515,105.3279,105.0586,108.1088,100.7714,100.8926,100.9312,100.8858,100.5506,101.0456,100.8888,100.6886,100.4509,100.2359,100.0576,100.0134
200503,98.6899,98.74213,98.95572,98.98485,101.3857,101.1198,104.9501,105.5196,105.7617,105.6515,104.9665,107.9113,100.5855,100.7714,100.8926,100.9312,100.6676,100.8816,101.0087,100.8888,100.6886,100.4509,100.0391,100.1639
200504,98.27003,98.6899,98.74213,98.95572,101.3934,101.1009,104.4096,104.9501,105.5196,105.7617,105.1126,107.5246,100.3774,100.5855,100.7714,100.8926,100.7922,100.7098,101.0521,101.0087,100.8888,100.6886,100.0947,100.2428
200505,98.65323000000001,98.27003,98.6899,98.74213,99.80009,99.73196999999999,104.0437,104.4096,104.9501,105.5196,105.3279,106.8735,100.1979,100.3774,100.5855,100.7714,100.8858,100.5666,101.0476,101.0521,101.0087,100.8888,100.2359,100.2507
200506,98.96042,98.65323000000001,98.27003,98.6899,98.98485,97.0039,103.73100000000001,104.0437,104.4096,104.9501,105.6515,106.243,100.0971,100.1979,100.3774,100.5855,100.9312,100.4875,101.0322,101.0476,101.0521,101.0087,100.4509,100.2008
200507,99.54095,98.96042,98.65323000000001,98.27003,98.95572,96.4606,103.4445,103.73100000000001,104.0437,104.4096,105.7617,105.6112,100.1124,100.0971,100.1979,100.3774,100.8926,100.4849,101.0396,101.0322,101.0476,101.0521,100.6886,100.1237
200508,100.7254,99.54095,98.96042,98.65323000000001,98.74213,98.70944,103.1113,103.4445,103.73100000000001,104.0437,105.5196,105.0586,100.2223,100.1124,100.0971,100.1979,100.7714,100.5506,101.0947,101.0396,101.0322,101.0476,100.8888,100.0576
200509,100.7498,100.7254,99.54095,98.96042,98.6899,101.3857,102.9592,103.1113,103.4445,103.73100000000001,104.9501,104.9665,100.3828,100.2223,100.1124,100.0971,100.5855,100.6676,101.2082,101.0947,101.0396,101.0322,101.0087,100.0391
200510,99.36698,100.7498,100.7254,99.54095,98.27003,101.3934,103.2315,102.9592,103.1113,103.4445,104.4096,105.1126,100.5389,100.3828,100.2223,100.1124,100.3774,100.7922,101.3669,101.2082,101.0947,101.0396,101.0521,100.0947
200511,99.24718,99.36698,100.7498,100.7254,98.65323000000001,99.80009,103.6498,103.2315,102.9592,103.1113,104.0437,105.3279,100.63600000000001,100.5389,100.3828,100.2223,100.1979,100.8858,101.5478,101.3669,101.2082,101.0947,101.0476,100.2359
200512,100.0844,99.24718,99.36698,100.7498,98.96042,98.98485,104.0394,103.6498,103.2315,102.9592,103.73100000000001,105.6515,100.6499,100.63600000000001,100.5389,100.3828,100.0971,100.9312,101.7273,101.5478,101.3669,101.2082,101.0322,100.4509
200601,100.2744,100.0844,99.24718,99.36698,99.54095,98.95572,104.4299,104.0394,103.6498,103.2315,103.4445,105.7617,100.5963,100.6499,100.63600000000001,100.5389,100.1124,100.8926,101.8906,101.7273,101.5478,101.3669,101.0396,100.6886
200602,100.6841,100.2744,100.0844,99.24718,100.7254,98.74213,104.6368,104.4299,104.0394,103.6498,103.1113,105.5196,100.5002,100.5963,100.6499,100.63600000000001,100.2223,100.7714,102.0253,101.8906,101.7273,101.5478,101.0947,100.8888
200603,100.6133,100.6841,100.2744,100.0844,100.7498,98.6899,104.6749,104.6368,104.4299,104.0394,102.9592,104.9501,100.3835,100.5002,100.5963,100.6499,100.3828,100.5855,102.1179,102.0253,101.8906,101.7273,101.2082,101.0087
200604,100.2057,100.6133,100.6841,100.2744,99.36698,98.27003,104.3277,104.6749,104.6368,104.4299,103.2315,104.4096,100.2638,100.3835,100.5002,100.5963,100.5389,100.3774,102.1513,102.1179,102.0253,101.8906,101.3669,101.0521
200605,99.83617,100.2057,100.6133,100.6841,99.24718,98.65323000000001,103.3175,104.3277,104.6749,104.6368,103.6498,104.0437,100.1528,100.2638,100.3835,100.5002,100.63600000000001,100.1979,102.1149,102.1513,102.1179,102.0253,101.5478,101.0476
200606,99.21534,99.83617,100.2057,100.6133,100.0844,98.96042,101.8534,103.3175,104.3277,104.6749,104.0394,103.73100000000001,100.0563,100.1528,100.2638,100.3835,100.6499,100.0971,102.0178,102.1149,102.1513,102.1179,101.7273,101.0322
200607,99.29094,99.21534,99.83617,100.2057,100.2744,99.54095,100.8699,101.8534,103.3175,104.3277,104.4299,103.4445,99.9882,100.0563,100.1528,100.2638,100.5963,100.1124,101.9085,102.0178,102.1149,102.1513,101.8906,101.0396
200608,99.27696999999999,99.29094,99.21534,99.83617,100.6841,100.7254,100.7129,100.8699,101.8534,103.3175,104.6368,103.1113,99.99886,99.9882,100.0563,100.1528,100.5002,100.2223,101.846,101.9085,102.0178,102.1149,102.0253,101.0947
200609,98.68491999999999,99.27696999999999,99.29094,99.21534,100.6133,100.7498,100.8687,100.7129,100.8699,101.8534,104.6749,102.9592,100.0891,99.99886,99.9882,100.0563,100.3835,100.3828,101.8732,101.846,101.9085,102.0178,102.1179,101.2082
200610,98.65066,98.68491999999999,99.27696999999999,99.29094,100.2057,99.36698,101.1072,100.8687,100.7129,100.8699,104.3277,103.2315,100.2453,100.0891,99.99886,99.9882,100.2638,100.5389,101.9864,101.8732,101.846,101.9085,102.1513,101.3669
200611,99.69811,98.65066,98.68491999999999,99.27696999999999,99.83617,99.24718,101.3104,101.1072,100.8687,100.7129,103.3175,103.6498,100.4473,100.2453,100.0891,99.99886,100.1528,100.63600000000001,102.1534,101.9864,101.8732,101.846,102.1149,101.5478
200612,100.8078,99.69811,98.65066,98.68491999999999,99.21534,100.0844,101.3056,101.3104,101.1072,100.8687,101.8534,104.0394,100.6458,100.4473,100.2453,100.0891,100.0563,100.6499,102.32600000000001,102.1534,101.9864,101.8732,102.0178,101.7273
200701,101.4365,100.8078,99.69811,98.65066,99.29094,100.2744,101.2885,101.3056,101.3104,101.1072,100.8699,104.4299,100.796,100.6458,100.4473,100.2453,99.9882,100.5963,102.4483,102.32600000000001,102.1534,101.9864,101.9085,101.8906
200702,101.3879,101.4365,100.8078,99.69811,99.27696999999999,100.6841,101.3693,101.2885,101.3056,101.3104,100.7129,104.6368,100.8616,100.796,100.6458,100.4473,99.99886,100.5002,102.4713,102.4483,102.32600000000001,102.1534,101.846,102.0253
200703,101.4608,101.3879,101.4365,100.8078,98.68491999999999,100.6133,101.507,101.3693,101.2885,101.3056,100.8687,104.6749,100.8811,100.8616,100.796,100.6458,100.0891,100.3835,102.3717,102.4713,102.4483,102.32600000000001,101.8732,102.1179
200704,100.7567,101.4608,101.3879,101.4365,98.65066,100.2057,101.7577,101.507,101.3693,101.2885,101.1072,104.3277,100.9012,100.8811,100.8616,100.796,100.2453,100.2638,102.1775,102.3717,102.4713,102.4483,101.9864,102.1513
200705,100.45299999999999,100.7567,101.4608,101.3879,99.69811,99.83617,102.0322,101.7577,101.507,101.3693,101.3104,103.3175,100.9663,100.9012,100.8811,100.8616,100.4473,100.1528,101.9446,102.1775,102.3717,102.4713,102.1534,102.1149
200706,100.7602,100.45299999999999,100.7567,101.4608,100.8078,99.21534,102.2738,102.0322,101.7577,101.507,101.3056,101.8534,101.1115,100.9663,100.9012,100.8811,100.6458,100.0563,101.7412,101.9446,102.1775,102.3717,102.32600000000001,102.0178
200707,100.7916,100.7602,100.45299999999999,100.7567,101.4365,99.29094,102.6381,102.2738,102.0322,101.7577,101.2885,100.8699,101.2868,101.1115,100.9663,100.9012,100.796,99.9882,101.6348,101.7412,101.9446,102.1775,102.4483,101.9085
200708,100.7368,100.7916,100.7602,100.45299999999999,101.3879,99.27696999999999,102.9761,102.6381,102.2738,102.0322,101.3693,100.7129,101.4602,101.2868,101.1115,100.9663,100.8616,99.99886,101.6779,101.6348,101.7412,101.9446,102.4713,101.846
200709,100.9115,100.7368,100.7916,100.7602,101.4608,98.68491999999999,102.9344,102.9761,102.6381,102.2738,101.507,100.8687,101.6297,101.4602,101.2868,101.1115,100.8811,100.0891,101.8879,101.6779,101.6348,101.7412,102.3717,101.8732
200710,101.0793,100.9115,100.7368,100.7916,100.7567,98.65066,102.5853,102.9344,102.9761,102.6381,101.7577,101.1072,101.7818,101.6297,101.4602,101.2868,100.9012,100.2453,102.2151,101.8879,101.6779,101.6348,102.1775,101.9864
200711,101.3812,101.0793,100.9115,100.7368,100.45299999999999,99.69811,102.0675,102.5853,102.9344,102.9761,102.0322,101.3104,101.8969,101.7818,101.6297,101.4602,100.9663,100.4473,102.5755,102.2151,101.8879,101.6779,101.9446,102.1534
200712,101.0649,101.3812,101.0793,100.9115,100.7602,100.8078,101.6162,102.0675,102.5853,102.9344,102.2738,101.3056,101.9403,101.8969,101.7818,101.6297,101.1115,100.6458,102.8736,102.5755,102.2151,101.8879,101.7412,102.32600000000001
200801,100.2113,101.0649,101.3812,101.0793,100.7916,101.4365,100.7871,101.6162,102.0675,102.5853,102.6381,101.2885,101.8817,101.9403,101.8969,101.7818,101.2868,100.796,103.0221,102.8736,102.5755,102.2151,101.6348,102.4483
200802,99.90141,100.2113,101.0649,101.3812,100.7368,101.3879,99.39001999999999,100.7871,101.6162,102.0675,102.9761,101.3693,101.6984,101.8817,101.9403,101.8969,101.4602,100.8616,102.9559,103.0221,102.8736,102.5755,101.6779,102.4713
200803,99.6643,99.90141,100.2113,101.0649,100.9115,101.4608,97.69354,99.39001999999999,100.7871,101.6162,102.9344,101.507,101.3748,101.6984,101.8817,101.9403,101.6297,100.8811,102.6575,102.9559,103.0221,102.8736,101.8879,102.3717
200804,98.59773,99.6643,99.90141,100.2113,101.0793,100.7567,96.23515,97.69354,99.39001999999999,100.7871,102.5853,101.7577,100.9528,101.3748,101.6984,101.8817,101.7818,100.9012,102.1614,102.6575,102.9559,103.0221,102.2151,102.1775
200805,97.83711,98.59773,99.6643,99.90141,101.3812,100.45299999999999,95.53569,96.23515,97.69354,99.39001999999999,102.0675,102.0322,100.4459,100.9528,101.3748,101.6984,101.8969,100.9663,101.5406,102.1614,102.6575,102.9559,102.5755,101.9446
200806,97.39669,97.83711,98.59773,99.6643,101.0649,100.7602,95.54512,95.53569,96.23515,97.69354,101.6162,102.2738,99.84040999999999,100.4459,100.9528,101.3748,101.9403,101.1115,100.8714,101.5406,102.1614,102.6575,102.8736,101.7412
200807,96.44611,97.39669,97.83711,98.59773,100.2113,100.7916,96.03461,95.54512,95.53569,96.23515,100.7871,102.6381,99.11402,99.84040999999999,100.4459,100.9528,101.8817,101.2868,100.2066,100.8714,101.5406,102.1614,103.0221,101.6348
200808,94.51472,96.44611,97.39669,97.83711,99.90141,100.7368,96.465,96.03461,95.54512,95.53569,99.39001999999999,102.9761,98.2616,99.11402,99.84040999999999,100.4459,101.6984,101.4602,99.57712,100.2066,100.8714,101.5406,102.9559,101.6779
200809,91.28657,94.51472,96.44611,97.39669,99.6643,100.9115,96.19852,96.465,96.03461,95.54512,97.69354,102.9344,97.30211,98.2616,99.11402,99.84040999999999,101.3748,101.6297,98.99287,99.57712,100.2066,100.8714,102.6575,101.8879
200810,87.38951999999999,91.28657,94.51472,96.44611,98.59773,101.0793,95.0669,96.19852,96.465,96.03461,96.23515,102.5853,96.36658,97.30211,98.2616,99.11402,100.9528,101.7818,98.44098000000001,98.99287,99.57712,100.2066,102.1614,102.2151
200811,84.4446,87.38951999999999,91.28657,94.51472,97.83711,101.3812,93.94408,95.0669,96.19852,96.465,95.53569,102.0675,95.66199,96.36658,97.30211,98.2616,100.4459,101.8969,97.90675,98.44098000000001,98.99287,99.57712,101.5406,102.5755
200812,83.40236999999999,84.4446,87.38951999999999,91.28657,97.39669,101.0649,93.5996,93.94408,95.0669,96.19852,95.54512,101.6162,95.34489,95.66199,96.36658,97.30211,99.84040999999999,101.9403,97.39217,97.90675,98.44098000000001,98.99287,100.8714,102.8736
200901,83.54562,83.40236999999999,84.4446,87.38951999999999,96.44611,100.2113,93.93741999999999,93.5996,93.94408,95.0669,96.03461,100.7871,95.41751,95.34489,95.66199,96.36658,99.11402,101.8817,96.93315,97.39217,97.90675,98.44098000000001,100.2066,103.0221
200902,84.74968,83.54562,83.40236999999999,84.4446,94.51472,99.90141,94.69856,93.93741999999999,93.5996,93.94408,96.465,99.39001999999999,95.82818,95.41751,95.34489,95.66199,98.2616,101.6984,96.57848,96.93315,97.39217,97.90675,99.57712,102.9559
200903,87.27521,84.74968,83.54562,83.40236999999999,91.28657,99.6643,95.70618,94.69856,93.93741999999999,93.5996,96.19852,97.69354,96.48241,95.82818,95.41751,95.34489,97.30211,101.3748,96.36409,96.57848,96.93315,97.39217,98.99287,102.6575
200904,91.19678,87.27521,84.74968,83.54562,87.38951999999999,98.59773,96.96539,95.70618,94.69856,93.93741999999999,95.0669,96.23515,97.24446999999999,96.48241,95.82818,95.41751,96.36658,100.9528,96.27895,96.36409,96.57848,96.93315,98.44098000000001,102.1614
200905,94.44391,91.19678,87.27521,84.74968,84.4446,97.83711,97.92531,96.96539,95.70618,94.69856,93.94408,95.53569,97.96928,97.24446999999999,96.48241,95.82818,95.66199,100.4459,96.29214,96.27895,96.36409,96.57848,97.90675,101.5406
200906,95.75027,94.44391,91.19678,87.27521,83.40236999999999,97.39669,98.32204,97.92531,96.96539,95.70618,93.5996,95.54512,98.56071,97.96928,97.24446999999999,96.48241,95.34489,99.84040999999999,96.37025,96.29214,96.27895,96.36409,97.39217,100.8714
200907,96.0762,95.75027,94.44391,91.19678,83.54562,96.44611,98.10538000000001,98.32204,97.92531,96.96539,93.93741999999999,96.03461,99.01624,98.56071,97.96928,97.24446999999999,95.41751,99.11402,96.48737,96.37025,96.29214,96.27895,96.93315,100.2066
200908,95.66176999999999,96.0762,95.75027,94.44391,84.74968,94.51472,97.74255,98.10538000000001,98.32204,97.92531,94.69856,96.465,99.36050999999999,99.01624,98.56071,97.96928,95.82818,98.2616,96.62595999999999,96.48737,96.37025,96.29214,96.57848,99.57712
200909,95.21315,95.66176999999999,96.0762,95.75027,87.27521,91.28657,97.41526,97.74255,98.10538000000001,98.32204,95.70618,96.19852,99.64912,99.36050999999999,99.01624,98.56071,96.48241,97.30211,96.77467,96.62595999999999,96.48737,96.37025,96.36409,98.99287
200910,95.412,95.21315,95.66176999999999,96.0762,91.19678,87.38951999999999,97.00768000000001,97.41526,97.74255,98.10538000000001,96.96539,95.0669,99.92446,99.64912,99.36050999999999,99.01624,97.24446999999999,96.36658,96.92413,96.77467,96.62595999999999,96.48737,96.27895,98.44098000000001
200911,95.95773,95.412,95.21315,95.66176999999999,94.44391,84.4446,96.65241999999999,97.00768000000001,97.41526,97.74255,97.92531,93.94408,100.1701,99.92446,99.64912,99.36050999999999,97.96928,95.66199,97.06867,96.92413,96.77467,96.62595999999999,96.29214,97.90675
200912,96.85262,95.95773,95.412,95.21315,95.75027,83.40236999999999,96.62335,96.65241999999999,97.00768000000001,97.41526,98.32204,93.5996,100.3693,100.1701,99.92446,99.64912,98.56071,95.34489,97.20752,97.06867,96.92413,96.77467,96.37025,97.39217
201001,97.47698000000001,96.85262,95.95773,95.412,96.0762,83.54562,96.95909,96.62335,96.65241999999999,97.00768000000001,98.10538000000001,93.93741999999999,100.5041,100.3693,100.1701,99.92446,99.01624,95.41751,97.34591,97.20752,97.06867,96.92413,96.48737,96.93315
201002,97.72951,97.47698000000001,96.85262,95.95773,95.66176999999999,84.74968,97.63712,96.95909,96.62335,96.65241999999999,97.74255,94.69856,100.5631,100.5041,100.3693,100.1701,99.36050999999999,95.82818,97.49163,97.34591,97.20752,97.06867,96.62595999999999,96.57848
201003,98.36559,97.72951,97.47698000000001,96.85262,95.21315,87.27521,98.39461999999999,97.63712,96.95909,96.62335,97.41526,95.70618,100.5813,100.5631,100.5041,100.3693,99.64912,96.48241,97.65126,97.49163,97.34591,97.20752,96.77467,96.36409
201004,98.96325,98.36559,97.72951,97.47698000000001,95.412,91.19678,98.9689,98.39461999999999,97.63712,96.95909,97.00768000000001,96.96539,100.57700000000001,100.5813,100.5631,100.5041,99.92446,97.24446999999999,97.82545999999999,97.65126,97.49163,97.34591,96.92413,96.27895
201005,98.86378,98.96325,98.36559,97.72951,95.95773,94.44391,99.35686,98.9689,98.39461999999999,97.63712,96.65241999999999,97.92531,100.5683,100.57700000000001,100.5813,100.5631,100.1701,97.96928,98.01335999999999,97.82545999999999,97.65126,97.49163,97.06867,96.29214
201006,98.74455999999999,98.86378,98.96325,98.36559,96.85262,95.75027,99.61134,99.35686,98.9689,98.39461999999999,96.62335,98.32204,100.5945,100.5683,100.57700000000001,100.5813,100.3693,98.56071,98.21534,98.01335999999999,97.82545999999999,97.65126,97.20752,96.37025
201007,99.01029,98.74455999999999,98.86378,98.96325,97.47698000000001,96.0762,99.72884,99.61134,99.35686,98.9689,96.95909,98.10538000000001,100.6614,100.5945,100.5683,100.57700000000001,100.5041,99.01624,98.43437,98.21534,98.01335999999999,97.82545999999999,97.34591,96.48737
201008,99.44447,99.01029,98.74455999999999,98.86378,97.72951,95.66176999999999,99.90739,99.72884,99.61134,99.35686,97.63712,97.74255,100.758,100.6614,100.5945,100.5683,100.5631,99.36050999999999,98.67348,98.43437,98.21534,98.01335999999999,97.49163,96.62595999999999
201009,99.97587,99.44447,99.01029,98.74455999999999,98.36559,95.21315,100.2319,99.90739,99.72884,99.61134,98.39461999999999,97.41526,100.8424,100.758,100.6614,100.5945,100.5813,99.64912,98.93149,98.67348,98.43437,98.21534,97.65126,96.77467
201010,100.473,99.97587,99.44447,99.01029,98.96325,95.412,100.4515,100.2319,99.90739,99.72884,98.9689,97.00768000000001,100.9116,100.8424,100.758,100.6614,100.57700000000001,99.92446,99.197,98.93149,98.67348,98.43437,97.82545999999999,96.92413
201011,101.0985,100.473,99.97587,99.44447,98.86378,95.95773,100.7294,100.4515,100.2319,99.90739,99.35686,96.65241999999999,100.9699,100.9116,100.8424,100.758,100.5683,100.1701,99.45534,99.197,98.93149,98.67348,98.01335999999999,97.06867
201012,101.4274,101.0985,100.473,99.97587,98.74455999999999,96.85262,100.9342,100.7294,100.4515,100.2319,99.61134,96.62335,101.01899999999999,100.9699,100.9116,100.8424,100.5945,100.3693,99.69434,99.45534,99.197,98.93149,98.21534,97.20752
201101,101.0809,101.4274,101.0985,100.473,99.01029,97.47698000000001,101.1781,100.9342,100.7294,100.4515,99.72884,96.95909,101.0366,101.01899999999999,100.9699,100.9116,100.6614,100.5041,99.91,99.69434,99.45534,99.197,98.43437,97.34591
201102,100.42299999999999,101.0809,101.4274,101.0985,99.44447,97.72951,101.4894,101.1781,100.9342,100.7294,99.90739,97.63712,100.9208,101.0366,101.01899999999999,100.9699,100.758,100.5631,100.1029,99.91,99.69434,99.45534,98.67348,97.49163
201103,99.95734,100.42299999999999,101.0809,101.4274,99.97587,98.36559,101.6725,101.4894,101.1781,100.9342,100.2319,98.39461999999999,100.7868,100.9208,101.0366,101.01899999999999,100.8424,100.5813,100.27600000000001,100.1029,99.91,99.69434,98.93149,97.65126
201104,99.9351,99.95734,100.42299999999999,101.0809,100.473,98.96325,101.7974,101.6725,101.4894,101.1781,100.4515,98.9689,100.6534,100.7868,100.9208,101.0366,100.9116,100.57700000000001,100.4335,100.27600000000001,100.1029,99.91,99.197,97.82545999999999
201105,100.2211,99.9351,99.95734,100.42299999999999,101.0985,98.86378,101.9595,101.7974,101.6725,101.4894,100.7294,99.35686,100.5321,100.6534,100.7868,100.9208,100.9699,100.5683,100.5769,100.4335,100.27600000000001,100.1029,99.45534,98.01335999999999
201106,100.3927,100.2211,99.9351,99.95734,101.4274,98.74455999999999,102.1749,101.9595,101.7974,101.6725,100.9342,99.61134,100.4331,100.5321,100.6534,100.7868,101.01899999999999,100.5945,100.7021,100.5769,100.4335,100.27600000000001,99.69434,98.21534
201107,100.3948,100.3927,100.2211,99.9351,101.0809,99.01029,102.0052,102.1749,101.9595,101.7974,101.1781,99.72884,100.3663,100.4331,100.5321,100.6534,101.0366,100.6614,100.7968,100.7021,100.5769,100.4335,99.91,98.43437
201108,100.3661,100.3948,100.3927,100.2211,100.42299999999999,99.44447,101.5947,102.0052,102.1749,101.9595,101.4894,99.90739,100.3414,100.3663,100.4331,100.5321,100.9208,100.758,100.8452,100.7968,100.7021,100.5769,100.1029,98.67348
201109,100.406,100.3661,100.3948,100.3927,99.95734,99.97587,101.2844,101.5947,102.0052,102.1749,101.6725,100.2319,100.3535,100.3414,100.3663,100.4331,100.7868,100.8424,100.8341,100.8452,100.7968,100.7021,100.27600000000001,98.93149
201110,100.0224,100.406,100.3661,100.3948,99.9351,100.473,100.9364,101.2844,101.5947,102.0052,101.7974,100.4515,100.3595,100.3535,100.3414,100.3663,100.6534,100.9116,100.7623,100.8341,100.8452,100.7968,100.4335,99.197
201111,99.66881,100.0224,100.406,100.3661,100.2211,101.0985,100.9305,100.9364,101.2844,101.5947,101.9595,100.7294,100.3579,100.3595,100.3535,100.3414,100.5321,100.9699,100.6366,100.7623,100.8341,100.8452,100.5769,99.45534
201112,99.30198,99.66881,100.0224,100.406,100.3927,101.4274,101.1169,100.9305,100.9364,101.2844,102.1749,100.9342,100.336,100.3579,100.3595,100.3535,100.4331,101.01899999999999,100.47200000000001,100.6366,100.7623,100.8341,100.7021,99.69434
201201,99.10802,99.30198,99.66881,100.0224,100.3948,101.0809,101.2836,101.1169,100.9305,100.9364,102.0052,101.1781,100.3033,100.336,100.3579,100.3595,100.3663,101.0366,100.2957,100.47200000000001,100.6366,100.7623,100.7968,99.91
201202,99.33685,99.10802,99.30198,99.66881,100.3661,100.42299999999999,101.3227,101.2836,101.1169,100.9305,101.5947,101.4894,100.28,100.3033,100.336,100.3579,100.3414,100.9208,100.1363,100.2957,100.47200000000001,100.6366,100.8452,100.1029
201203,99.45644,99.33685,99.10802,99.30198,100.406,99.95734,101.1368,101.3227,101.2836,101.1169,101.2844,101.6725,100.2315,100.28,100.3033,100.336,100.3535,100.7868,100.0147,100.1363,100.2957,100.47200000000001,100.8341,100.27600000000001
201204,99.28278,99.45644,99.33685,99.10802,100.0224,99.9351,100.8184,101.1368,101.3227,101.2836,100.9364,101.7974,100.1441,100.2315,100.28,100.3033,100.3595,100.6534,99.93264,100.0147,100.1363,100.2957,100.7623,100.4335
201205,98.88067,99.28278,99.45644,99.33685,99.66881,100.2211,100.7269,100.8184,101.1368,101.3227,100.9305,101.9595,100.0601,100.1441,100.2315,100.28,100.3579,100.5321,99.88299,99.93264,100.0147,100.1363,100.6366,100.5769
201206,98.35069,98.88067,99.28278,99.45644,99.30198,100.3927,100.5444,100.7269,100.8184,101.1368,101.1169,102.1749,99.99254,100.0601,100.1441,100.2315,100.336,100.4331,99.8573,99.88299,99.93264,100.0147,100.47200000000001,100.7021
201207,98.46158,98.35069,98.88067,99.28278,99.10802,100.3948,100.1973,100.5444,100.7269,100.8184,101.2836,102.0052,99.95409000000001,99.99254,100.0601,100.1441,100.3033,100.3663,99.85036,99.8573,99.88299,99.93264,100.2957,100.7968
201208,98.35168,98.46158,98.35069,98.88067,99.33685,100.3661,99.56446,100.1973,100.5444,100.7269,101.3227,101.5947,99.9298,99.95409000000001,99.99254,100.0601,100.28,100.3414,99.86234,99.85036,99.8573,99.88299,100.1363,100.8452
201209,98.20264,98.35168,98.46158,98.35069,99.45644,100.406,98.91138000000001,99.56446,100.1973,100.5444,101.1368,101.2844,99.91628,99.9298,99.95409000000001,99.99254,100.2315,100.3535,99.89936,99.86234,99.85036,99.8573,100.0147,100.8341
201210,98.40163000000001,98.20264,98.35168,98.46158,99.28278,100.0224,98.58162,98.91138000000001,99.56446,100.1973,100.8184,100.9364,99.9139,99.91628,99.9298,99.95409000000001,100.1441,100.3595,99.97261,99.89936,99.86234,99.85036,99.93264,100.7623
201211,98.62154,98.40163000000001,98.20264,98.35168,98.88067,99.66881,98.8728,98.58162,98.91138000000001,99.56446,100.7269,100.9305,99.93623000000001,99.9139,99.91628,99.9298,100.0601,100.3579,100.09299999999999,99.97261,99.89936,99.86234,99.88299,100.6366
201212,98.25026,98.62154,98.40163000000001,98.20264,98.35069,99.30198,99.38915,98.8728,98.58162,98.91138000000001,100.5444,101.1169,99.98988,99.93623000000001,99.9139,99.91628,99.99254,100.336,100.2631,100.09299999999999,99.97261,99.89936,99.8573,100.47200000000001
201301,97.85651,98.25026,98.62154,98.40163000000001,98.46158,99.10802,99.89626,99.38915,98.8728,98.58162,100.1973,101.2836,100.084,99.98988,99.93623000000001,99.9139,99.95409000000001,100.3033,100.4656,100.2631,100.09299999999999,99.97261,99.85036,100.2957
201302,98.29202,97.85651,98.25026,98.62154,98.35168,99.33685,100.1528,99.89626,99.38915,98.8728,99.56446,101.3227,100.204,100.084,99.98988,99.93623000000001,99.9298,100.28,100.6751,100.4656,100.2631,100.09299999999999,99.86234,100.1363
201303,99.23153,98.29202,97.85651,98.25026,98.20264,99.45644,100.1767,100.1528,99.89626,99.38915,98.91138000000001,101.1368,100.316,100.204,100.084,99.98988,99.91628,100.2315,100.866,100.6751,100.4656,100.2631,99.89936,100.0147
201304,99.73801,99.23153,98.29202,97.85651,98.40163000000001,99.28278,100.2943,100.1767,100.1528,99.89626,98.58162,100.8184,100.3828,100.316,100.204,100.084,99.9139,100.1441,101.0207,100.866,100.6751,100.4656,99.97261,99.93264
201305,100.1082,99.73801,99.23153,98.29202,98.62154,98.88067,100.5019,100.2943,100.1767,100.1528,98.8728,100.7269,100.4059,100.3828,100.316,100.204,99.93623000000001,100.0601,101.1281,101.0207,100.866,100.6751,100.09299999999999,99.88299
201306,100.4555,100.1082,99.73801,99.23153,98.25026,98.35069,100.5969,100.5019,100.2943,100.1767,99.38915,100.5444,100.3977,100.4059,100.3828,100.316,99.98988,99.99254,101.1839,101.1281,101.0207,100.866,100.2631,99.8573
201307,100.39200000000001,100.4555,100.1082,99.73801,97.85651,98.46158,100.6173,100.5969,100.5019,100.2943,99.89626,100.1973,100.3502,100.3977,100.4059,100.3828,100.084,99.95409000000001,101.1952,101.1839,101.1281,101.0207,100.4656,99.85036
201308,100.1984,100.39200000000001,100.4555,100.1082,98.29202,98.35168,100.3148,100.6173,100.5969,100.5019,100.1528,99.56446,100.2742,100.3502,100.3977,100.4059,100.204,99.9298,101.1738,101.1952,101.1839,101.1281,100.6751,99.86234
201309,99.97617,100.1984,100.39200000000001,100.4555,99.23153,98.20264,99.92114000000001,100.3148,100.6173,100.5969,100.1767,98.91138000000001,100.17,100.2742,100.3502,100.3977,100.316,99.91628,101.133,101.1738,101.1952,101.1839,100.866,99.89936
201310,99.60159,99.97617,100.1984,100.39200000000001,99.73801,98.40163000000001,99.99731,99.92114000000001,100.3148,100.6173,100.2943,98.58162,100.0218,100.17,100.2742,100.3502,100.3828,99.9139,101.0867,101.133,101.1738,101.1952,101.0207,99.97261
201311,99.01868,99.60159,99.97617,100.1984,100.1082,98.62154,100.0452,99.99731,99.92114000000001,100.3148,100.5019,98.8728,99.82336,100.0218,100.17,100.2742,100.4059,99.93623000000001,101.0432,101.0867,101.133,101.1738,101.1281,100.09299999999999
201312,98.28645,99.01868,99.60159,99.97617,100.4555,98.25026,99.6371,100.0452,99.99731,99.92114000000001,100.5969,99.38915,99.61506999999999,99.82336,100.0218,100.17,100.3977,99.98988,100.9991,101.0432,101.0867,101.133,101.1839,100.2631
201401,97.67879,98.28645,99.01868,99.60159,100.39200000000001,97.85651,99.0566,99.6371,100.0452,99.99731,100.6173,99.89626,99.45713,99.61506999999999,99.82336,100.0218,100.3502,100.084,100.93299999999999,100.9991,101.0432,101.0867,101.1952,100.4656
201402,97.77853,97.67879,98.28645,99.01868,100.1984,98.29202,98.81756999999999,99.0566,99.6371,100.0452,100.3148,100.1528,99.39346,99.45713,99.61506999999999,99.82336,100.2742,100.204,100.8223,100.93299999999999,100.9991,101.0432,101.1738,100.6751
201403,98.7614,97.77853,97.67879,98.28645,99.97617,99.23153,99.32705,98.81756999999999,99.0566,99.6371,99.92114000000001,100.1767,99.42995,99.39346,99.45713,99.61506999999999,100.17,100.316,100.6605,100.8223,100.93299999999999,100.9991,101.133,100.866
201404,99.78114000000001,98.7614,97.77853,97.67879,99.60159,99.73801,100.0276,99.32705,98.81756999999999,99.0566,99.99731,100.2943,99.5302,99.42995,99.39346,99.45713,100.0218,100.3828,100.4782,100.6605,100.8223,100.93299999999999,101.0867,101.0207
201405,100.4126,99.78114000000001,98.7614,97.77853,99.01868,100.1082,100.1076,100.0276,99.32705,98.81756999999999,100.0452,100.5019,99.64453,99.5302,99.42995,99.39346,99.82336,100.4059,100.3193,100.4782,100.6605,100.8223,101.0432,101.1281
201406,100.4171,100.4126,99.78114000000001,98.7614,98.28645,100.4555,99.82889,100.1076,100.0276,99.32705,99.6371,100.5969,99.73969,99.64453,99.5302,99.42995,99.61506999999999,100.3977,100.2183,100.3193,100.4782,100.6605,100.9991,101.1839
201407,100.0753,100.4171,100.4126,99.78114000000001,97.67879,100.39200000000001,99.57874,99.82889,100.1076,100.0276,99.0566,100.6173,99.80364,99.73969,99.64453,99.5302,99.45713,100.3502,100.1763,100.2183,100.3193,100.4782,100.93299999999999,101.1952
201408,99.85049000000001,100.0753,100.4171,100.4126,97.77853,100.1984,99.33984,99.57874,99.82889,100.1076,98.81756999999999,100.3148,99.85481999999999,99.80364,99.73969,99.64453,99.39346,100.2742,100.1786,100.1763,100.2183,100.3193,100.8223,101.1738
201409,99.90153000000001,99.85049000000001,100.0753,100.4171,98.7614,99.97617,99.01077,99.33984,99.57874,99.82889,99.32705,99.92114000000001,99.90104000000001,99.85481999999999,99.80364,99.73969,99.42995,100.17,100.2074,100.1786,100.1763,100.2183,100.6605,101.133
201410,100.2131,99.90153000000001,99.85049000000001,100.0753,99.78114000000001,99.60159,98.40601,99.01077,99.33984,99.57874,100.0276,99.99731,99.92749,99.90104000000001,99.85481999999999,99.80364,99.5302,100.0218,100.2514,100.2074,100.1786,100.1763,100.4782,101.0867
201411,99.98169,100.2131,99.90153000000001,99.85049000000001,100.4126,99.01868,97.84145,98.40601,99.01077,99.33984,100.1076,100.0452,99.93342,99.92749,99.90104000000001,99.85481999999999,99.64453,99.82336,100.304,100.2514,100.2074,100.1786,100.3193,101.0432
201412,99.70349,99.98169,100.2131,99.90153000000001,100.4171,98.28645,97.46675,97.84145,98.40601,99.01077,99.82889,99.6371,99.92436,99.93342,99.92749,99.90104000000001,99.73969,99.61506999999999,100.3606,100.304,100.2514,100.2074,100.2183,100.9991
201501,99.40035,99.70349,99.98169,100.2131,100.0753,97.67879,97.24284,97.46675,97.84145,98.40601,99.57874,99.0566,99.89325,99.92436,99.93342,99.92749,99.80364,99.45713,100.4151,100.3606,100.304,100.2514,100.1763,100.93299999999999
201502,99.04956,99.40035,99.70349,99.98169,99.85049000000001,97.77853,96.99318000000001,97.24284,97.46675,97.84145,99.33984,98.81756999999999,99.83099,99.89325,99.92436,99.93342,99.85481999999999,99.39346,100.4612,100.4151,100.3606,100.304,100.1786,100.8223
201503,98.94654,99.04956,99.40035,99.70349,99.90153000000001,98.7614,96.61363,96.99318000000001,97.24284,97.46675,99.01077,99.32705,99.74211,99.83099,99.89325,99.92436,99.90104000000001,99.42995,100.4939,100.4612,100.4151,100.3606,100.2074,100.6605
201504,99.40083,98.94654,99.04956,99.40035,100.2131,99.78114000000001,96.44519,96.61363,96.99318000000001,97.24284,98.40601,100.0276,99.64480999999999,99.74211,99.83099,99.89325,99.92749,99.5302,100.5119,100.4939,100.4612,100.4151,100.2514,100.4782
201505,99.43579,99.40083,98.94654,99.04956,99.98169,100.4126,96.36336999999999,96.44519,96.61363,96.99318000000001,97.84145,100.1076,99.54233,99.64480999999999,99.74211,99.83099,99.93342,99.64453,100.5148,100.5119,100.4939,100.4612,100.304,100.3193
201506,98.99277,99.43579,99.40083,98.94654,99.70349,100.4171,96.28416,96.36336999999999,96.44519,96.61363,97.46675,99.82889,99.44041,99.54233,99.64480999999999,99.74211,99.92436,99.73969,100.50299999999999,100.5148,100.5119,100.4939,100.3606,100.2183
201507,98.55759,98.99277,99.43579,99.40083,99.40035,100.0753,95.87324,96.28416,96.36336999999999,96.44519,97.24284,99.57874,99.37305,99.44041,99.54233,99.64480999999999,99.89325,99.80364,100.477,100.50299999999999,100.5148,100.5119,100.4151,100.1763
201508,98.21855,98.55759,98.99277,99.43579,99.04956,99.85049000000001,95.38443000000001,95.87324,96.28416,96.36336999999999,96.99318000000001,99.33984,99.31398,99.37305,99.44041,99.54233,99.83099,99.85481999999999,100.4371,100.477,100.50299999999999,100.5148,100.4612,100.1786
201509,98.01666999999999,98.21855,98.55759,98.99277,98.94654,99.90153000000001,95.44145999999999,95.38443000000001,95.87324,96.28416,96.61363,99.01077,99.26218,99.31398,99.37305,99.44041,99.74211,99.90104000000001,100.3831,100.4371,100.477,100.50299999999999,100.4939,100.2074
201510,98.72273,98.01666999999999,98.21855,98.55759,99.40083,100.2131,96.71467,95.44145999999999,95.38443000000001,95.87324,96.44519,98.40601,99.21174,99.26218,99.31398,99.37305,99.64480999999999,99.92749,100.3159,100.3831,100.4371,100.477,100.5119,100.2514
201511,99.73781,98.72273,98.01666999999999,98.21855,99.43579,99.98169,98.51773,96.71467,95.44145999999999,95.38443000000001,96.36336999999999,97.84145,99.13148000000001,99.21174,99.26218,99.31398,99.54233,99.93342,100.2355,100.3159,100.3831,100.4371,100.5148,100.304
201512,100.2917,99.73781,98.72273,98.01666999999999,98.99277,99.70349,99.03187,98.51773,96.71467,95.44145999999999,96.28416,97.46675,98.98687,99.13148000000001,99.21174,99.26218,99.44041,99.92436,100.141,100.2355,100.3159,100.3831,100.50299999999999,100.3606
201601,100.2704,100.2917,99.73781,98.72273,98.55759,99.40035,98.55419,99.03187,98.51773,96.71467,95.87324,97.24284,98.79459,98.98687,99.13148000000001,99.21174,99.37305,99.89325,100.03,100.141,100.2355,100.3159,100.477,100.4151
201602,99.86758,100.2704,100.2917,99.73781,98.21855,99.04956,97.72863000000001,98.55419,99.03187,98.51773,95.38443000000001,96.99318000000001,98.64388000000001,98.79459,98.98687,99.13148000000001,99.31398,99.83099,99.89824,100.03,100.141,100.2355,100.4371,100.4612
201603,99.52589,99.86758,100.2704,100.2917,98.01666999999999,98.94654,97.33459,97.72863000000001,98.55419,99.03187,95.44145999999999,96.61363,98.62955,98.64388000000001,98.79459,98.98687,99.26218,99.74211,99.7386,99.89824,100.03,100.141,100.3831,100.4939
201604,99.23470999999999,99.52589,99.86758,100.2704,98.72273,99.40083,97.36198,97.33459,97.72863000000001,98.55419,96.71467,96.44519,98.74526,98.62955,98.64388000000001,98.79459,99.21174,99.64480999999999,99.54285,99.7386,99.89824,100.03,100.3159,100.5119
201605,99.11415,99.23470999999999,99.52589,99.86758,99.73781,99.43579,97.53179,97.36198,97.33459,97.72863000000001,98.51773,96.36336999999999,98.96199,98.74526,98.62955,98.64388000000001,99.13148000000001,99.54233,99.31079,99.54285,99.7386,99.89824,100.2355,100.5148
201606,99.37724,99.11415,99.23470999999999,99.52589,100.2917,98.99277,97.78189,97.53179,97.36198,97.33459,99.03187,96.28416,99.21405,98.96199,98.74526,98.62955,98.98687,99.44041,99.06227,99.31079,99.54285,99.7386,100.141,100.50299999999999
201607,99.68604,99.37724,99.11415,99.23470999999999,100.2704,98.55759,98.1992,97.78189,97.53179,97.36198,98.55419,95.87324,99.43205999999999,99.21405,98.96199,98.74526,98.79459,99.37305,98.85152,99.06227,99.31079,99.54285,100.03,100.477
201608,99.59236999999999,99.68604,99.37724,99.11415,99.86758,98.21855,99.00862,98.1992,97.78189,97.53179,97.72863000000001,95.38443000000001,99.56967,99.43205999999999,99.21405,98.96199,98.64388000000001,99.31398,98.7396,98.85152,99.06227,99.31079,99.89824,100.4371
201609,99.85262,99.59236999999999,99.68604,99.37724,99.52589,98.01666999999999,99.31203000000001,99.00862,98.1992,97.78189,97.33459,95.44145999999999,99.65609,99.56967,99.43205999999999,99.21405,98.62955,99.26218,98.76382,98.7396,98.85152,99.06227,99.7386,100.3831
201610,100.0239,99.85262,99.59236999999999,99.68604,99.23470999999999,98.72273,98.8837,99.31203000000001,99.00862,98.1992,97.36198,96.71467,99.67801999999999,99.65609,99.56967,99.43205999999999,98.74526,99.21174,98.89975,98.76382,98.7396,98.85152,99.54285,100.3159
201611,100.0542,100.0239,99.85262,99.59236999999999,99.11415,99.73781,97.81411999999999,98.8837,99.31203000000001,99.00862,97.53179,98.51773,99.65106,99.67801999999999,99.65609,99.56967,98.96199,99.13148000000001,99.09703,98.89975,98.76382,98.7396,99.31079,100.2355
201612,99.60672,100.0542,100.0239,99.85262,99.37724,100.2917,96.85044,97.81411999999999,98.8837,99.31203000000001,97.78189,99.03187,99.59262,99.65106,99.67801999999999,99.65609,99.21405,98.98687,99.30624,99.09703,98.89975,98.76382,99.06227,100.141
201701,99.22856,99.60672,100.0542,100.0239,99.68604,100.2704,96.66984000000001,96.85044,97.81411999999999,98.8837,98.1992,98.55419,99.56562,99.59262,99.65106,99.67801999999999,99.43205999999999,98.79459,99.50063,99.30624,99.09703,98.89975,98.85152,100.03
201702,99.51083,99.22856,99.60672,100.0542,99.59236999999999,99.86758,96.89217,96.66984000000001,96.85044,97.81411999999999,99.00862,97.72863000000001,99.66179,99.56562,99.59262,99.65106,99.56967,98.64388000000001,99.66815,99.50063,99.30624,99.09703,98.7396,99.89824
201703,99.57694000000001,99.51083,99.22856,99.60672,99.85262,99.52589,97.50851999999999,96.89217,96.66984000000001,96.85044,99.31203000000001,97.33459,99.84773,99.66179,99.56562,99.59262,99.65609,98.62955,99.80459,99.66815,99.50063,99.30624,98.76382,99.7386
201704,99.50276,99.57694000000001,99.51083,99.22856,100.0239,99.23470999999999,98.23704000000001,97.50851999999999,96.89217,96.66984000000001,98.8837,97.36198,100.0834,99.84773,99.66179,99.56562,99.67801999999999,98.74526,99.90823,99.80459,99.66815,99.50063,98.89975,99.54285
201705,99.65382,99.50276,99.57694000000001,99.51083,100.0542,99.11415,98.63775,98.23704000000001,97.50851999999999,96.89217,97.81411999999999,97.53179,100.3504,100.0834,99.84773,99.66179,99.65106,98.96199,99.97925,99.90823,99.80459,99.66815,99.09703,99.31079
201706,100.4562,99.65382,99.50276,99.57694000000001,99.60672,99.37724,98.60733,98.63775,98.23704000000001,97.50851999999999,96.85044,97.78189,100.63,100.3504,100.0834,99.84773,99.59262,99.21405,100.0212,99.97925,99.90823,99.80459,99.30624,99.06227
201707,101.2169,100.4562,99.65382,99.50276,99.22856,99.68604,98.50568,98.60733,98.63775,98.23704000000001,96.66984000000001,98.1992,100.8736,100.63,100.3504,100.0834,99.56562,99.43205999999999,100.0449,100.0212,99.97925,99.90823,99.50063,98.85152
201708,101.7108,101.2169,100.4562,99.65382,99.51083,99.59236999999999,98.2056,98.50568,98.60733,98.63775,96.89217,99.00862,101.0196,100.8736,100.63,100.3504,99.66179,99.56967,100.0627,100.0449,100.0212,99.97925,99.66815,98.7396
201709,102.0807,101.7108,101.2169,100.4562,99.57694000000001,99.85262,97.65491999999999,98.2056,98.50568,98.60733,97.50851999999999,99.31203000000001,101.0533,101.0196,100.8736,100.63,99.84773,99.65609,100.0854,100.0627,100.0449,100.0212,99.80459,98.76382
201710,102.2359,102.0807,101.7108,101.2169,99.50276,100.0239,97.11332,97.65491999999999,98.2056,98.50568,98.23704000000001,98.8837,100.995,101.0533,101.0196,100.8736,100.0834,99.67801999999999,100.1181,100.0854,100.0627,100.0449,99.90823,98.89975
201711,102.0408,102.2359,102.0807,101.7108,99.65382,100.0542,96.85229,97.11332,97.65491999999999,98.2056,98.63775,97.81411999999999,100.8788,100.995,101.0533,101.0196,100.3504,99.65106,100.1626,100.1181,100.0854,100.0627,99.97925,99.09703
201712,101.6146,102.0408,102.2359,102.0807,100.4562,99.60672,97.21172,96.85229,97.11332,97.65491999999999,98.60733,96.85044,100.7272,100.8788,100.995,101.0533,100.63,99.59262,100.2175,100.1626,100.1181,100.0854,100.0212,99.30624
201801,101.3002,101.6146,102.0408,102.2359,101.2169,99.22856,98.09801999999999,97.21172,96.85229,97.11332,98.50568,96.66984000000001,100.554,100.7272,100.8788,100.995,100.8736,99.56562,100.279,100.2175,100.1626,100.1181,100.0449,99.50063
201802,100.9595,101.3002,101.6146,102.0408,101.7108,99.51083,98.61074,98.09801999999999,97.21172,96.85229,98.2056,96.89217,100.3317,100.554,100.7272,100.8788,101.0196,99.66179,100.3431,100.279,100.2175,100.1626,100.0627,99.66815
201803,100.4582,100.9595,101.3002,101.6146,102.0807,99.57694000000001,98.69064,98.61074,98.09801999999999,97.21172,97.65491999999999,97.50851999999999,100.0536,100.3317,100.554,100.7272,101.0533,99.84773,100.40700000000001,100.3431,100.279,100.2175,100.0854,99.80459
