BCI_CHN,CCI_CHN,CLI_CHN,GDP_CHN,Date,BCI_CHN-1,BCI_CHN-2,BCI_CHN-3,BCI_CHN-6,BCI_CHN-12,CCI_CHN-1,CCI_CHN-2,CCI_CHN-3,CCI_CHN-6,CCI_CHN-12,CLI_CHN-1,CLI_CHN-2,CLI_CHN-3,CLI_CHN-6,CLI_CHN-12,GDP_CHN-1,GDP_CHN-2,GDP_CHN-3,GDP_CHN-6,GDP_CHN-12
99.76984,101.1759,98.4141,99.31998,200102,99.52591,99.06551,98.82942,100.181,100.0406,101.1508,101.1074,101.0429,100.7359,100.1207,98.48384,98.589,98.71975,99.33067,100.1455,99.40094,99.4892,99.57498000000001,99.73686,99.53293000000001
99.46925999999999,101.2316,98.3744,99.21459,200103,99.76984,99.52591,99.06551,99.70965,99.96768,101.1759,101.1508,101.1074,100.8641,100.2227,98.4141,98.48384,98.589,99.09129,100.1057,99.31998,99.40094,99.4892,99.70493,99.57842
98.8626,101.3066,98.33028,99.09009,200104,99.46925999999999,99.76984,99.52591,99.134,99.92882,101.2316,101.1759,101.1508,100.9626,100.3248,98.3744,98.4141,98.48384,98.88001,100.0225,99.21459,99.31998,99.40094,99.64903000000001,99.62764
98.27046,101.3545,98.2607,98.95402,200105,98.8626,99.46925999999999,99.76984,98.82942,99.97787,101.3066,101.2316,101.1759,101.0429,100.4289,98.33028,98.3744,98.4141,98.71975,99.90456999999999,99.09009,99.21459,99.31998,99.57498000000001,99.6766
97.91754,101.4218,98.17578,98.81464,200106,98.27046,98.8626,99.46925999999999,99.06551,100.1402,101.3545,101.3066,101.2316,101.1074,100.5184,98.2607,98.33028,98.3744,98.589,99.75248,98.95402,99.09009,99.21459,99.4892,99.71706
97.73991,101.4777,98.08655999999999,98.67955,200107,97.91754,98.27046,98.8626,99.52591,100.2762,101.4218,101.3545,101.3066,101.1508,100.6163,98.17578,98.2607,98.33028,98.48384,99.55651,98.81464,98.95402,99.09009,99.40094,99.74006
97.65079,101.4287,98.02029,98.55614,200108,97.73991,97.91754,98.27046,99.76984,100.181,101.4777,101.4218,101.3545,101.1759,100.7359,98.08655999999999,98.17578,98.2607,98.4141,99.33067,98.67955,98.81464,98.95402,99.31998,99.73686
97.63091999999999,101.3451,97.9968,98.44874,200109,97.65079,97.73991,97.91754,99.46925999999999,99.70965,101.4287,101.4777,101.4218,101.2316,100.8641,98.02029,98.08655999999999,98.17578,98.3744,99.09129,98.55614,98.67955,98.81464,99.21459,99.70493
97.73053,101.2676,98.03607,98.36063,200110,97.63091999999999,97.65079,97.73991,98.8626,99.134,101.3451,101.4287,101.4777,101.3066,100.9626,97.9968,98.02029,98.08655999999999,98.33028,98.88001,98.44874,98.55614,98.67955,99.09009,99.64903000000001
98.08918,101.2099,98.1388,98.29642,200111,97.73053,97.63091999999999,97.65079,98.27046,98.82942,101.2676,101.3451,101.4287,101.3545,101.0429,98.03607,97.9968,98.02029,98.2607,98.71975,98.36063,98.44874,98.55614,98.95402,99.57498000000001
98.83617,101.1959,98.28924,98.25856999999999,200112,98.08918,97.73053,97.63091999999999,97.91754,99.06551,101.2099,101.2676,101.3451,101.4218,101.1074,98.1388,98.03607,97.9968,98.17578,98.589,98.29642,98.36063,98.44874,98.81464,99.4892
99.73188,101.196,98.4725,98.24381,200201,98.83617,98.08918,97.73053,97.73991,99.52591,101.1959,101.2099,101.2676,101.4777,101.1508,98.28924,98.1388,98.03607,98.08655999999999,98.48384,98.25856999999999,98.29642,98.36063,98.67955,99.40094
100.4672,101.2215,98.69527,98.2446,200202,99.73188,98.83617,98.08918,97.65079,99.76984,101.196,101.1959,101.2099,101.4287,101.1759,98.4725,98.28924,98.1388,98.02029,98.4141,98.24381,98.25856999999999,98.29642,98.55614,99.31998
100.8141,101.2443,98.96072,98.27753,200203,100.4672,99.73188,98.83617,97.63091999999999,99.46925999999999,101.2215,101.196,101.1959,101.3451,101.2316,98.69527,98.4725,98.28924,97.9968,98.3744,98.2446,98.24381,98.25856999999999,98.44874,99.21459
100.9371,101.25200000000001,99.21682,98.33404,200204,100.8141,100.4672,99.73188,97.73053,98.8626,101.2443,101.2215,101.196,101.2676,101.3066,98.96072,98.69527,98.4725,98.03607,98.33028,98.27753,98.2446,98.24381,98.36063,99.09009
101.0458,101.2654,99.44411,98.40318,200205,100.9371,100.8141,100.4672,98.08918,98.27046,101.25200000000001,101.2443,101.2215,101.2099,101.3545,99.21682,98.96072,98.69527,98.1388,98.2607,98.33404,98.27753,98.2446,98.29642,98.95402
101.2724,101.2907,99.6414,98.47851,200206,101.0458,100.9371,100.8141,98.83617,97.91754,101.2654,101.25200000000001,101.2443,101.1959,101.4218,99.44411,99.21682,98.96072,98.28924,98.17578,98.40318,98.33404,98.27753,98.25856999999999,98.81464
101.5628,101.3059,99.80991,98.5619,200207,101.2724,101.0458,100.9371,99.73188,97.73991,101.2907,101.2654,101.25200000000001,101.196,101.4777,99.6414,99.44411,99.21682,98.4725,98.08655999999999,98.47851,98.40318,98.33404,98.24381,98.67955
101.7984,101.3164,99.95921,98.65357,200208,101.5628,101.2724,101.0458,100.4672,97.65079,101.3059,101.2907,101.2654,101.2215,101.4287,99.80991,99.6414,99.44411,98.69527,98.02029,98.5619,98.47851,98.40318,98.2446,98.55614
101.8555,101.3399,100.1115,98.75323,200209,101.7984,101.5628,101.2724,100.8141,97.63091999999999,101.3164,101.3059,101.2907,101.2443,101.3451,99.95921,99.80991,99.6414,98.96072,97.9968,98.65357,98.5619,98.47851,98.27753,98.44874
101.7174,101.3958,100.2759,98.8572,200210,101.8555,101.7984,101.5628,100.9371,97.73053,101.3399,101.3164,101.3059,101.25200000000001,101.2676,100.1115,99.95921,99.80991,99.21682,98.03607,98.75323,98.65357,98.5619,98.33404,98.36063
101.3307,101.4817,100.4433,98.9631,200211,101.7174,101.8555,101.7984,101.0458,98.08918,101.3958,101.3399,101.3164,101.2654,101.2099,100.2759,100.1115,99.95921,99.44411,98.1388,98.8572,98.75323,98.65357,98.40318,98.29642
100.6561,101.55799999999999,100.588,99.06700000000001,200212,101.3307,101.7174,101.8555,101.2724,98.83617,101.4817,101.3958,101.3399,101.2907,101.1959,100.4433,100.2759,100.1115,99.6414,98.28924,98.9631,98.8572,98.75323,98.47851,98.25856999999999
99.96799,101.5428,100.7001,99.16035,200301,100.6561,101.3307,101.7174,101.5628,99.73188,101.55799999999999,101.4817,101.3958,101.3059,101.196,100.588,100.4433,100.2759,99.80991,98.4725,99.06700000000001,98.9631,98.8572,98.5619,98.24381
99.65669,101.1953,100.7841,99.23052,200302,99.96799,100.6561,101.3307,101.7984,100.4672,101.5428,101.55799999999999,101.4817,101.3164,101.2215,100.7001,100.588,100.4433,99.95921,98.69527,99.16035,99.06700000000001,98.9631,98.65357,98.2446
100.045,100.2121,100.8536,99.2895,200303,99.65669,99.96799,100.6561,101.8555,100.8141,101.1953,101.5428,101.55799999999999,101.3399,101.2443,100.7841,100.7001,100.588,100.1115,98.96072,99.23052,99.16035,99.06700000000001,98.75323,98.27753
100.8271,98.61474,100.9048,99.34867,200304,100.045,99.65669,99.96799,101.7174,100.9371,100.2121,101.1953,101.5428,101.3958,101.25200000000001,100.8536,100.7841,100.7001,100.2759,99.21682,99.2895,99.23052,99.16035,98.8572,98.33404
101.6398,97.65228,100.9372,99.41676,200305,100.8271,100.045,99.65669,101.3307,101.0458,98.61474,100.2121,101.1953,101.4817,101.2654,100.9048,100.8536,100.7841,100.4433,99.44411,99.34867,99.2895,99.23052,98.9631,98.40318
102.2397,97.79701,100.9661,99.49552,200306,101.6398,100.8271,100.045,100.6561,101.2724,97.65228,98.61474,100.2121,101.55799999999999,101.2907,100.9372,100.9048,100.8536,100.588,99.6414,99.41676,99.34867,99.2895,99.06700000000001,98.47851
102.649,98.49280999999999,100.9949,99.5777,200307,102.2397,101.6398,100.8271,99.96799,101.5628,97.79701,97.65228,98.61474,101.5428,101.3059,100.9661,100.9372,100.9048,100.7001,99.80991,99.49552,99.41676,99.34867,99.16035,98.5619
102.9055,99.18409,101.0294,99.65571,200308,102.649,102.2397,101.6398,99.65669,101.7984,98.49280999999999,97.79701,97.65228,101.1953,101.3164,100.9949,100.9661,100.9372,100.7841,99.95921,99.5777,99.49552,99.41676,99.23052,98.65357
103.0011,99.67201999999999,101.0738,99.72397,200309,102.9055,102.649,102.2397,100.045,101.8555,99.18409,98.49280999999999,97.79701,100.2121,101.3399,101.0294,100.9949,100.9661,100.8536,100.1115,99.65571,99.5777,99.49552,99.2895,98.75323
102.9745,100.0303,101.1166,99.77956,200310,103.0011,102.9055,102.649,100.8271,101.7174,99.67201999999999,99.18409,98.49280999999999,98.61474,101.3958,101.0738,101.0294,100.9949,100.9048,100.2759,99.72397,99.65571,99.5777,99.34867,98.8572
102.8155,100.2793,101.1539,99.81947,200311,102.9745,103.0011,102.9055,101.6398,101.3307,100.0303,99.67201999999999,99.18409,97.65228,101.4817,101.1166,101.0738,101.0294,100.9372,100.4433,99.77956,99.72397,99.65571,99.41676,98.9631
102.492,100.4724,101.1723,99.84529,200312,102.8155,102.9745,103.0011,102.2397,100.6561,100.2793,100.0303,99.67201999999999,97.79701,101.55799999999999,101.1539,101.1166,101.0738,100.9661,100.588,99.81947,99.77956,99.72397,99.49552,99.06700000000001
102.1084,100.569,101.1568,99.86617,200401,102.492,102.8155,102.9745,102.649,99.96799,100.4724,100.2793,100.0303,98.49280999999999,101.5428,101.1723,101.1539,101.1166,100.9949,100.7001,99.84529,99.81947,99.77956,99.5777,99.16035
101.7937,100.5646,101.1097,99.90138,200402,102.1084,102.492,102.8155,102.9055,99.65669,100.569,100.4724,100.2793,99.18409,101.1953,101.1568,101.1723,101.1539,101.0294,100.7841,99.86617,99.84529,99.81947,99.65571,99.23052
101.6483,100.4352,101.0135,99.9356,200403,101.7937,102.1084,102.492,103.0011,100.045,100.5646,100.569,100.4724,99.67201999999999,100.2121,101.1097,101.1568,101.1723,101.0738,100.8536,99.90138,99.86617,99.84529,99.72397,99.2895
101.6236,100.0606,100.874,99.95812,200404,101.6483,101.7937,102.1084,102.9745,100.8271,100.4352,100.5646,100.569,100.0303,98.61474,101.0135,101.1097,101.1568,101.1166,100.9048,99.9356,99.90138,99.86617,99.77956,99.34867
101.6669,99.4343,100.7207,99.96884,200405,101.6236,101.6483,101.7937,102.8155,101.6398,100.0606,100.4352,100.5646,100.2793,97.65228,100.874,101.0135,101.1097,101.1539,100.9372,99.95812,99.9356,99.90138,99.81947,99.41676
101.7461,98.87686,100.5994,99.97527,200406,101.6669,101.6236,101.6483,102.492,102.2397,99.4343,100.0606,100.4352,100.4724,97.79701,100.7207,100.874,101.0135,101.1723,100.9661,99.96884,99.95812,99.9356,99.84529,99.49552
101.8068,98.69064,100.5213,99.98210999999999,200407,101.7461,101.6669,101.6236,102.1084,102.649,98.87686,99.4343,100.0606,100.569,98.49280999999999,100.5994,100.7207,100.874,101.1568,100.9949,99.97527,99.96884,99.95812,99.86617,99.5777
101.7796,98.70561,100.48100000000001,99.98787,200408,101.8068,101.7461,101.6669,101.7937,102.9055,98.69064,98.87686,99.4343,100.5646,99.18409,100.5213,100.5994,100.7207,101.1097,101.0294,99.98210999999999,99.97527,99.96884,99.90138,99.65571
101.6073,98.87026999999999,100.4571,99.98901,200409,101.7796,101.8068,101.7461,101.6483,103.0011,98.70561,98.69064,98.87686,100.4352,99.67201999999999,100.48100000000001,100.5213,100.5994,101.0135,101.0738,99.98787,99.98210999999999,99.97527,99.9356,99.72397
101.3587,99.11525999999999,100.4243,99.98389,200410,101.6073,101.7796,101.8068,101.6236,102.9745,98.87026999999999,98.70561,98.69064,100.0606,100.0303,100.4571,100.48100000000001,100.5213,100.874,101.1166,99.98901,99.98787,99.98210999999999,99.95812,99.77956
101.1396,99.39108,100.3844,99.9705,200411,101.3587,101.6073,101.7796,101.6669,102.8155,99.11525999999999,98.87026999999999,98.70561,99.4343,100.2793,100.4243,100.4571,100.48100000000001,100.7207,101.1539,99.98389,99.98901,99.98787,99.96884,99.81947
101.08,99.62536,100.3285,99.95087,200412,101.1396,101.3587,101.6073,101.7461,102.492,99.39108,99.11525999999999,98.87026999999999,98.87686,100.4724,100.3844,100.4243,100.4571,100.5994,101.1723,99.9705,99.98389,99.98901,99.97527,99.84529
101.291,99.81132,100.2706,99.9286,200501,101.08,101.1396,101.3587,101.8068,102.1084,99.62536,99.39108,99.11525999999999,98.69064,100.569,100.3285,100.3844,100.4243,100.5213,101.1568,99.95087,99.9705,99.98389,99.98210999999999,99.86617
101.6636,99.97577,100.236,99.90904,200502,101.291,101.08,101.1396,101.7796,101.7937,99.81132,99.62536,99.39108,98.70561,100.5646,100.2706,100.3285,100.3844,100.48100000000001,101.1097,99.9286,99.95087,99.9705,99.98787,99.90138
102.0233,100.1146,100.2448,99.90315,200503,101.6636,101.291,101.08,101.6073,101.6483,99.97577,99.81132,99.62536,98.87026999999999,100.4352,100.236,100.2706,100.3285,100.4571,101.0135,99.90904,99.9286,99.95087,99.98901,99.9356
101.6531,100.1902,100.2824,99.90905,200504,102.0233,101.6636,101.291,101.3587,101.6236,100.1146,99.97577,99.81132,99.11525999999999,100.0606,100.2448,100.236,100.2706,100.4243,100.874,99.90315,99.90904,99.9286,99.98389,99.95812
100.7125,100.1948,100.3346,99.92426,200505,101.6531,102.0233,101.6636,101.1396,101.6669,100.1902,100.1146,99.97577,99.39108,99.4343,100.2824,100.2448,100.236,100.3844,100.7207,99.90905,99.90315,99.90904,99.9705,99.96884
99.98029,100.1966,100.3955,99.95185,200506,100.7125,101.6531,102.0233,101.08,101.7461,100.1948,100.1902,100.1146,99.62536,98.87686,100.3346,100.2824,100.2448,100.3285,100.5994,99.92426,99.90905,99.90315,99.95087,99.97527
99.80666,100.17299999999999,100.4366,99.99342,200507,99.98029,100.7125,101.6531,101.291,101.8068,100.1966,100.1948,100.1902,99.81132,98.69064,100.3955,100.3346,100.2824,100.2706,100.5213,99.95185,99.92426,99.90905,99.9286,99.98210999999999
100.2176,100.1302,100.44,100.0428,200508,99.80666,99.98029,100.7125,101.6636,101.7796,100.17299999999999,100.1966,100.1948,99.97577,98.70561,100.4366,100.3955,100.3346,100.236,100.48100000000001,99.99342,99.95185,99.92426,99.90904,99.98787
100.7746,100.0463,100.4034,100.0921,200509,100.2176,99.80666,99.98029,102.0233,101.6073,100.1302,100.17299999999999,100.1966,100.1146,98.87026999999999,100.44,100.4366,100.3955,100.2448,100.4571,100.0428,99.99342,99.95185,99.90315,99.98901
100.9486,99.9539,100.3594,100.1359,200510,100.7746,100.2176,99.80666,101.6531,101.3587,100.0463,100.1302,100.17299999999999,100.1902,99.11525999999999,100.4034,100.44,100.4366,100.2824,100.4243,100.0921,100.0428,99.99342,99.90905,99.98389
100.8709,99.94355999999999,100.3398,100.169,200511,100.9486,100.7746,100.2176,100.7125,101.1396,99.9539,100.0463,100.1302,100.1948,99.39108,100.3594,100.4034,100.44,100.3346,100.3844,100.1359,100.0921,100.0428,99.92426,99.9705
100.6361,100.0133,100.3521,100.1914,200512,100.8709,100.9486,100.7746,99.98029,101.08,99.94355999999999,99.9539,100.0463,100.1966,99.62536,100.3398,100.3594,100.4034,100.3955,100.3285,100.169,100.1359,100.0921,99.95185,99.95087
100.3795,100.0382,100.3982,100.2094,200601,100.6361,100.8709,100.9486,99.80666,101.291,100.0133,99.94355999999999,99.9539,100.17299999999999,99.81132,100.3521,100.3398,100.3594,100.4366,100.2706,100.1914,100.169,100.1359,99.99342,99.9286
100.6167,99.98454,100.4754,100.2353,200602,100.3795,100.6361,100.8709,100.2176,101.6636,100.0382,100.0133,99.94355999999999,100.1302,99.97577,100.3982,100.3521,100.3398,100.44,100.236,100.2094,100.1914,100.169,100.0428,99.90904
101.3495,99.96514,100.5776,100.2532,200603,100.6167,100.3795,100.6361,100.7746,102.0233,99.98454,100.0382,100.0133,100.0463,100.1146,100.4754,100.3982,100.3521,100.4034,100.2448,100.2353,100.2094,100.1914,100.0921,99.90315
101.8282,99.92926999999999,100.6931,100.2657,200604,101.3495,100.6167,100.3795,100.9486,101.6531,99.96514,99.98454,100.0382,99.9539,100.1902,100.5776,100.4754,100.3982,100.3594,100.2824,100.2532,100.2353,100.2094,100.1359,99.90905
101.4931,99.92465,100.7931,100.2757,200605,101.8282,101.3495,100.6167,100.8709,100.7125,99.92926999999999,99.96514,99.98454,99.94355999999999,100.1948,100.6931,100.5776,100.4754,100.3398,100.3346,100.2657,100.2532,100.2353,100.169,99.92426
100.9611,99.97154,100.8553,100.2879,200606,101.4931,101.8282,101.3495,100.6361,99.98029,99.92465,99.92926999999999,99.96514,100.0133,100.1966,100.7931,100.6931,100.5776,100.3521,100.3955,100.2757,100.2657,100.2532,100.1914,99.95185
100.6338,100.0673,100.8868,100.3085,200607,100.9611,101.4931,101.8282,100.3795,99.80666,99.97154,99.92465,99.92926999999999,100.0382,100.17299999999999,100.8553,100.7931,100.6931,100.3982,100.4366,100.2879,100.2757,100.2657,100.2094,99.99342
100.8637,100.2609,100.9311,100.3448,200608,100.6338,100.9611,101.4931,100.6167,100.2176,100.0673,99.97154,99.92465,99.98454,100.1302,100.8868,100.8553,100.7931,100.4754,100.44,100.3085,100.2879,100.2757,100.2353,100.0428
101.3918,100.5169,101.0299,100.4018,200609,100.8637,100.6338,100.9611,101.3495,100.7746,100.2609,100.0673,99.97154,99.96514,100.0463,100.9311,100.8868,100.8553,100.5776,100.4034,100.3448,100.3085,100.2879,100.2532,100.0921
101.484,100.7074,101.1991,100.4817,200610,101.3918,100.8637,100.6338,101.8282,100.9486,100.5169,100.2609,100.0673,99.92926999999999,99.9539,101.0299,100.9311,100.8868,100.6931,100.3594,100.4018,100.3448,100.3085,100.2657,100.1359
101.4435,100.8668,101.4254,100.5818,200611,101.484,101.3918,100.8637,101.4931,100.8709,100.7074,100.5169,100.2609,99.92465,99.94355999999999,101.1991,101.0299,100.9311,100.7931,100.3398,100.4817,100.4018,100.3448,100.2757,100.169
101.3151,100.9601,101.6667,100.695,200612,101.4435,101.484,101.3918,100.9611,100.6361,100.8668,100.7074,100.5169,99.97154,100.0133,101.4254,101.1991,101.0299,100.8553,100.3521,100.5818,100.4817,100.4018,100.2879,100.1914
101.2399,100.8856,101.8976,100.8123,200701,101.3151,101.4435,101.484,100.6338,100.3795,100.9601,100.8668,100.7074,100.0673,100.0382,101.6667,101.4254,101.1991,100.8868,100.3982,100.695,100.5818,100.4817,100.3085,100.2094
101.3215,100.75399999999999,102.1142,100.9194,200702,101.2399,101.3151,101.4435,100.8637,100.6167,100.8856,100.9601,100.8668,100.2609,99.98454,101.8976,101.6667,101.4254,100.9311,100.4754,100.8123,100.695,100.5818,100.3448,100.2353
101.8592,100.7037,102.3265,101.0252,200703,101.3215,101.2399,101.3151,101.3918,101.3495,100.75399999999999,100.8856,100.9601,100.5169,99.96514,102.1142,101.8976,101.6667,101.0299,100.5776,100.9194,100.8123,100.695,100.4018,100.2532
102.219,100.8467,102.5118,101.1323,200704,101.8592,101.3215,101.2399,101.484,101.8282,100.7037,100.75399999999999,100.8856,100.7074,99.92926999999999,102.3265,102.1142,101.8976,101.1991,100.6931,101.0252,100.9194,100.8123,100.4817,100.2657
101.8659,101.0432,102.6405,101.2389,200705,102.219,101.8592,101.3215,101.4435,101.4931,100.8467,100.7037,100.75399999999999,100.8668,99.92465,102.5118,102.3265,102.1142,101.4254,100.7931,101.1323,101.0252,100.9194,100.5818,100.2757
101.3124,101.1959,102.6993,101.3436,200706,101.8659,102.219,101.8592,101.3151,100.9611,101.0432,100.8467,100.7037,100.9601,99.97154,102.6405,102.5118,102.3265,101.6667,100.8553,101.2389,101.1323,101.0252,100.695,100.2879
100.9537,101.2234,102.69,101.4445,200707,101.3124,101.8659,102.219,101.2399,100.6338,101.1959,101.0432,100.8467,100.8856,100.0673,102.6993,102.6405,102.5118,101.8976,100.8868,101.3436,101.2389,101.1323,100.8123,100.3085
100.9938,101.223,102.633,101.542,200708,100.9537,101.3124,101.8659,101.3215,100.8637,101.2234,101.1959,101.0432,100.75399999999999,100.2609,102.69,102.6993,102.6405,102.1142,100.9311,101.4445,101.3436,101.2389,100.9194,100.3448
101.1764,101.1525,102.5148,101.6321,200709,100.9938,100.9537,101.3124,101.8592,101.3918,101.223,101.2234,101.1959,100.7037,100.5169,102.633,102.69,102.6993,102.3265,101.0299,101.542,101.4445,101.3436,101.0252,100.4018
101.1107,101.04799999999999,102.325,101.7055,200710,101.1764,100.9938,100.9537,102.219,101.484,101.1525,101.223,101.2234,100.8467,100.7074,102.5148,102.633,102.69,102.5118,101.1991,101.6321,101.542,101.4445,101.1323,100.4817
101.1877,100.958,102.0757,101.7519,200711,101.1107,101.1764,100.9938,101.8659,101.4435,101.04799999999999,101.1525,101.223,101.0432,100.8668,102.325,102.5148,102.633,102.6405,101.4254,101.7055,101.6321,101.542,101.2389,100.5818
101.1287,100.869,101.7765,101.7602,200712,101.1877,101.1107,101.1764,101.3124,101.3151,100.958,101.04799999999999,101.1525,101.1959,100.9601,102.0757,102.325,102.5148,102.6993,101.6667,101.7519,101.7055,101.6321,101.3436,100.695
101.0591,100.6098,101.42,101.72,200801,101.1287,101.1877,101.1107,100.9537,101.2399,100.869,100.958,101.04799999999999,101.2234,100.8856,101.7765,102.0757,102.325,102.69,101.8976,101.7602,101.7519,101.7055,101.4445,100.8123
101.5154,100.3129,100.9928,101.6203,200802,101.0591,101.1287,101.1877,100.9938,101.3215,100.6098,100.869,100.958,101.223,100.75399999999999,101.42,101.7765,102.0757,102.633,102.1142,101.72,101.7602,101.7519,101.542,100.9194
102.3112,100.1468,100.5026,101.4616,200803,101.5154,101.0591,101.1287,101.1764,101.8592,100.3129,100.6098,100.869,101.1525,100.7037,100.9928,101.42,101.7765,102.5148,102.3265,101.6203,101.72,101.7602,101.6321,101.0252
102.2903,100.0637,99.92426,101.2386,200804,102.3112,101.5154,101.0591,101.1107,102.219,100.1468,100.3129,100.6098,101.04799999999999,100.8467,100.5026,100.9928,101.42,102.325,102.5118,101.4616,101.6203,101.72,101.7055,101.1323
101.147,100.07,99.24795999999999,100.9484,200805,102.2903,102.3112,101.5154,101.1877,101.8659,100.0637,100.1468,100.3129,100.958,101.0432,99.92426,100.5026,100.9928,102.0757,102.6405,101.2386,101.4616,101.6203,101.7519,101.2389
99.86522,100.0909,98.48501,100.5911,200806,101.147,102.2903,102.3112,101.1287,101.3124,100.07,100.0637,100.1468,100.869,101.1959,99.24795999999999,99.92426,100.5026,101.7765,102.6993,100.9484,101.2386,101.4616,101.7602,101.3436
98.77538,100.07799999999999,97.68083,100.1736,200807,99.86522,101.147,102.2903,101.0591,100.9537,100.0909,100.07,100.0637,100.6098,101.2234,98.48501,99.24795999999999,99.92426,101.42,102.69,100.5911,100.9484,101.2386,101.72,101.4445
98.15562,99.93104,96.89198,99.71436,200808,98.77538,99.86522,101.147,101.5154,100.9938,100.07799999999999,100.0909,100.07,100.3129,101.223,97.68083,98.48501,99.24795999999999,100.9928,102.633,100.1736,100.5911,100.9484,101.6203,101.542
97.4383,99.64078,96.20464,99.24223,200809,98.15562,98.77538,99.86522,102.3112,101.1764,99.93104,100.07799999999999,100.0909,100.1468,101.1525,96.89198,97.68083,98.48501,100.5026,102.5148,99.71436,100.1736,100.5911,101.4616,101.6321
95.82967,99.12012,95.68975999999999,98.79155,200810,97.4383,98.15562,98.77538,102.2903,101.1107,99.64078,99.93104,100.07799999999999,100.0637,101.04799999999999,96.20464,96.89198,97.68083,99.92426,102.325,99.24223,99.71436,100.1736,101.2386,101.7055
94.49223,98.36489,95.40585,98.40324,200811,95.82967,97.4383,98.15562,101.147,101.1877,99.12012,99.64078,99.93104,100.07,100.958,95.68975999999999,96.20464,96.89198,99.24795999999999,102.0757,98.79155,99.24223,99.71436,100.9484,101.7519
94.70013,97.60225,95.38638,98.11376,200812,94.49223,95.82967,97.4383,99.86522,101.1287,98.36489,99.12012,99.64078,100.0909,100.869,95.40585,95.68975999999999,96.20464,98.48501,101.7765,98.40324,98.79155,99.24223,100.5911,101.7602
96.14211,97.12321,95.62801,97.94346,200901,94.70013,94.49223,95.82967,98.77538,101.0591,97.60225,98.36489,99.12012,100.07799999999999,100.6098,95.38638,95.40585,95.68975999999999,97.68083,101.42,98.11376,98.40324,98.79155,100.1736,101.72
97.96923000000001,96.87985,96.10048,97.9025,200902,96.14211,94.70013,94.49223,98.15562,101.5154,97.12321,97.60225,98.36489,99.93104,100.3129,95.62801,95.38638,95.40585,96.89198,100.9928,97.94346,98.11376,98.40324,99.71436,101.6203
99.49809,96.77766,96.71415999999999,97.97968,200903,97.96923000000001,96.14211,94.70013,97.4383,102.3112,96.87985,97.12321,97.60225,99.64078,100.1468,96.10048,95.62801,95.38638,96.20464,100.5026,97.9025,97.94346,98.11376,99.24223,101.4616
100.3195,96.81484,97.40918,98.14446,200904,99.49809,97.96923000000001,96.14211,95.82967,102.2903,96.77766,96.87985,97.12321,99.12012,100.0637,96.71415999999999,96.10048,95.62801,95.68975999999999,99.92426,97.97968,97.9025,97.94346,98.79155,101.2386
100.5486,96.94174,98.14423000000001,98.36887,200905,100.3195,99.49809,97.96923000000001,94.49223,101.147,96.81484,96.77766,96.87985,98.36489,100.07,97.40918,96.71415999999999,96.10048,95.40585,99.24795999999999,98.14446,97.97968,97.9025,98.40324,100.9484
100.5787,97.09303,98.8874,98.62252,200906,100.5486,100.3195,99.49809,94.70013,99.86522,96.94174,96.81484,96.77766,97.60225,100.0909,98.14423000000001,97.40918,96.71415999999999,95.38638,98.48501,98.36887,98.14446,97.97968,98.11376,100.5911
100.6434,97.30357,99.57909000000001,98.87846,200907,100.5787,100.5486,100.3195,96.14211,98.77538,97.09303,96.94174,96.81484,97.12321,100.07799999999999,98.8874,98.14423000000001,97.40918,95.62801,97.68083,98.62252,98.36887,98.14446,97.94346,100.1736
100.8385,97.48774,100.1543,99.12098,200908,100.6434,100.5787,100.5486,97.96923000000001,98.15562,97.30357,97.09303,96.94174,96.87985,99.93104,99.57909000000001,98.8874,98.14423000000001,96.10048,96.89198,98.87846,98.62252,98.36887,97.9025,99.71436
101.1094,97.61046999999999,100.5996,99.34016,200909,100.8385,100.6434,100.5787,99.49809,97.4383,97.48774,97.30357,97.09303,96.77766,99.64078,100.1543,99.57909000000001,98.8874,96.71415999999999,96.20464,99.12098,98.87846,98.62252,97.97968,99.24223
101.4226,97.7111,100.9258,99.52856,200910,101.1094,100.8385,100.6434,100.3195,95.82967,97.61046999999999,97.48774,97.30357,96.81484,99.12012,100.5996,100.1543,99.57909000000001,97.40918,95.68975999999999,99.34016,99.12098,98.87846,98.14446,98.79155
101.6517,97.81534,101.1441,99.68254,200911,101.4226,101.1094,100.8385,100.5486,94.49223,97.7111,97.61046999999999,97.48774,96.94174,98.36489,100.9258,100.5996,100.1543,98.14423000000001,95.40585,99.52856,99.34016,99.12098,98.36887,98.40324
101.7348,97.9734,101.2333,99.80039000000001,200912,101.6517,101.4226,101.1094,100.5787,94.70013,97.81534,97.7111,97.61046999999999,97.09303,97.60225,101.1441,100.9258,100.5996,98.8874,95.38638,99.68254,99.52856,99.34016,98.62252,98.11376
101.4458,98.19038,101.2035,99.88407,201001,101.7348,101.6517,101.4226,100.6434,96.14211,97.9734,97.81534,97.7111,97.30357,97.12321,101.2333,101.1441,100.9258,99.57909000000001,95.62801,99.80039000000001,99.68254,99.52856,98.87846,97.94346
101.0438,98.47638,101.0876,99.93462,201002,101.4458,101.7348,101.6517,100.8385,97.96923000000001,98.19038,97.9734,97.81534,97.48774,96.87985,101.2035,101.2333,101.1441,100.1543,96.10048,99.88407,99.80039000000001,99.68254,99.12098,97.9025
101.1431,98.90689,100.9337,99.9621,201003,101.0438,101.4458,101.7348,101.1094,99.49809,98.47638,98.19038,97.9734,97.61046999999999,96.77766,101.0876,101.2035,101.2333,100.5996,96.71415999999999,99.93462,99.88407,99.80039000000001,99.34016,97.97968
101.1273,99.16346999999999,100.7488,99.97153,201004,101.1431,101.0438,101.4458,101.4226,100.3195,98.90689,98.47638,98.19038,97.7111,96.81484,100.9337,101.0876,101.2035,100.9258,97.40918,99.9621,99.93462,99.88407,99.52856,98.14446
100.6719,99.38638,100.5484,99.9689,201005,101.1273,101.1431,101.0438,101.6517,100.5486,99.16346999999999,98.90689,98.47638,97.81534,96.94174,100.7488,100.9337,101.0876,101.1441,98.14423000000001,99.97153,99.9621,99.93462,99.68254,98.36887
100.0741,99.46724,100.3749,99.96436,201006,100.6719,101.1273,101.1431,101.7348,100.5787,99.38638,99.16346999999999,98.90689,97.9734,97.09303,100.5484,100.7488,100.9337,101.2333,98.8874,99.9689,99.97153,99.9621,99.80039000000001,98.62252
99.7663,99.31156999999999,100.2721,99.97169,201007,100.0741,100.6719,101.1273,101.4458,100.6434,99.46724,99.38638,99.16346999999999,98.19038,97.30357,100.3749,100.5484,100.7488,101.2035,99.57909000000001,99.96436,99.9689,99.97153,99.88407,98.87846
99.97231,98.9314,100.2512,99.99936,201008,99.7663,100.0741,100.6719,101.0438,100.8385,99.31156999999999,99.46724,99.38638,98.47638,97.48774,100.2721,100.3749,100.5484,101.0876,100.1543,99.97169,99.96436,99.9689,99.93462,99.12098
100.5441,98.35815,100.2995,100.0507,201009,99.97231,99.7663,100.0741,101.1431,101.1094,98.9314,99.31156999999999,99.46724,98.90689,97.61046999999999,100.2512,100.2721,100.3749,100.9337,100.5996,99.99936,99.97169,99.96436,99.9621,99.34016
101.0173,97.84940999999999,100.3949,100.1275,201010,100.5441,99.97231,99.7663,101.1273,101.4226,98.35815,98.9314,99.31156999999999,99.16346999999999,97.7111,100.2995,100.2512,100.2721,100.7488,100.9258,100.0507,99.99936,99.97169,99.97153,99.52856
101.1386,97.35233000000001,100.4964,100.2279,201011,101.0173,100.5441,99.97231,100.6719,101.6517,97.84940999999999,98.35815,98.9314,99.38638,97.81534,100.3949,100.2995,100.2512,100.5484,101.1441,100.1275,100.0507,99.99936,99.9689,99.68254
100.863,96.90835,100.5776,100.3458,201012,101.1386,101.0173,100.5441,100.0741,101.7348,97.35233000000001,97.84940999999999,98.35815,99.46724,97.9734,100.4964,100.3949,100.2995,100.3749,101.2333,100.2279,100.1275,100.0507,99.96436,99.80039000000001
100.4939,96.83807,100.6418,100.4737,201101,100.863,101.1386,101.0173,99.7663,101.4458,96.90835,97.35233000000001,97.84940999999999,99.31156999999999,98.19038,100.5776,100.4964,100.3949,100.2721,101.2035,100.3458,100.2279,100.1275,99.97169,99.88407
100.2793,97.31824,100.6982,100.5994,201102,100.4939,100.863,101.1386,99.97231,101.0438,96.83807,96.90835,97.35233000000001,98.9314,98.47638,100.6418,100.5776,100.4964,100.2512,101.0876,100.4737,100.3458,100.2279,99.99936,99.93462
100.257,98.27859000000001,100.7474,100.7149,201103,100.2793,100.4939,100.863,100.5441,101.1431,97.31824,96.83807,96.90835,98.35815,98.90689,100.6982,100.6418,100.5776,100.2995,100.9337,100.5994,100.4737,100.3458,100.0507,99.9621
100.1034,98.81766999999999,100.76700000000001,100.8144,201104,100.257,100.2793,100.4939,101.0173,101.1273,98.27859000000001,97.31824,96.83807,97.84940999999999,99.16346999999999,100.7474,100.6982,100.6418,100.3949,100.7488,100.7149,100.5994,100.4737,100.1275,99.97153
99.78348000000001,99.01698,100.7587,100.8934,201105,100.1034,100.257,100.2793,101.1386,100.6719,98.81766999999999,98.27859000000001,97.31824,97.35233000000001,99.38638,100.76700000000001,100.7474,100.6982,100.4964,100.5484,100.8144,100.7149,100.5994,100.2279,99.9689
99.44278,99.05516999999999,100.7225,100.9496,201106,99.78348000000001,100.1034,100.257,100.863,100.0741,99.01698,98.81766999999999,98.27859000000001,96.90835,99.46724,100.7587,100.76700000000001,100.7474,100.5776,100.3749,100.8934,100.8144,100.7149,100.3458,99.96436
99.25643000000001,98.73124,100.6522,100.9811,201107,99.44278,99.78348000000001,100.1034,100.4939,99.7663,99.05516999999999,99.01698,98.81766999999999,96.83807,99.31156999999999,100.7225,100.7587,100.76700000000001,100.6418,100.2721,100.9496,100.8934,100.8144,100.4737,99.97169
99.19434,98.22449,100.5433,100.9888,201108,99.25643000000001,99.44278,99.78348000000001,100.2793,99.97231,98.73124,99.05516999999999,99.01698,97.31824,98.9314,100.6522,100.7225,100.7587,100.6982,100.2512,100.9811,100.9496,100.8934,100.5994,99.99936
99.1029,97.54012,100.4097,100.9747,201109,99.19434,99.25643000000001,99.44278,100.257,100.5441,98.22449,98.73124,99.05516999999999,98.27859000000001,98.35815,100.5433,100.6522,100.7225,100.7474,100.2995,100.9888,100.9811,100.9496,100.7149,100.0507
98.8717,96.82323000000001,100.274,100.9416,201110,99.1029,99.19434,99.25643000000001,100.1034,101.0173,97.54012,98.22449,98.73124,98.81766999999999,97.84940999999999,100.4097,100.5433,100.6522,100.76700000000001,100.3949,100.9747,100.9888,100.9811,100.8144,100.1275
98.68196999999999,96.4736,100.1656,100.8937,201111,98.8717,99.1029,99.19434,99.78348000000001,101.1386,96.82323000000001,97.54012,98.22449,99.01698,97.35233000000001,100.274,100.4097,100.5433,100.7587,100.4964,100.9416,100.9747,100.9888,100.8934,100.2279
98.81917,96.85772,100.0904,100.8356,201112,98.68196999999999,98.8717,99.1029,99.44278,100.863,96.4736,96.82323000000001,97.54012,99.05516999999999,96.90835,100.1656,100.274,100.4097,100.7225,100.5776,100.8937,100.9416,100.9747,100.9496,100.3458
99.13025999999999,97.46539,100.0618,100.7711,201201,98.81917,98.68196999999999,98.8717,99.25643000000001,100.4939,96.85772,96.4736,96.82323000000001,98.73124,96.83807,100.0904,100.1656,100.274,100.6522,100.6418,100.8356,100.8937,100.9416,100.9811,100.4737
99.56668,97.71474,100.0768,100.7049,201202,99.13025999999999,98.81917,98.68196999999999,99.19434,100.2793,97.46539,96.85772,96.4736,98.22449,97.31824,100.0618,100.0904,100.1656,100.5433,100.6982,100.7711,100.8356,100.8937,100.9888,100.5994
99.97785,97.53693,100.1003,100.6403,201203,99.56668,99.13025999999999,98.81917,99.1029,100.257,97.71474,97.46539,96.85772,97.54012,98.27859000000001,100.0768,100.0618,100.0904,100.4097,100.7474,100.7049,100.7711,100.8356,100.9747,100.7149
99.9364,97.50822,100.1202,100.57799999999999,201204,99.97785,99.56668,99.13025999999999,98.8717,100.1034,97.53693,97.71474,97.46539,96.82323000000001,98.81766999999999,100.1003,100.0768,100.0618,100.274,100.76700000000001,100.6403,100.7049,100.7711,100.9416,100.8144
99.42571,97.29368000000001,100.1496,100.5208,201205,99.9364,99.97785,99.56668,98.68196999999999,99.78348000000001,97.50822,97.53693,97.71474,96.4736,99.01698,100.1202,100.1003,100.0768,100.1656,100.7587,100.57799999999999,100.6403,100.7049,100.8937,100.8934
98.98598,96.71635,100.1842,100.47,201206,99.42571,99.9364,99.97785,98.81917,99.44278,97.29368000000001,97.50822,97.53693,96.85772,99.05516999999999,100.1496,100.1202,100.1003,100.0904,100.7225,100.5208,100.57799999999999,100.6403,100.8356,100.9496
98.70767,96.38802,100.227,100.4265,201207,98.98598,99.42571,99.9364,99.13025999999999,99.25643000000001,96.71635,97.29368000000001,97.50822,97.46539,98.73124,100.1842,100.1496,100.1202,100.0618,100.6522,100.47,100.5208,100.57799999999999,100.7711,100.9811
98.56654,96.58708,100.2722,100.39200000000001,201208,98.70767,98.98598,99.42571,99.56668,99.19434,96.38802,96.71635,97.29368000000001,97.71474,98.22449,100.227,100.1842,100.1496,100.0768,100.5433,100.4265,100.47,100.5208,100.7049,100.9888
98.64968,97.20539000000001,100.318,100.3677,201209,98.56654,98.70767,98.98598,99.97785,99.1029,96.58708,96.38802,96.71635,97.53693,97.54012,100.2722,100.227,100.1842,100.1003,100.4097,100.39200000000001,100.4265,100.47,100.6403,100.9747
98.82574,97.96538000000001,100.3798,100.353,201210,98.64968,98.56654,98.70767,99.9364,98.8717,97.20539000000001,96.58708,96.38802,97.50822,96.82323000000001,100.318,100.2722,100.227,100.1202,100.274,100.3677,100.39200000000001,100.4265,100.57799999999999,100.9416
98.97569,98.28728000000001,100.4573,100.3469,201211,98.82574,98.64968,98.56654,99.42571,98.68196999999999,97.96538000000001,97.20539000000001,96.58708,97.29368000000001,96.4736,100.3798,100.318,100.2722,100.1496,100.1656,100.353,100.3677,100.39200000000001,100.5208,100.8937
99.02611999999999,98.36733000000001,100.5411,100.3477,201212,98.97569,98.82574,98.64968,98.98598,98.81917,98.28728000000001,97.96538000000001,97.20539000000001,96.71635,96.85772,100.4573,100.3798,100.318,100.1842,100.0904,100.3469,100.353,100.3677,100.47,100.8356
99.00848,98.50904,100.6163,100.354,201301,99.02611999999999,98.97569,98.82574,98.70767,99.13025999999999,98.36733000000001,98.28728000000001,97.96538000000001,96.38802,97.46539,100.5411,100.4573,100.3798,100.227,100.0618,100.3477,100.3469,100.353,100.4265,100.7711
99.00868,98.55756,100.6688,100.3658,201302,99.00848,99.02611999999999,98.97569,98.56654,99.56668,98.50904,98.36733000000001,98.28728000000001,96.58708,97.71474,100.6163,100.5411,100.4573,100.2722,100.0768,100.354,100.3477,100.3469,100.39200000000001,100.7049
99.08013000000001,98.03545,100.7107,100.383,201303,99.00868,99.00848,99.02611999999999,98.64968,99.97785,98.55756,98.50904,98.36733000000001,97.20539000000001,97.53693,100.6688,100.6163,100.5411,100.318,100.1003,100.3658,100.354,100.3477,100.3677,100.6403
99.08652,97.3774,100.7473,100.4055,201304,99.08013000000001,99.00868,99.00848,98.82574,99.9364,98.03545,98.55756,98.50904,97.96538000000001,97.50822,100.7107,100.6688,100.6163,100.3798,100.1202,100.383,100.3658,100.354,100.353,100.57799999999999
99.04895,96.51017,100.7903,100.4326,201305,99.08652,99.08013000000001,99.00868,98.97569,99.42571,97.3774,98.03545,98.55756,98.28728000000001,97.29368000000001,100.7473,100.7107,100.6688,100.4573,100.1496,100.4055,100.383,100.3658,100.3469,100.5208
98.98263,95.89206999999999,100.8379,100.4637,201306,99.04895,99.08652,99.08013000000001,99.02611999999999,98.98598,96.51017,97.3774,98.03545,98.36733000000001,96.71635,100.7903,100.7473,100.7107,100.5411,100.1842,100.4326,100.4055,100.383,100.3477,100.47
99.03902,95.75017,100.8868,100.4975,201307,98.98263,99.04895,99.08652,99.00848,98.70767,95.89206999999999,96.51017,97.3774,98.50904,96.38802,100.8379,100.7903,100.7473,100.6163,100.227,100.4637,100.4326,100.4055,100.354,100.4265
99.20593000000001,96.00475,100.9179,100.5309,201308,99.03902,98.98263,99.04895,99.00868,98.56654,95.75017,95.89206999999999,96.51017,98.55756,96.58708,100.8868,100.8379,100.7903,100.6688,100.2722,100.4975,100.4637,100.4326,100.3658,100.39200000000001
99.35584,96.48061,100.9334,100.5601,201309,99.20593000000001,99.03902,98.98263,99.08013000000001,98.64968,96.00475,95.75017,95.89206999999999,98.03545,97.20539000000001,100.9179,100.8868,100.8379,100.7107,100.318,100.5309,100.4975,100.4637,100.383,100.3677
99.4451,96.86049,100.9395,100.5833,201310,99.35584,99.20593000000001,99.03902,99.08652,98.82574,96.48061,96.00475,95.75017,97.3774,97.96538000000001,100.9334,100.9179,100.8868,100.7473,100.3798,100.5601,100.5309,100.4975,100.4055,100.353
99.41645,96.90292,100.9408,100.5991,201311,99.4451,99.35584,99.20593000000001,99.04895,98.97569,96.86049,96.48061,96.00475,96.51017,98.28728000000001,100.9395,100.9334,100.9179,100.7903,100.4573,100.5833,100.5601,100.5309,100.4326,100.3469
99.26666999999999,97.13746,100.9306,100.6072,201312,99.41645,99.4451,99.35584,98.98263,99.02611999999999,96.90292,96.86049,96.48061,95.89206999999999,98.36733000000001,100.9408,100.9395,100.9334,100.8379,100.5411,100.5991,100.5833,100.5601,100.4637,100.3477
99.07524000000001,97.43503,100.9056,100.6089,201401,99.26666999999999,99.41645,99.4451,99.03902,99.00848,97.13746,96.90292,96.86049,95.75017,98.50904,100.9306,100.9408,100.9395,100.8868,100.6163,100.6072,100.5991,100.5833,100.4975,100.354
98.94485,97.95249,100.8728,100.6057,201402,99.07524000000001,99.26666999999999,99.41645,99.20593000000001,99.00868,97.43503,97.13746,96.90292,96.00475,98.55756,100.9056,100.9306,100.9408,100.9179,100.6688,100.6089,100.6072,100.5991,100.5309,100.3658
98.93118,98.41895,100.8435,100.5977,201403,98.94485,99.07524000000001,99.26666999999999,99.35584,99.08013000000001,97.95249,97.43503,97.13746,96.48061,98.03545,100.8728,100.9056,100.9306,100.9334,100.7107,100.6057,100.6089,100.6072,100.5601,100.383
99.01643,98.31193,100.8162,100.5838,201404,98.93118,98.94485,99.07524000000001,99.4451,99.08652,98.41895,97.95249,97.43503,96.86049,97.3774,100.8435,100.8728,100.9056,100.9395,100.7473,100.5977,100.6057,100.6089,100.5833,100.4055
99.17520999999999,98.05563000000001,100.7844,100.5636,201405,99.01643,98.93118,98.94485,99.41645,99.04895,98.31193,98.41895,97.95249,96.90292,96.51017,100.8162,100.8435,100.8728,100.9408,100.7903,100.5838,100.5977,100.6057,100.5991,100.4326
99.34164,98.05283,100.7443,100.537,201406,99.17520999999999,99.01643,98.93118,99.26666999999999,98.98263,98.05563000000001,98.31193,98.41895,97.13746,95.89206999999999,100.7844,100.8162,100.8435,100.9306,100.8379,100.5636,100.5838,100.5977,100.6072,100.4637
99.45987,98.07412,100.697,100.5041,201407,99.34164,99.17520999999999,99.01643,99.07524000000001,99.03902,98.05283,98.05563000000001,98.31193,97.43503,95.75017,100.7443,100.7844,100.8162,100.9056,100.8868,100.537,100.5636,100.5838,100.6089,100.4975
99.42226,98.09309,100.6385,100.465,201408,99.45987,99.34164,99.17520999999999,98.94485,99.20593000000001,98.07412,98.05283,98.05563000000001,97.95249,96.00475,100.697,100.7443,100.7844,100.8728,100.9179,100.5041,100.537,100.5636,100.6057,100.5309
99.31744,98.16095,100.5616,100.4212,201409,99.42226,99.45987,99.34164,98.93118,99.35584,98.09309,98.07412,98.05283,98.41895,96.48061,100.6385,100.697,100.7443,100.8435,100.9334,100.465,100.5041,100.537,100.5977,100.5601
99.15396,98.17953,100.4789,100.3725,201410,99.31744,99.42226,99.45987,99.01643,99.4451,98.16095,98.09309,98.07412,98.31193,96.86049,100.5616,100.6385,100.697,100.8162,100.9395,100.4212,100.465,100.5041,100.5838,100.5833
98.96512,98.38828000000001,100.4004,100.3194,201411,99.15396,99.31744,99.42226,99.17520999999999,99.41645,98.17953,98.16095,98.09309,98.05563000000001,96.90292,100.4789,100.5616,100.6385,100.7844,100.9408,100.3725,100.4212,100.465,100.5636,100.5991
98.81546999999999,98.65209,100.3242,100.26299999999999,201412,98.96512,99.15396,99.31744,99.34164,99.26666999999999,98.38828000000001,98.17953,98.16095,98.05283,97.13746,100.4004,100.4789,100.5616,100.7443,100.9306,100.3194,100.3725,100.4212,100.537,100.6072
98.7281,98.98080999999999,100.2563,100.2032,201501,98.81546999999999,98.96512,99.15396,99.45987,99.07524000000001,98.65209,98.38828000000001,98.17953,98.07412,97.43503,100.3242,100.4004,100.4789,100.697,100.9056,100.26299999999999,100.3194,100.3725,100.5041,100.6089
98.72959,99.36954,100.2093,100.1411,201502,98.7281,98.81546999999999,98.96512,99.42226,98.94485,98.98080999999999,98.65209,98.38828000000001,98.09309,97.95249,100.2563,100.3242,100.4004,100.6385,100.8728,100.2032,100.26299999999999,100.3194,100.465,100.6057
98.78047,99.43516,100.1953,100.0785,201503,98.72959,98.7281,98.81546999999999,99.31744,98.93118,99.36954,98.98080999999999,98.65209,98.16095,98.41895,100.2093,100.2563,100.3242,100.5616,100.8435,100.1411,100.2032,100.26299999999999,100.4212,100.5977
98.82601,99.44966,100.1851,100.0174,201504,98.78047,98.72959,98.7281,99.15396,99.01643,99.43516,99.36954,98.98080999999999,98.17953,98.31193,100.1953,100.2093,100.2563,100.4789,100.8162,100.0785,100.1411,100.2032,100.3725,100.5838
98.85001,99.33804,100.1608,99.95878,201505,98.82601,98.78047,98.72959,98.96512,99.17520999999999,99.44966,99.43516,99.36954,98.38828000000001,98.05563000000001,100.1851,100.1953,100.2093,100.4004,100.7844,100.0174,100.0785,100.1411,100.3194,100.5636
98.82921999999999,98.83724000000001,100.1177,99.90250999999999,201506,98.85001,98.82601,98.78047,98.81546999999999,99.34164,99.33804,99.44966,99.43516,98.65209,98.05283,100.1608,100.1851,100.1953,100.3242,100.7443,99.95878,100.0174,100.0785,100.26299999999999,100.537
98.76173,98.40543000000001,100.0551,99.84810999999999,201507,98.82921999999999,98.85001,98.82601,98.7281,99.45987,98.83724000000001,99.33804,99.44966,98.98080999999999,98.07412,100.1177,100.1608,100.1851,100.2563,100.697,99.90250999999999,99.95878,100.0174,100.2032,100.5041
98.6877,98.21070999999999,99.99095,99.79661999999999,201508,98.76173,98.82921999999999,98.85001,98.72959,99.42226,98.40543000000001,98.83724000000001,99.33804,99.36954,98.09309,100.0551,100.1177,100.1608,100.2093,100.6385,99.84810999999999,99.90250999999999,99.95878,100.1411,100.465
98.65221,98.19524,99.94152,99.74840999999999,201509,98.6877,98.76173,98.82921999999999,98.78047,99.31744,98.21070999999999,98.40543000000001,98.83724000000001,99.43516,98.16095,99.99095,100.0551,100.1177,100.1953,100.5616,99.79661999999999,99.84810999999999,99.90250999999999,100.0785,100.4212
98.62238,98.10349000000001,99.90706999999999,99.70345999999999,201510,98.65221,98.6877,98.76173,98.82601,99.15396,98.19524,98.21070999999999,98.40543000000001,99.44966,98.17953,99.94152,99.99095,100.0551,100.1851,100.4789,99.74840999999999,99.79661999999999,99.84810999999999,100.0174,100.3725
98.57514,98.0527,99.88403000000001,99.66178000000001,201511,98.62238,98.65221,98.6877,98.85001,98.96512,98.10349000000001,98.19524,98.21070999999999,99.33804,98.38828000000001,99.90706999999999,99.94152,99.99095,100.1608,100.4004,99.70345999999999,99.74840999999999,99.79661999999999,99.95878,100.3194
98.52705,98.00024,99.86575,99.6228,201512,98.57514,98.62238,98.65221,98.82921999999999,98.81546999999999,98.0527,98.10349000000001,98.19524,98.83724000000001,98.65209,99.88403000000001,99.90706999999999,99.94152,100.1177,100.3242,99.66178000000001,99.70345999999999,99.74840999999999,99.90250999999999,100.26299999999999
98.47691,97.89851,99.85519000000001,99.58629,201601,98.52705,98.57514,98.62238,98.76173,98.7281,98.00024,98.0527,98.10349000000001,98.40543000000001,98.98080999999999,99.86575,99.88403000000001,99.90706999999999,100.0551,100.2563,99.6228,99.66178000000001,99.70345999999999,99.84810999999999,100.2032
98.50623,97.60866999999999,99.86169,99.55247,201602,98.47691,98.52705,98.57514,98.6877,98.72959,97.89851,98.00024,98.0527,98.21070999999999,99.36954,99.85519000000001,99.86575,99.88403000000001,99.99095,100.2093,99.58629,99.6228,99.66178000000001,99.79661999999999,100.1411
98.67229,97.1064,99.89079,99.52179,201603,98.50623,98.47691,98.52705,98.65221,98.78047,97.60866999999999,97.89851,98.00024,98.19524,99.43516,99.86169,99.85519000000001,99.86575,99.94152,100.1953,99.55247,99.58629,99.6228,99.74840999999999,100.0785
98.76963,96.91045,99.92777,99.49417,201604,98.67229,98.50623,98.47691,98.62238,98.82601,97.1064,97.60866999999999,97.89851,98.10349000000001,99.44966,99.89079,99.86169,99.85519000000001,99.90706999999999,100.1851,99.52179,99.55247,99.58629,99.70345999999999,100.0174
98.79183,97.05893,99.96906,99.4702,201605,98.76963,98.67229,98.50623,98.57514,98.85001,96.91045,97.1064,97.60866999999999,98.0527,99.33804,99.92777,99.89079,99.86169,99.88403000000001,100.1608,99.49417,99.52179,99.55247,99.66178000000001,99.95878
98.7818,97.65209,100.0149,99.45055,201606,98.79183,98.76963,98.67229,98.52705,98.82921999999999,97.05893,96.91045,97.1064,98.00024,98.83724000000001,99.96906,99.92777,99.89079,99.86575,100.1177,99.4702,99.49417,99.52179,99.6228,99.90250999999999
98.80962,98.28765,100.0643,99.43568,201607,98.7818,98.79183,98.76963,98.47691,98.76173,97.65209,97.05893,96.91045,97.89851,98.40543000000001,100.0149,99.96906,99.92777,99.85519000000001,100.0551,99.45055,99.4702,99.49417,99.58629,99.84810999999999
98.93024,98.54271999999999,100.10700000000001,99.42588,201608,98.80962,98.7818,98.79183,98.50623,98.6877,98.28765,97.65209,97.05893,97.60866999999999,98.21070999999999,100.0643,100.0149,99.96906,99.86169,99.99095,99.43568,99.45055,99.4702,99.55247,99.79661999999999
99.10334,98.69096,100.146,99.42135999999999,201609,98.93024,98.80962,98.7818,98.67229,98.65221,98.54271999999999,98.28765,97.65209,97.1064,98.19524,100.10700000000001,100.0643,100.0149,99.89079,99.94152,99.42588,99.43568,99.45055,99.52179,99.74840999999999
99.33431,99.0312,100.1823,99.42267,201610,99.10334,98.93024,98.80962,98.76963,98.62238,98.69096,98.54271999999999,98.28765,96.91045,98.10349000000001,100.146,100.10700000000001,100.0643,99.92777,99.90706999999999,99.42135999999999,99.42588,99.43568,99.49417,99.70345999999999
99.50114,99.39249000000001,100.2176,99.43015,201611,99.33431,99.10334,98.93024,98.79183,98.57514,99.0312,98.69096,98.54271999999999,97.05893,98.0527,100.1823,100.146,100.10700000000001,99.96906,99.88403000000001,99.42267,99.42135999999999,99.42588,99.4702,99.66178000000001
99.54202,99.69553,100.2313,99.44363,201612,99.50114,99.33431,99.10334,98.7818,98.52705,99.39249000000001,99.0312,98.69096,97.65209,98.00024,100.2176,100.1823,100.146,100.0149,99.86575,99.43015,99.42267,99.42135999999999,99.45055,99.6228
99.55013000000001,100.0769,100.2226,99.46256,201701,99.54202,99.50114,99.33431,98.80962,98.47691,99.69553,99.39249000000001,99.0312,98.28765,97.89851,100.2313,100.2176,100.1823,100.0643,99.85519000000001,99.44363,99.43015,99.42267,99.43568,99.58629
99.57578000000001,100.5169,100.2036,99.48546999999999,201702,99.55013000000001,99.54202,99.50114,98.93024,98.50623,100.0769,99.69553,99.39249000000001,98.54271999999999,97.60866999999999,100.2226,100.2313,100.2176,100.10700000000001,99.86169,99.46256,99.44363,99.43015,99.42588,99.55247
99.56597,100.735,100.1786,99.51025,201703,99.57578000000001,99.55013000000001,99.54202,99.10334,98.67229,100.5169,100.0769,99.69553,98.69096,97.1064,100.2036,100.2226,100.2313,100.146,99.89079,99.48546999999999,99.46256,99.44363,99.42135999999999,99.52179
99.49573000000001,100.93,100.14299999999999,99.53429,201704,99.56597,99.57578000000001,99.55013000000001,99.33431,98.76963,100.735,100.5169,100.0769,99.0312,96.91045,100.1786,100.2036,100.2226,100.1823,99.92777,99.51025,99.48546999999999,99.46256,99.42267,99.49417
99.48254,101.006,100.0972,99.55606,201705,99.49573000000001,99.56597,99.57578000000001,99.50114,98.79183,100.93,100.735,100.5169,99.39249000000001,97.05893,100.14299999999999,100.1786,100.2036,100.2176,99.96906,99.53429,99.51025,99.48546999999999,99.43015,99.4702
99.54268,101.2106,100.0295,99.57441,201706,99.48254,99.49573000000001,99.56597,99.54202,98.7818,101.006,100.93,100.735,99.69553,97.65209,100.0972,100.14299999999999,100.1786,100.2313,100.0149,99.55606,99.53429,99.51025,99.44363,99.45055
99.60439000000001,101.5728,99.92663,99.5881,201707,99.54268,99.48254,99.49573000000001,99.55013000000001,98.80962,101.2106,101.006,100.93,100.0769,98.28765,100.0295,100.0972,100.14299999999999,100.2226,100.0643,99.57441,99.55606,99.53429,99.46256,99.43568
99.70934,102.1495,99.79199,99.59769,201708,99.60439000000001,99.54268,99.48254,99.57578000000001,98.93024,101.5728,101.2106,101.006,100.5169,98.54271999999999,99.92663,100.0295,100.0972,100.2036,100.10700000000001,99.5881,99.57441,99.55606,99.48546999999999,99.42588
99.79396,103.11399999999999,99.6326,99.60425,201709,99.70934,99.60439000000001,99.54268,99.56597,99.10334,102.1495,101.5728,101.2106,100.735,98.69096,99.79199,99.92663,100.0295,100.1786,100.146,99.59769,99.5881,99.57441,99.51025,99.42135999999999
99.7415,104.0064,99.4739,99.60866,201710,99.79396,99.70934,99.60439000000001,99.49573000000001,99.33431,103.11399999999999,102.1495,101.5728,100.93,99.0312,99.6326,99.79199,99.92663,100.14299999999999,100.1823,99.60425,99.59769,99.5881,99.53429,99.42267
99.66356,104.329,99.34048,99.61189,201711,99.7415,99.79396,99.70934,99.48254,99.50114,104.0064,103.11399999999999,102.1495,101.006,99.39249000000001,99.4739,99.6326,99.79199,100.0972,100.2176,99.60866,99.60425,99.59769,99.55606,99.43015
99.53404,104.4929,99.23796999999999,99.61488,201712,99.66356,99.7415,99.79396,99.54268,99.54202,104.329,104.0064,103.11399999999999,101.2106,99.69553,99.34048,99.4739,99.6326,100.0295,100.2313,99.61189,99.60866,99.60425,99.57441,99.44363
99.37173,104.59299999999999,99.1831,99.6181,201801,99.53404,99.66356,99.7415,99.60439000000001,99.55013000000001,104.4929,104.329,104.0064,101.5728,100.0769,99.23796999999999,99.34048,99.4739,99.92663,100.2226,99.61488,99.61189,99.60866,99.5881,99.46256
99.26512,104.6952,99.18719,99.62159,201802,99.37173,99.53404,99.66356,99.70934,99.57578000000001,104.59299999999999,104.4929,104.329,102.1495,100.5169,99.1831,99.23796999999999,99.34048,99.79199,100.2036,99.6181,99.61488,99.61189,99.59769,99.48546999999999
99.37787,104.6323,99.26738,99.62549,201803,99.26512,99.37173,99.53404,99.79396,99.56597,104.6952,104.59299999999999,104.4929,103.11399999999999,100.735,99.18719,99.1831,99.23796999999999,99.6326,100.1786,99.62159,99.6181,99.61488,99.60425,99.51025
99.5321,104.4914,99.40907,99.63051,201804,99.37787,99.26512,99.37173,99.7415,99.49573000000001,104.6323,104.6952,104.59299999999999,104.0064,100.93,99.26738,99.18719,99.1831,99.4739,100.14299999999999,99.62549,99.62159,99.6181,99.60866,99.53429
99.72354,104.0869,99.6049,99.63664,201805,99.5321,99.37787,99.26512,99.66356,99.48254,104.4914,104.6323,104.6952,104.329,101.006,99.40907,99.26738,99.18719,99.34048,100.0972,99.63051,99.62549,99.62159,99.61189,99.55606
