BCI_GBR,CCI_GBR,CLI_GBR,GDP_GBR,Date,BCI_GBR-1,BCI_GBR-2,BCI_GBR-3,BCI_GBR-6,BCI_GBR-12,CCI_GBR-1,CCI_GBR-2,CCI_GBR-3,CCI_GBR-6,CCI_GBR-12,CLI_GBR-1,CLI_GBR-2,CLI_GBR-3,CLI_GBR-6,CLI_GBR-12,GDP_GBR-1,GDP_GBR-2,GDP_GBR-3,GDP_GBR-6,GDP_GBR-12
100.3076,101.1502,100.2778,99.85508,200101,100.3269,100.1689,100.0494,99.90478,100.3003,101.1843,101.1041,100.9248,100.5539,101.3078,100.1994,100.0875,99.95191,99.63029,100.3904,99.81754000000001,99.81832,99.87114,100.2498,100.75399999999999
100.0212,101.0567,100.3069,99.90983,200102,100.3076,100.3269,100.1689,99.91781999999999,100.1983,101.1502,101.1843,101.1041,100.6545,101.0699,100.2778,100.1994,100.0875,99.70662,100.1912,99.85508,99.81754000000001,99.81832,100.1027,100.7526
99.66763,101.0164,100.2964,99.96222,200103,100.0212,100.3076,100.3269,99.95299999999999,100.0658,101.0567,101.1502,101.1843,100.6876,100.7601,100.3069,100.2778,100.1994,99.81459,99.98725999999999,99.90983,99.85508,99.81754000000001,99.97076,100.7116
99.50746,100.9827,100.2694,100.0017,200104,99.66763,100.0212,100.3076,100.0494,99.94167,101.0164,101.0567,101.1502,100.9248,100.5314,100.2964,100.3069,100.2778,99.95191,99.79505,99.96222,99.90983,99.85508,99.87114,100.6353
99.48422,101.0232,100.225,100.0232,200105,99.50746,99.66763,100.0212,100.1689,99.90188,100.9827,101.0164,101.0567,101.1041,100.4572,100.2694,100.2964,100.3069,100.0875,99.66152,100.0017,99.96222,99.90983,99.81832,100.5282
99.59045,101.1202,100.1458,100.0243,200106,99.48422,99.50746,99.66763,100.3269,99.89480999999999,101.0232,100.9827,101.0164,101.1843,100.4812,100.225,100.2694,100.2964,100.1994,99.60655,100.0232,100.0017,99.96222,99.81754000000001,100.3961
99.52011,101.0067,100.024,100.0041,200107,99.59045,99.48422,99.50746,100.3076,99.90478,101.1202,101.0232,100.9827,101.1502,100.5539,100.1458,100.225,100.2694,100.2778,99.63029,100.0243,100.0232,100.0017,99.85508,100.2498
99.31445,100.6274,99.88566999999999,99.96257,200108,99.52011,99.59045,99.48422,100.0212,99.91781999999999,101.0067,101.1202,101.0232,101.0567,100.6545,100.024,100.1458,100.225,100.3069,99.70662,100.0041,100.0243,100.0232,99.90983,100.1027
99.04087,100.2517,99.77824,99.90109,200109,99.31445,99.52011,99.59045,99.66763,99.95299999999999,100.6274,101.0067,101.1202,101.0164,100.6876,99.88566999999999,100.024,100.1458,100.2964,99.81459,99.96257,100.0041,100.0243,99.96222,99.97076
98.69973,99.90818,99.72504,99.82523,200110,99.04087,99.31445,99.52011,99.50746,100.0494,100.2517,100.6274,101.0067,100.9827,100.9248,99.77824,99.88566999999999,100.024,100.2694,99.95191,99.90109,99.96257,100.0041,100.0017,99.87114
98.36401,99.91476,99.76053,99.74203,200111,98.69973,99.04087,99.31445,99.48422,100.1689,99.90818,100.2517,100.6274,101.0232,101.1041,99.72504,99.77824,99.88566999999999,100.225,100.0875,99.82523,99.90109,99.96257,100.0232,99.81832
98.13914,100.1218,99.87586,99.65861,200112,98.36401,98.69973,99.04087,99.59045,100.3269,99.91476,99.90818,100.2517,101.1202,101.1843,99.76053,99.72504,99.77824,100.1458,100.1994,99.74203,99.82523,99.90109,100.0243,99.81754000000001
98.2721,100.4017,100.05799999999999,99.58122,200201,98.13914,98.36401,98.69973,99.52011,100.3076,100.1218,99.91476,99.90818,101.0067,101.1502,99.87586,99.76053,99.72504,100.024,100.2778,99.65861,99.74203,99.82523,100.0041,99.85508
98.61375,100.6276,100.26,99.51512,200202,98.2721,98.13914,98.36401,99.31445,100.0212,100.4017,100.1218,99.91476,100.6274,101.0567,100.05799999999999,99.87586,99.76053,99.88566999999999,100.3069,99.58122,99.65861,99.74203,99.96257,99.90983
98.99074,100.781,100.4321,99.46395,200203,98.61375,98.2721,98.13914,99.04087,99.66763,100.6276,100.4017,100.1218,100.2517,101.0164,100.26,100.05799999999999,99.87586,99.77824,100.2964,99.51512,99.58122,99.65861,99.90109,99.96222
99.36884,100.9121,100.5373,99.42846,200204,98.99074,98.61375,98.2721,98.69973,99.50746,100.781,100.6276,100.4017,99.90818,100.9827,100.4321,100.26,100.05799999999999,99.72504,100.2694,99.46395,99.51512,99.58122,99.82523,100.0017
99.63046,100.9399,100.536,99.40814,200205,99.36884,98.99074,98.61375,98.36401,99.48422,100.9121,100.781,100.6276,99.91476,101.0232,100.5373,100.4321,100.26,99.76053,100.225,99.42846,99.46395,99.51512,99.74203,100.0232
99.81477,100.92399999999999,100.4423,99.40186,200206,99.63046,99.36884,98.99074,98.13914,99.59045,100.9399,100.9121,100.781,100.1218,101.1202,100.536,100.5373,100.4321,99.87586,100.1458,99.40814,99.42846,99.46395,99.65861,100.0243
99.88705,100.975,100.3016,99.40735,200207,99.81477,99.63046,99.36884,98.2721,99.52011,100.92399999999999,100.9399,100.9121,100.4017,101.0067,100.4423,100.536,100.5373,100.05799999999999,100.024,99.40186,99.40814,99.42846,99.58122,100.0041
99.86345,101.1151,100.1404,99.42197,200208,99.88705,99.81477,99.63046,98.61375,99.31445,100.975,100.92399999999999,100.9399,100.6276,100.6274,100.3016,100.4423,100.536,100.26,99.88566999999999,99.40735,99.40186,99.40814,99.51512,99.96257
99.7284,101.2118,99.9621,99.44266999999999,200209,99.86345,99.88705,99.81477,98.99074,99.04087,101.1151,100.975,100.92399999999999,100.781,100.2517,100.1404,100.3016,100.4423,100.4321,99.77824,99.42197,99.40735,99.40186,99.46395,99.90109
99.66436,101.1476,99.76080999999999,99.46526999999999,200210,99.7284,99.86345,99.88705,99.36884,98.69973,101.2118,101.1151,100.975,100.9121,99.90818,99.9621,100.1404,100.3016,100.5373,99.72504,99.44266999999999,99.42197,99.40735,99.42846,99.82523
99.60976,100.9251,99.52545,99.48652,200211,99.66436,99.7284,99.86345,99.63046,98.36401,101.1476,101.2118,101.1151,100.9399,99.91476,99.76080999999999,99.9621,100.1404,100.536,99.76053,99.46526999999999,99.44266999999999,99.42197,99.40814,99.74203
99.45706,100.48299999999999,99.27325,99.50594,200212,99.60976,99.66436,99.7284,99.81477,98.13914,100.9251,101.1476,101.2118,100.92399999999999,100.1218,99.52545,99.76080999999999,99.9621,100.4423,99.87586,99.48652,99.46526999999999,99.44266999999999,99.40186,99.65861
99.30309,100.1047,99.04982,99.52789,200301,99.45706,99.60976,99.66436,99.88705,98.2721,100.48299999999999,100.9251,101.1476,100.975,100.4017,99.27325,99.52545,99.76080999999999,100.3016,100.05799999999999,99.50594,99.48652,99.46526999999999,99.40735,99.58122
99.18961,99.91474000000001,98.8954,99.55859,200302,99.30309,99.45706,99.60976,99.86345,98.61375,100.1047,100.48299999999999,100.9251,101.1151,100.6276,99.04982,99.27325,99.52545,100.1404,100.26,99.52789,99.50594,99.48652,99.42197,99.51512
99.09239000000001,99.9472,98.83001,99.60316,200303,99.18961,99.30309,99.45706,99.7284,98.99074,99.91474000000001,100.1047,100.48299999999999,101.2118,100.781,98.8954,99.04982,99.27325,99.9621,100.4321,99.55859,99.52789,99.50594,99.44266999999999,99.46395
98.94197,100.1805,98.87209,99.66197,200304,99.09239000000001,99.18961,99.30309,99.66436,99.36884,99.9472,99.91474000000001,100.1047,101.1476,100.9121,98.83001,98.8954,99.04982,99.76080999999999,100.5373,99.60316,99.55859,99.52789,99.46526999999999,99.42846
98.80333,100.4122,99.00787,99.73245,200305,98.94197,99.09239000000001,99.18961,99.60976,99.63046,100.1805,99.9472,99.91474000000001,100.9251,100.9399,98.87209,98.83001,98.8954,99.52545,100.536,99.66197,99.60316,99.55859,99.48652,99.40814
98.75835,100.5521,99.19776,99.80991999999999,200306,98.80333,98.94197,99.09239000000001,99.45706,99.81477,100.4122,100.1805,99.9472,100.48299999999999,100.92399999999999,99.00787,98.87209,98.83001,99.27325,100.4423,99.73245,99.66197,99.60316,99.50594,99.40186
98.85906,100.6085,99.41448000000001,99.8876,200307,98.75835,98.80333,98.94197,99.30309,99.88705,100.5521,100.4122,100.1805,100.1047,100.975,99.19776,99.00787,98.87209,99.04982,100.3016,99.80991999999999,99.73245,99.66197,99.52789,99.40735
98.96645,100.6714,99.63558,99.95795,200308,98.85906,98.75835,98.80333,99.18961,99.86345,100.6085,100.5521,100.4122,99.91474000000001,101.1151,99.41448000000001,99.19776,99.00787,98.8954,100.1404,99.8876,99.80991999999999,99.73245,99.55859,99.42197
99.02075,100.7947,99.84084,100.0141,200309,98.96645,98.85906,98.75835,99.09239000000001,99.7284,100.6714,100.6085,100.5521,99.9472,101.2118,99.63558,99.41448000000001,99.19776,98.83001,99.9621,99.95795,99.8876,99.80991999999999,99.60316,99.44266999999999
99.26379,100.84,100.0407,100.0518,200310,99.02075,98.96645,98.85906,98.94197,99.66436,100.7947,100.6714,100.6085,100.1805,101.1476,99.84084,99.63558,99.41448000000001,98.87209,99.76080999999999,100.0141,99.95795,99.8876,99.66197,99.46526999999999
99.63856,100.8338,100.2404,100.0679,200311,99.26379,99.02075,98.96645,98.80333,99.60976,100.84,100.7947,100.6714,100.4122,100.9251,100.0407,99.84084,99.63558,99.00787,99.52545,100.0518,100.0141,99.95795,99.73245,99.48652
99.94799,100.9071,100.4327,100.0602,200312,99.63856,99.26379,99.02075,98.75835,99.45706,100.8338,100.84,100.7947,100.5521,100.48299999999999,100.2404,100.0407,99.84084,99.19776,99.27325,100.0679,100.0518,100.0141,99.80991999999999,99.50594
100.2325,101.0222,100.5906,100.0293,200401,99.94799,99.63856,99.26379,98.85906,99.30309,100.9071,100.8338,100.84,100.6085,100.1047,100.4327,100.2404,100.0407,99.41448000000001,99.04982,100.0602,100.0679,100.0518,99.8876,99.52789
100.45,101.101,100.6888,99.97615,200402,100.2325,99.94799,99.63856,98.96645,99.18961,101.0222,100.9071,100.8338,100.6714,99.91474000000001,100.5906,100.4327,100.2404,99.63558,98.8954,100.0293,100.0602,100.0679,99.95795,99.55859
100.6658,101.1114,100.7141,99.90158000000001,200403,100.45,100.2325,99.94799,99.02075,99.09239000000001,101.101,101.0222,100.9071,100.7947,99.9472,100.6888,100.5906,100.4327,99.84084,98.83001,99.97615,100.0293,100.0602,100.0141,99.60316
100.7421,101.0044,100.6809,99.80781999999999,200404,100.6658,100.45,100.2325,99.26379,98.94197,101.1114,101.101,101.0222,100.84,100.1805,100.7141,100.6888,100.5906,100.0407,98.87209,99.90158000000001,99.97615,100.0293,100.0518,99.66197
100.8536,100.8425,100.6049,99.69771999999999,200405,100.7421,100.6658,100.45,99.63856,98.80333,101.0044,101.1114,101.101,100.8338,100.4122,100.6809,100.7141,100.6888,100.2404,99.00787,99.80781999999999,99.90158000000001,99.97615,100.0679,99.73245
100.8549,100.7677,100.5155,99.57582,200406,100.8536,100.7421,100.6658,99.94799,98.75835,100.8425,101.0044,101.1114,100.9071,100.5521,100.6049,100.6809,100.7141,100.4327,99.19776,99.69771999999999,99.80781999999999,99.90158000000001,100.0602,99.80991999999999
100.8186,100.791,100.4387,99.45048,200407,100.8549,100.8536,100.7421,100.2325,98.85906,100.7677,100.8425,101.0044,101.0222,100.6085,100.5155,100.6049,100.6809,100.5906,99.41448000000001,99.57582,99.69771999999999,99.80781999999999,100.0293,99.8876
100.7964,100.8212,100.3963,99.33244,200408,100.8186,100.8549,100.8536,100.45,98.96645,100.791,100.7677,100.8425,101.101,100.6714,100.4387,100.5155,100.6049,100.6888,99.63558,99.45048,99.57582,99.69771999999999,99.97615,99.95795
100.6495,100.9201,100.3824,99.2337,200409,100.7964,100.8186,100.8549,100.6658,99.02075,100.8212,100.791,100.7677,101.1114,100.7947,100.3963,100.4387,100.5155,100.7141,99.84084,99.33244,99.45048,99.57582,99.90158000000001,100.0141
100.5449,101.0711,100.3925,99.16611,200410,100.6495,100.7964,100.8186,100.7421,99.26379,100.9201,100.8212,100.791,101.0044,100.84,100.3824,100.3963,100.4387,100.6809,100.0407,99.2337,99.33244,99.45048,99.80781999999999,100.0518
100.4837,101.2352,100.4182,99.14049,200411,100.5449,100.6495,100.7964,100.8536,99.63856,101.0711,100.9201,100.8212,100.8425,100.8338,100.3925,100.3824,100.3963,100.6049,100.2404,99.16611,99.2337,99.33244,99.69771999999999,100.0679
100.5302,101.3395,100.4525,99.16386999999999,200412,100.4837,100.5449,100.6495,100.8549,99.94799,101.2352,101.0711,100.9201,100.7677,100.9071,100.4182,100.3925,100.3824,100.5155,100.4327,99.14049,99.16611,99.2337,99.57582,100.0602
100.5732,101.4386,100.47200000000001,99.23379,200501,100.5302,100.4837,100.5449,100.8186,100.2325,101.3395,101.2352,101.0711,100.791,101.0222,100.4525,100.4182,100.3925,100.4387,100.5906,99.16386999999999,99.14049,99.16611,99.45048,100.0293
100.4246,101.5329,100.4597,99.34442,200502,100.5732,100.5302,100.4837,100.7964,100.45,101.4386,101.3395,101.2352,100.8212,101.101,100.47200000000001,100.4525,100.4182,100.3963,100.6888,99.23379,99.16386999999999,99.14049,99.33244,99.97615
100.0851,101.5626,100.4026,99.4895,200503,100.4246,100.5732,100.5302,100.6495,100.6658,101.5329,101.4386,101.3395,100.9201,101.1114,100.4597,100.47200000000001,100.4525,100.3824,100.7141,99.34442,99.23379,99.16386999999999,99.2337,99.90158000000001
99.68697,101.3905,100.3048,99.66248,200504,100.0851,100.4246,100.5732,100.5449,100.7421,101.5626,101.5329,101.4386,101.0711,101.0044,100.4026,100.4597,100.47200000000001,100.3925,100.6809,99.4895,99.34442,99.23379,99.16611,99.80781999999999
99.35943,101.1759,100.2021,99.85805,200505,99.68697,100.0851,100.4246,100.4837,100.8536,101.3905,101.5626,101.5329,101.2352,100.8425,100.3048,100.4026,100.4597,100.4182,100.6049,99.66248,99.4895,99.34442,99.14049,99.69771999999999
99.23518,101.0968,100.1315,100.0717,200506,99.35943,99.68697,100.0851,100.5302,100.8549,101.1759,101.3905,101.5626,101.3395,100.7677,100.2021,100.3048,100.4026,100.4525,100.5155,99.85805,99.66248,99.4895,99.16386999999999,99.57582
99.34525,101.0995,100.09700000000001,100.2981,200507,99.23518,99.35943,99.68697,100.5732,100.8186,101.0968,101.1759,101.3905,101.4386,100.791,100.1315,100.2021,100.3048,100.47200000000001,100.4387,100.0717,99.85805,99.66248,99.23379,99.45048
99.41345,101.0399,100.0789,100.5293,200508,99.34525,99.23518,99.35943,100.4246,100.7964,101.0995,101.0968,101.1759,101.5329,100.8212,100.09700000000001,100.1315,100.2021,100.4597,100.3963,100.2981,100.0717,99.85805,99.34442,99.33244
99.53975,100.913,100.0845,100.7528,200509,99.41345,99.34525,99.23518,100.0851,100.6495,101.0399,101.0995,101.0968,101.5626,100.9201,100.0789,100.09700000000001,100.1315,100.4026,100.3824,100.5293,100.2981,100.0717,99.4895,99.2337
99.52414,100.7731,100.1195,100.9494,200510,99.53975,99.41345,99.34525,99.68697,100.5449,100.913,101.0399,101.0995,101.3905,101.0711,100.0845,100.0789,100.09700000000001,100.3048,100.3925,100.7528,100.5293,100.2981,99.66248,99.16611
99.33796,100.7213,100.1841,101.0984,200511,99.52414,99.53975,99.41345,99.35943,100.4837,100.7731,100.913,101.0399,101.1759,101.2352,100.1195,100.0845,100.0789,100.2021,100.4182,100.9494,100.7528,100.5293,99.85805,99.14049
99.088,100.7661,100.2625,101.1859,200512,99.33796,99.52414,99.53975,99.23518,100.5302,100.7213,100.7731,100.913,101.0968,101.3395,100.1841,100.1195,100.0845,100.1315,100.4525,101.0984,100.9494,100.7528,100.0717,99.16386999999999
98.95535,100.86,100.3483,101.2161,200601,99.088,99.33796,99.52414,99.34525,100.5732,100.7661,100.7213,100.7731,101.0995,101.4386,100.2625,100.1841,100.1195,100.09700000000001,100.47200000000001,101.1859,101.0984,100.9494,100.2981,99.23379
99.22903000000001,100.9012,100.4544,101.2004,200602,98.95535,99.088,99.33796,99.41345,100.4246,100.86,100.7661,100.7213,101.0399,101.5329,100.3483,100.2625,100.1841,100.0789,100.4597,101.2161,101.1859,101.0984,100.5293,99.34442
99.66579,100.8257,100.5715,101.1521,200603,99.22903000000001,98.95535,99.088,99.53975,100.0851,100.9012,100.86,100.7661,100.913,101.5626,100.4544,100.3483,100.2625,100.0845,100.4026,101.2004,101.2161,101.1859,100.7528,99.4895
100.1541,100.7672,100.6885,101.0834,200604,99.66579,99.22903000000001,98.95535,99.52414,99.68697,100.8257,100.9012,100.86,100.7731,101.3905,100.5715,100.4544,100.3483,100.1195,100.3048,101.1521,101.2004,101.2161,100.9494,99.66248
100.3392,100.6528,100.7939,101.005,200605,100.1541,99.66579,99.22903000000001,99.33796,99.35943,100.7672,100.8257,100.9012,100.7213,101.1759,100.6885,100.5715,100.4544,100.1841,100.2021,101.0834,101.1521,101.2004,101.0984,99.85805
100.3818,100.6021,100.9131,100.9269,200606,100.3392,100.1541,99.66579,99.088,99.23518,100.6528,100.7672,100.8257,100.7661,101.0968,100.7939,100.6885,100.5715,100.2625,100.1315,101.005,101.0834,101.1521,101.1859,100.0717
100.3602,100.5607,101.0357,100.8607,200607,100.3818,100.3392,100.1541,98.95535,99.34525,100.6021,100.6528,100.7672,100.86,101.0995,100.9131,100.7939,100.6885,100.3483,100.09700000000001,100.9269,101.005,101.0834,101.2161,100.2981
100.3521,100.5223,101.1466,100.8183,200608,100.3602,100.3818,100.3392,99.22903000000001,99.41345,100.5607,100.6021,100.6528,100.9012,101.0399,101.0357,100.9131,100.7939,100.4544,100.0789,100.8607,100.9269,101.005,101.2004,100.5293
100.4559,100.5383,101.2463,100.8106,200609,100.3521,100.3602,100.3818,99.66579,99.53975,100.5223,100.5607,100.6021,100.8257,100.913,101.1466,101.0357,100.9131,100.5715,100.0845,100.8183,100.8607,100.9269,101.1521,100.7528
100.5102,100.617,101.334,100.8439,200610,100.4559,100.3521,100.3602,100.1541,99.52414,100.5383,100.5223,100.5607,100.7672,100.7731,101.2463,101.1466,101.0357,100.6885,100.1195,100.8106,100.8183,100.8607,101.0834,100.9494
100.7112,100.5836,101.4139,100.9216,200611,100.5102,100.4559,100.3521,100.3392,99.33796,100.617,100.5383,100.5223,100.6528,100.7213,101.334,101.2463,101.1466,100.7939,100.1841,100.8439,100.8106,100.8183,101.005,101.0984
100.8787,100.5132,101.4872,101.0424,200612,100.7112,100.5102,100.4559,100.3818,99.088,100.5836,100.617,100.5383,100.6021,100.7661,101.4139,101.334,101.2463,100.9131,100.2625,100.9216,100.8439,100.8106,100.9269,101.1859
100.9862,100.4695,101.5543,101.1961,200701,100.8787,100.7112,100.5102,100.3602,98.95535,100.5132,100.5836,100.617,100.5607,100.86,101.4872,101.4139,101.334,101.0357,100.3483,101.0424,100.9216,100.8439,100.8607,101.2161
101.1175,100.51299999999999,101.6155,101.3701,200702,100.9862,100.8787,100.7112,100.3521,99.22903000000001,100.4695,100.5132,100.5836,100.5223,100.9012,101.5543,101.4872,101.4139,101.1466,100.4544,101.1961,101.0424,100.9216,100.8183,101.2004
101.2146,100.59,101.6621,101.5547,200703,101.1175,100.9862,100.8787,100.4559,99.66579,100.51299999999999,100.4695,100.5132,100.5383,100.8257,101.6155,101.5543,101.4872,101.2463,100.5715,101.3701,101.1961,101.0424,100.8106,101.1521
101.2247,100.6595,101.6857,101.7462,200704,101.2146,101.1175,100.9862,100.5102,100.1541,100.59,100.51299999999999,100.4695,100.617,100.7672,101.6621,101.6155,101.5543,101.334,100.6885,101.5547,101.3701,101.1961,100.8439,101.0834
101.2711,100.8179,101.6889,101.9445,200705,101.2247,101.2146,101.1175,100.7112,100.3392,100.6595,100.59,100.51299999999999,100.5836,100.6528,101.6857,101.6621,101.6155,101.4139,100.7939,101.7462,101.5547,101.3701,100.9216,101.005
101.2412,100.9502,101.6569,102.1501,200706,101.2711,101.2247,101.2146,100.8787,100.3818,100.8179,100.6595,100.59,100.5132,100.6021,101.6889,101.6857,101.6621,101.4872,100.9131,101.9445,101.7462,101.5547,101.0424,100.9269
101.0079,101.0211,101.5831,102.3612,200707,101.2412,101.2711,101.2247,100.9862,100.3602,100.9502,100.8179,100.6595,100.4695,100.5607,101.6569,101.6889,101.6857,101.5543,101.0357,102.1501,101.9445,101.7462,101.1961,100.8607
100.9232,101.0362,101.4746,102.5729,200708,101.0079,101.2412,101.2711,101.1175,100.3521,101.0211,100.9502,100.8179,100.51299999999999,100.5223,101.5831,101.6569,101.6889,101.6155,101.1466,102.3612,102.1501,101.9445,101.3701,100.8183
101.0214,101.0013,101.3408,102.7771,200709,100.9232,101.0079,101.2412,101.2146,100.4559,101.0362,101.0211,100.9502,100.59,100.5383,101.4746,101.5831,101.6569,101.6621,101.2463,102.5729,102.3612,102.1501,101.5547,100.8106
101.0727,100.9235,101.1689,102.9617,200710,101.0214,100.9232,101.0079,101.2247,100.5102,101.0013,101.0362,101.0211,100.6595,100.617,101.3408,101.4746,101.5831,101.6857,101.334,102.7771,102.5729,102.3612,101.7462,100.8439
101.0515,100.7683,100.9431,103.1113,200711,101.0727,101.0214,100.9232,101.2711,100.7112,100.9235,101.0013,101.0362,100.8179,100.5836,101.1689,101.3408,101.4746,101.6889,101.4139,102.9617,102.7771,102.5729,101.9445,100.9216
101.0133,100.5838,100.6729,103.2086,200712,101.0515,101.0727,101.0214,101.2412,100.8787,100.7683,100.9235,101.0013,100.9502,100.5132,100.9431,101.1689,101.3408,101.6569,101.4872,103.1113,102.9617,102.7771,102.1501,101.0424
100.9819,100.3616,100.3728,103.2395,200801,101.0133,101.0515,101.0727,101.0079,100.9862,100.5838,100.7683,100.9235,101.0211,100.4695,100.6729,100.9431,101.1689,101.5831,101.5543,103.2086,103.1113,102.9617,102.3612,101.1961
100.7608,100.1129,100.05799999999999,103.1914,200802,100.9819,101.0133,101.0515,100.9232,101.1175,100.3616,100.5838,100.7683,101.0362,100.51299999999999,100.3728,100.6729,100.9431,101.4746,101.6155,103.2395,103.2086,103.1113,102.5729,101.3701
100.5621,99.81108,99.73349,103.0567,200803,100.7608,100.9819,101.0133,101.0214,101.2146,100.1129,100.3616,100.5838,101.0013,100.59,100.05799999999999,100.3728,100.6729,101.3408,101.6621,103.1914,103.2395,103.2086,102.7771,101.5547
100.1973,99.37756999999999,99.3448,102.8265,200804,100.5621,100.7608,100.9819,101.0727,101.2247,99.81108,100.1129,100.3616,100.9235,100.6595,99.73349,100.05799999999999,100.3728,101.1689,101.6857,103.0567,103.1914,103.2395,102.9617,101.7462
99.91518,98.85931,98.87668000000001,102.4985,200805,100.1973,100.5621,100.7608,101.0515,101.2711,99.37756999999999,99.81108,100.1129,100.7683,100.8179,99.3448,99.73349,100.05799999999999,100.9431,101.6889,102.8265,103.0567,103.1914,103.1113,101.9445
99.79749,98.24226,98.32771,102.0756,200806,99.91518,100.1973,100.5621,101.0133,101.2412,98.85931,99.37756999999999,99.81108,100.5838,100.9502,98.87668000000001,99.3448,99.73349,100.6729,101.6569,102.4985,102.8265,103.0567,103.2086,102.1501
99.53650999999999,97.73721,97.7244,101.5721,200807,99.79749,99.91518,100.1973,100.9819,101.0079,98.24226,98.85931,99.37756999999999,100.3616,101.0211,98.32771,98.87668000000001,99.3448,100.3728,101.5831,102.0756,102.4985,102.8265,103.2395,102.3612
99.10904000000001,97.55968,97.10022,101.0071,200808,99.53650999999999,99.79749,99.91518,100.7608,100.9232,97.73721,98.24226,98.85931,100.1129,101.0362,97.7244,98.32771,98.87668000000001,100.05799999999999,101.4746,101.5721,102.0756,102.4985,103.1914,102.5729
98.57378,97.47404,96.47763,100.4037,200809,99.10904000000001,99.53650999999999,99.79749,100.5621,101.0214,97.55968,97.73721,98.24226,99.81108,101.0013,97.10022,97.7244,98.32771,99.73349,101.3408,101.0071,101.5721,102.0756,103.0567,102.7771
98.05566,97.24988,95.90572,99.79234,200810,98.57378,99.10904000000001,99.53650999999999,100.1973,101.0727,97.47404,97.55968,97.73721,99.37756999999999,100.9235,96.47763,97.10022,97.7244,99.3448,101.1689,100.4037,101.0071,101.5721,102.8265,102.9617
97.71437,96.98031,95.47675,99.20602,200811,98.05566,98.57378,99.10904000000001,99.91518,101.0515,97.24988,97.47404,97.55968,98.85931,100.7683,95.90572,96.47763,97.10022,98.87668000000001,100.9431,99.79234,100.4037,101.0071,102.4985,103.1113
97.33521,96.67051,95.26017,98.67588,200812,97.71437,98.05566,98.57378,99.79749,101.0133,96.98031,97.24988,97.47404,98.24226,100.5838,95.47675,95.90572,96.47763,98.32771,100.6729,99.20602,99.79234,100.4037,102.0756,103.2086
96.86604,96.46082,95.26369,98.22456,200901,97.33521,97.71437,98.05566,99.53650999999999,100.9819,96.67051,96.98031,97.24988,97.73721,100.3616,95.26017,95.47675,95.90572,97.7244,100.3728,98.67588,99.20602,99.79234,101.5721,103.2395
96.35345,96.704,95.5062,97.86754,200902,96.86604,97.33521,97.71437,99.10904000000001,100.7608,96.46082,96.67051,96.98031,97.55968,100.1129,95.26369,95.26017,95.47675,97.10022,100.05799999999999,98.22456,98.67588,99.20602,101.0071,103.1914
96.1028,97.24489,95.9855,97.6085,200903,96.35345,96.86604,97.33521,98.57378,100.5621,96.704,96.46082,96.67051,97.47404,99.81108,95.5062,95.26369,95.26017,96.47763,99.73349,97.86754,98.22456,98.67588,100.4037,103.0567
96.23248000000001,97.84371999999999,96.68590999999999,97.44258,200904,96.1028,96.35345,96.86604,98.05566,100.1973,97.24489,96.704,96.46082,97.24988,99.37756999999999,95.9855,95.5062,95.26369,95.90572,99.3448,97.6085,97.86754,98.22456,99.79234,102.8265
96.50213000000001,98.25534,97.52525,97.35564000000001,200905,96.23248000000001,96.1028,96.35345,97.71437,99.91518,97.84371999999999,97.24489,96.704,96.98031,98.85931,96.68590999999999,95.9855,95.5062,95.47675,98.87668000000001,97.44258,97.6085,97.86754,99.20602,102.4985
96.77032,98.5914,98.43829000000001,97.33148,200906,96.50213000000001,96.23248000000001,96.1028,97.33521,99.79749,98.25534,97.84371999999999,97.24489,96.67051,98.24226,97.52525,96.68590999999999,95.9855,95.26017,98.32771,97.35564000000001,97.44258,97.6085,98.67588,102.0756
97.10611999999999,98.89323,99.37021999999999,97.35344,200907,96.77032,96.50213000000001,96.23248000000001,96.86604,99.53650999999999,98.5914,98.25534,97.84371999999999,96.46082,97.73721,98.43829000000001,97.52525,96.68590999999999,95.26369,97.7244,97.33148,97.35564000000001,97.44258,98.22456,101.5721
97.66515,99.21436,100.26100000000001,97.40845999999999,200908,97.10611999999999,96.77032,96.50213000000001,96.35345,99.10904000000001,98.89323,98.5914,98.25534,96.704,97.55968,99.37021999999999,98.43829000000001,97.52525,95.5062,97.10022,97.35344,97.33148,97.35564000000001,97.86754,101.0071
98.16832,99.64413,101.0321,97.48788,200909,97.66515,97.10611999999999,96.77032,96.1028,98.57378,99.21436,98.89323,98.5914,97.24489,97.47404,100.26100000000001,99.37021999999999,98.43829000000001,95.9855,96.47763,97.40845999999999,97.35344,97.33148,97.6085,100.4037
98.66176,99.95564,101.6393,97.58556,200910,98.16832,97.66515,97.10611999999999,96.23248000000001,98.05566,99.64413,99.21436,98.89323,97.84371999999999,97.24988,101.0321,100.26100000000001,99.37021999999999,96.68590999999999,95.90572,97.48788,97.40845999999999,97.35344,97.44258,99.79234
98.94144,100.1215,102.0547,97.69873,200911,98.66176,98.16832,97.66515,96.50213000000001,97.71437,99.95564,99.64413,99.21436,98.25534,96.98031,101.6393,101.0321,100.26100000000001,97.52525,95.47675,97.58556,97.48788,97.40845999999999,97.35564000000001,99.20602
99.0696,100.2814,102.2954,97.82715999999999,200912,98.94144,98.66176,98.16832,96.77032,97.33521,100.1215,99.95564,99.64413,98.5914,96.67051,102.0547,101.6393,101.0321,98.43829000000001,95.26017,97.69873,97.58556,97.48788,97.33148,98.67588
99.28048000000001,100.57600000000001,102.3904,97.97123,201001,99.0696,98.94144,98.66176,97.10611999999999,96.86604,100.2814,100.1215,99.95564,98.89323,96.46082,102.2954,102.0547,101.6393,99.37021999999999,95.26369,97.82715999999999,97.69873,97.58556,97.35344,98.22456
99.62552,100.7706,102.3628,98.13084,201002,99.28048000000001,99.0696,98.94144,97.66515,96.35345,100.57600000000001,100.2814,100.1215,99.21436,96.704,102.3904,102.2954,102.0547,100.26100000000001,95.5062,97.97123,97.82715999999999,97.69873,97.40845999999999,97.86754
99.9376,100.67299999999999,102.2256,98.30311999999999,201003,99.62552,99.28048000000001,99.0696,98.16832,96.1028,100.7706,100.57600000000001,100.2814,99.64413,97.24489,102.3628,102.3904,102.2954,101.0321,95.9855,98.13084,97.97123,97.82715999999999,97.48788,97.6085
100.2073,100.3885,102.0026,98.47874,201004,99.9376,99.62552,99.28048000000001,98.66176,96.23248000000001,100.67299999999999,100.7706,100.57600000000001,99.95564,97.84371999999999,102.2256,102.3628,102.3904,101.6393,96.68590999999999,98.30311999999999,98.13084,97.97123,97.58556,97.44258
100.3843,99.98385,101.7233,98.64605,201005,100.2073,99.9376,99.62552,98.94144,96.50213000000001,100.3885,100.67299999999999,100.7706,100.1215,98.25534,102.0026,102.2256,102.3628,102.0547,97.52525,98.47874,98.30311999999999,98.13084,97.69873,97.35564000000001
100.3649,99.56998,101.4307,98.79460999999999,201006,100.3843,100.2073,99.9376,99.0696,96.77032,99.98385,100.3885,100.67299999999999,100.2814,98.5914,101.7233,102.0026,102.2256,102.2954,98.43829000000001,98.64605,98.47874,98.30311999999999,97.82715999999999,97.33148
100.4543,99.19511,101.1619,98.91917,201007,100.3649,100.3843,100.2073,99.28048000000001,97.10611999999999,99.56998,99.98385,100.3885,100.57600000000001,98.89323,101.4307,101.7233,102.0026,102.3904,99.37021999999999,98.79460999999999,98.64605,98.47874,97.97123,97.35344
100.5407,99.0726,100.9542,99.01869,201008,100.4543,100.3649,100.3843,99.62552,97.66515,99.19511,99.56998,99.98385,100.7706,99.21436,101.1619,101.4307,101.7233,102.3628,100.26100000000001,98.91917,98.79460999999999,98.64605,98.13084,97.40845999999999
100.5935,98.93281999999999,100.8103,99.09683000000001,201009,100.5407,100.4543,100.3649,99.9376,98.16832,99.0726,99.19511,99.56998,100.67299999999999,99.64413,100.9542,101.1619,101.4307,102.2256,101.0321,99.01869,98.91917,98.79460999999999,98.30311999999999,97.48788
100.6797,98.81213000000001,100.7129,99.16401,201010,100.5935,100.5407,100.4543,100.2073,98.66176,98.93281999999999,99.0726,99.19511,100.3885,99.95564,100.8103,100.9542,101.1619,102.0026,101.6393,99.09683000000001,99.01869,98.91917,98.47874,97.58556
100.7983,98.63468,100.647,99.23103,201011,100.6797,100.5935,100.5407,100.3843,98.94144,98.81213000000001,98.93281999999999,99.0726,99.98385,100.1215,100.7129,100.8103,100.9542,101.7233,102.0547,99.16401,99.09683000000001,99.01869,98.64605,97.69873
101.02,98.42605999999999,100.5983,99.30325,201012,100.7983,100.6797,100.5935,100.3649,99.0696,98.63468,98.81213000000001,98.93281999999999,99.56998,100.2814,100.647,100.7129,100.8103,101.4307,102.2954,99.23103,99.16401,99.09683000000001,98.79460999999999,97.82715999999999
101.1631,98.13425,100.5517,99.3745,201101,101.02,100.7983,100.6797,100.4543,99.28048000000001,98.42605999999999,98.63468,98.81213000000001,99.19511,100.57600000000001,100.5983,100.647,100.7129,101.1619,102.3904,99.30325,99.23103,99.16401,98.91917,97.97123
101.3547,97.90025,100.495,99.43394,201102,101.1631,101.02,100.7983,100.5407,99.62552,98.13425,98.42605999999999,98.63468,99.0726,100.7706,100.5517,100.5983,100.647,100.9542,102.3628,99.3745,99.30325,99.23103,99.01869,98.13084
101.4549,97.91582,100.3964,99.47264,201103,101.3547,101.1631,101.02,100.5935,99.9376,97.90025,98.13425,98.42605999999999,98.93281999999999,100.67299999999999,100.495,100.5517,100.5983,100.8103,102.2256,99.43394,99.3745,99.30325,99.09683000000001,98.30311999999999
101.3495,98.146,100.2366,99.49074,201104,101.4549,101.3547,101.1631,100.6797,100.2073,97.91582,97.90025,98.13425,98.81213000000001,100.3885,100.3964,100.495,100.5517,100.7129,102.0026,99.47264,99.43394,99.3745,99.16401,98.47874
101.15899999999999,98.57699000000001,100.0241,99.49287,201105,101.3495,101.4549,101.3547,100.7983,100.3843,98.146,97.91582,97.90025,98.63468,99.98385,100.2366,100.3964,100.495,100.647,101.7233,99.49074,99.47264,99.43394,99.23103,98.64605
100.9419,98.70700000000001,99.73829,99.4847,201106,101.15899999999999,101.3495,101.4549,101.02,100.3649,98.57699000000001,98.146,97.91582,98.42605999999999,99.56998,100.0241,100.2366,100.3964,100.5983,101.4307,99.49287,99.49074,99.47264,99.30325,98.79460999999999
100.6997,98.58784,99.40159,99.47054,201107,100.9419,101.15899999999999,101.3495,101.1631,100.4543,98.70700000000001,98.57699000000001,98.146,98.13425,99.19511,99.73829,100.0241,100.2366,100.5517,101.1619,99.4847,99.49287,99.49074,99.3745,98.91917
100.4502,98.33845,99.03175,99.45391,201108,100.6997,100.9419,101.15899999999999,101.3547,100.5407,98.58784,98.70700000000001,98.57699000000001,97.90025,99.0726,99.40159,99.73829,100.0241,100.495,100.9542,99.47054,99.4847,99.49287,99.43394,99.01869
100.0776,98.04692,98.6757,99.43849,201109,100.4502,100.6997,100.9419,101.4549,100.5935,98.33845,98.58784,98.70700000000001,97.91582,98.93281999999999,99.03175,99.40159,99.73829,100.3964,100.8103,99.45391,99.47054,99.4847,99.47264,99.09683000000001
99.73689,97.80299000000001,98.38194,99.42882,201110,100.0776,100.4502,100.6997,101.3495,100.6797,98.04692,98.33845,98.58784,98.146,98.81213000000001,98.6757,99.03175,99.40159,100.2366,100.7129,99.43849,99.45391,99.47054,99.49074,99.16401
99.59769,97.69496,98.18424,99.42856,201111,99.73689,100.0776,100.4502,101.15899999999999,100.7983,97.80299000000001,98.04692,98.33845,98.57699000000001,98.63468,98.38194,98.6757,99.03175,100.0241,100.647,99.42882,99.43849,99.45391,99.49287,99.23103
99.71119,97.6972,98.09229,99.43804,201112,99.59769,99.73689,100.0776,100.9419,101.02,97.69496,97.80299000000001,98.04692,98.70700000000001,98.42605999999999,98.18424,98.38194,98.6757,99.73829,100.5983,99.42856,99.42882,99.43849,99.4847,99.30325
100.0462,97.85557,98.09608,99.45094,201201,99.71119,99.59769,99.73689,100.6997,101.1631,97.6972,97.69496,97.80299000000001,98.58784,98.13425,98.09229,98.18424,98.38194,99.40159,100.5517,99.43804,99.42856,99.42882,99.47054,99.3745
100.3137,97.95975,98.14608,99.46044,201202,100.0462,99.71119,99.59769,100.4502,101.3547,97.85557,97.6972,97.69496,98.33845,97.90025,98.09608,98.09229,98.18424,99.03175,100.495,99.45094,99.43804,99.42856,99.45391,99.43394
100.3534,97.92738,98.21840999999999,99.46506,201203,100.3137,100.0462,99.71119,100.0776,101.4549,97.95975,97.85557,97.6972,98.04692,97.91582,98.14608,98.09608,98.09229,98.6757,100.3964,99.46044,99.45094,99.43804,99.43849,99.47264
100.227,97.88585,98.29458000000001,99.47423,201204,100.3534,100.3137,100.0462,99.73689,101.3495,97.92738,97.95975,97.85557,97.80299000000001,98.146,98.21840999999999,98.14608,98.09608,98.38194,100.2366,99.46506,99.46044,99.45094,99.42882,99.49074
99.90982,98.00319,98.37352,99.49901,201205,100.227,100.3534,100.3137,99.59769,101.15899999999999,97.88585,97.92738,97.95975,97.69496,98.57699000000001,98.29458000000001,98.21840999999999,98.14608,98.18424,100.0241,99.47423,99.46506,99.46044,99.42856,99.49287
99.84059,98.1886,98.48554,99.54207,201206,99.90982,100.227,100.3534,99.71119,100.9419,98.00319,97.88585,97.92738,97.6972,98.70700000000001,98.37352,98.29458000000001,98.21840999999999,98.09229,99.73829,99.49901,99.47423,99.46506,99.43804,99.4847
99.91911,98.37810999999999,98.63637,99.58646,201207,99.84059,99.90982,100.227,100.0462,100.6997,98.1886,98.00319,97.88585,97.85557,98.58784,98.48554,98.37352,98.29458000000001,98.09608,99.40159,99.54207,99.49901,99.47423,99.45094,99.47054
99.87448,98.44218000000001,98.81098,99.60991999999999,201208,99.91911,99.84059,99.90982,100.3137,100.4502,98.37810999999999,98.1886,98.00319,97.95975,98.33845,98.63637,98.48554,98.37352,98.14608,99.03175,99.58646,99.54207,99.49901,99.46044,99.45391
99.99033,98.44574,99.00527,99.59874,201209,99.87448,99.91911,99.84059,100.3534,100.0776,98.44218000000001,98.37810999999999,98.1886,97.92738,98.04692,98.81098,98.63637,98.48554,98.21840999999999,98.6757,99.60991999999999,99.58646,99.54207,99.46506,99.43849
100.1293,98.5221,99.19192,99.56286999999999,201210,99.99033,99.87448,99.91911,100.227,99.73689,98.44574,98.44218000000001,98.37810999999999,97.88585,97.80299000000001,99.00527,98.81098,98.63637,98.29458000000001,98.38194,99.59874,99.60991999999999,99.58646,99.47423,99.42882
100.1014,98.77637,99.3484,99.52266,201211,100.1293,99.99033,99.87448,99.90982,99.59769,98.5221,98.44574,98.44218000000001,98.00319,97.69496,99.19192,99.00527,98.81098,98.37352,98.18424,99.56286999999999,99.59874,99.60991999999999,99.49901,99.42856
100.1023,98.85262,99.4763,99.49701,201212,100.1014,100.1293,99.99033,99.84059,99.71119,98.77637,98.5221,98.44574,98.1886,97.6972,99.3484,99.19192,99.00527,98.48554,98.09229,99.52266,99.56286999999999,99.59874,99.54207,99.43804
99.99929,98.8421,99.60436999999999,99.49184,201301,100.1023,100.1014,100.1293,99.91911,100.0462,98.85262,98.77637,98.5221,98.37810999999999,97.85557,99.4763,99.3484,99.19192,98.63637,98.09608,99.49701,99.52266,99.56286999999999,99.58646,99.45094
99.92764,98.7576,99.72718,99.5063,201302,99.99929,100.1023,100.1014,99.87448,100.3137,98.8421,98.85262,98.77637,98.44218000000001,97.95975,99.60436999999999,99.4763,99.3484,98.81098,98.14608,99.49184,99.49701,99.52266,99.60991999999999,99.46044
99.90977,98.66783000000001,99.87116999999999,99.53733000000001,201303,99.92764,99.99929,100.1023,99.99033,100.3534,98.7576,98.8421,98.85262,98.44574,97.92738,99.72718,99.60436999999999,99.4763,99.00527,98.21840999999999,99.5063,99.49184,99.49701,99.59874,99.46506
99.90607,98.68903,100.04799999999999,99.58266,201304,99.90977,99.92764,99.99929,100.1293,100.227,98.66783000000001,98.7576,98.8421,98.5221,97.88585,99.87116999999999,99.72718,99.60436999999999,99.19192,98.29458000000001,99.53733000000001,99.5063,99.49184,99.56286999999999,99.47423
99.89466999999999,98.87315,100.2698,99.64031999999999,201305,99.90607,99.90977,99.92764,100.1014,99.90982,98.68903,98.66783000000001,98.7576,98.77637,98.00319,100.04799999999999,99.87116999999999,99.72718,99.3484,98.37352,99.58266,99.53733000000001,99.5063,99.52266,99.49901
99.9781,99.35719,100.5391,99.70698,201306,99.89466999999999,99.90607,99.90977,100.1023,99.84059,98.87315,98.68903,98.66783000000001,98.85262,98.1886,100.2698,100.04799999999999,99.87116999999999,99.4763,98.48554,99.64031999999999,99.58266,99.53733000000001,99.49701,99.54207
100.3536,100.1016,100.8421,99.77524,201307,99.9781,99.89466999999999,99.90607,99.99929,99.91911,99.35719,98.87315,98.68903,98.8421,98.37810999999999,100.5391,100.2698,100.04799999999999,99.60436999999999,98.63637,99.70698,99.64031999999999,99.58266,99.49184,99.58646
100.8586,100.7162,101.1362,99.83776999999999,201308,100.3536,99.9781,99.89466999999999,99.92764,99.87448,100.1016,99.35719,98.87315,98.7576,98.44218000000001,100.8421,100.5391,100.2698,99.72718,98.81098,99.77524,99.70698,99.64031999999999,99.5063,99.60991999999999
101.3166,101.04899999999999,101.3813,99.89106,201309,100.8586,100.3536,99.9781,99.90977,99.99033,100.7162,100.1016,99.35719,98.66783000000001,98.44574,101.1362,100.8421,100.5391,99.87116999999999,99.00527,99.83776999999999,99.77524,99.70698,99.53733000000001,99.59874
101.5165,101.0984,101.5536,99.93952,201310,101.3166,100.8586,100.3536,99.90607,100.1293,101.04899999999999,100.7162,100.1016,98.68903,98.5221,101.3813,101.1362,100.8421,100.04799999999999,99.19192,99.89106,99.83776999999999,99.77524,99.58266,99.56286999999999
101.7129,101.0681,101.6609,99.99084,201311,101.5165,101.3166,100.8586,99.89466999999999,100.1014,101.0984,101.04899999999999,100.7162,98.87315,98.77637,101.5536,101.3813,101.1362,100.2698,99.3484,99.93952,99.89106,99.83776999999999,99.64031999999999,99.52266
101.6735,101.1474,101.7177,100.0516,201312,101.7129,101.5165,101.3166,99.9781,100.1023,101.0681,101.0984,101.04899999999999,99.35719,98.85262,101.6609,101.5536,101.3813,100.5391,99.4763,99.99084,99.93952,99.89106,99.70698,99.49701
101.5141,101.417,101.7532,100.1224,201401,101.6735,101.7129,101.5165,100.3536,99.99929,101.1474,101.0681,101.0984,100.1016,98.8421,101.7177,101.6609,101.5536,100.8421,99.60436999999999,100.0516,99.99084,99.93952,99.77524,99.49184
101.3967,101.7079,101.7866,100.2009,201402,101.5141,101.6735,101.7129,100.8586,99.92764,101.417,101.1474,101.0681,100.7162,98.7576,101.7532,101.7177,101.6609,101.1362,99.72718,100.1224,100.0516,99.99084,99.83776999999999,99.5063
101.3811,101.9986,101.8187,100.2828,201403,101.3967,101.5141,101.6735,101.3166,99.90977,101.7079,101.417,101.1474,101.04899999999999,98.66783000000001,101.7866,101.7532,101.7177,101.3813,99.87116999999999,100.2009,100.1224,100.0516,99.89106,99.53733000000001
101.5722,102.279,101.8439,100.3638,201404,101.3811,101.3967,101.5141,101.5165,99.90607,101.9986,101.7079,101.417,101.0984,98.68903,101.8187,101.7866,101.7532,101.5536,100.04799999999999,100.2828,100.2009,100.1224,99.93952,99.58266
101.7445,102.4608,101.8417,100.4396,201405,101.5722,101.3811,101.3967,101.7129,99.89466999999999,102.279,101.9986,101.7079,101.0681,98.87315,101.8439,101.8187,101.7866,101.6609,100.2698,100.3638,100.2828,100.2009,99.99084,99.64031999999999
101.8207,102.47,101.8075,100.507,201406,101.7445,101.5722,101.3811,101.6735,99.9781,102.4608,102.279,101.9986,101.1474,99.35719,101.8417,101.8439,101.8187,101.7177,100.5391,100.4396,100.3638,100.2828,100.0516,99.70698
101.7198,102.3589,101.73200000000001,100.5646,201407,101.8207,101.7445,101.5722,101.5141,100.3536,102.47,102.4608,102.279,101.417,100.1016,101.8075,101.8417,101.8439,101.7532,100.8421,100.507,100.4396,100.3638,100.1224,99.77524
101.6006,102.2662,101.6214,100.6116,201408,101.7198,101.8207,101.7445,101.3967,100.8586,102.3589,102.47,102.4608,101.7079,100.7162,101.73200000000001,101.8075,101.8417,101.7866,101.1362,100.5646,100.507,100.4396,100.2009,99.83776999999999
101.4577,102.1252,101.4895,100.6475,201409,101.6006,101.7198,101.8207,101.3811,101.3166,102.2662,102.3589,102.47,101.9986,101.04899999999999,101.6214,101.73200000000001,101.8075,101.8187,101.3813,100.6116,100.5646,100.507,100.2828,99.89106
101.4259,102.0352,101.3609,100.6715,201410,101.4577,101.6006,101.7198,101.5722,101.5165,102.1252,102.2662,102.3589,102.279,101.0984,101.4895,101.6214,101.73200000000001,101.8439,101.5536,100.6475,100.6116,100.5646,100.3638,99.93952
101.4803,101.9222,101.2379,100.6832,201411,101.4259,101.4577,101.6006,101.7445,101.7129,102.0352,102.1252,102.2662,102.4608,101.0681,101.3609,101.4895,101.6214,101.8417,101.6609,100.6715,100.6475,100.6116,100.4396,99.99084
101.5193,101.8922,101.1274,100.6835,201412,101.4803,101.4259,101.4577,101.8207,101.6735,101.9222,102.0352,102.1252,102.47,101.1474,101.2379,101.3609,101.4895,101.8075,101.7177,100.6832,100.6715,100.6475,100.507,100.0516
101.4961,101.9413,101.0344,100.676,201501,101.5193,101.4803,101.4259,101.7198,101.5141,101.8922,101.9222,102.0352,102.3589,101.417,101.1274,101.2379,101.3609,101.73200000000001,101.7532,100.6835,100.6832,100.6715,100.5646,100.1224
101.4003,102.0631,100.9659,100.6652,201502,101.4961,101.5193,101.4803,101.6006,101.3967,101.9413,101.8922,101.9222,102.2662,101.7079,101.0344,101.1274,101.2379,101.6214,101.7866,100.676,100.6835,100.6832,100.6116,100.2009
101.1673,102.1843,100.9172,100.6546,201503,101.4003,101.4961,101.5193,101.4577,101.3811,102.0631,101.9413,101.8922,102.1252,101.9986,100.9659,101.0344,101.1274,101.4895,101.8187,100.6652,100.676,100.6835,100.6475,100.2828
101.0218,102.1823,100.8839,100.6456,201504,101.1673,101.4003,101.4961,101.4259,101.5722,102.1843,102.0631,101.9413,102.0352,102.279,100.9172,100.9659,101.0344,101.3609,101.8439,100.6546,100.6652,100.676,100.6715,100.3638
100.9585,102.0276,100.8599,100.6384,201505,101.0218,101.1673,101.4003,101.4803,101.7445,102.1823,102.1843,102.0631,101.9222,102.4608,100.8839,100.9172,100.9659,101.2379,101.8417,100.6456,100.6546,100.6652,100.6832,100.4396
100.8772,101.98700000000001,100.8261,100.6338,201506,100.9585,101.0218,101.1673,101.5193,101.8207,102.0276,102.1823,102.1843,101.8922,102.47,100.8599,100.8839,100.9172,101.1274,101.8075,100.6384,100.6456,100.6546,100.6835,100.507
100.8111,101.8796,100.7613,100.6338,201507,100.8772,100.9585,101.0218,101.4961,101.7198,101.98700000000001,102.0276,102.1823,101.9413,102.3589,100.8261,100.8599,100.8839,101.0344,101.73200000000001,100.6338,100.6384,100.6456,100.676,100.5646
100.6678,101.7374,100.6665,100.6395,201508,100.8111,100.8772,100.9585,101.4003,101.6006,101.8796,101.98700000000001,102.0276,102.0631,102.2662,100.7613,100.8261,100.8599,100.9659,101.6214,100.6338,100.6338,100.6384,100.6652,100.6116
100.5123,101.587,100.5522,100.6493,201509,100.6678,100.8111,100.8772,101.1673,101.4577,101.7374,101.8796,101.98700000000001,102.1843,102.1252,100.6665,100.7613,100.8261,100.9172,101.4895,100.6395,100.6338,100.6338,100.6546,100.6475
100.4006,101.5609,100.4357,100.6557,201510,100.5123,100.6678,100.8111,101.0218,101.4259,101.587,101.7374,101.8796,102.1823,102.0352,100.5522,100.6665,100.7613,100.8839,101.3609,100.6493,100.6395,100.6338,100.6456,100.6715
100.2883,101.6758,100.3141,100.6493,201511,100.4006,100.5123,100.6678,100.9585,101.4803,101.5609,101.587,101.7374,102.0276,101.9222,100.4357,100.5522,100.6665,100.8599,101.2379,100.6557,100.6493,100.6395,100.6384,100.6832
100.2453,101.8434,100.1812,100.6227,201512,100.2883,100.4006,100.5123,100.8772,101.5193,101.6758,101.5609,101.587,101.98700000000001,101.8922,100.3141,100.4357,100.5522,100.8261,101.1274,100.6493,100.6557,100.6493,100.6338,100.6835
100.2793,101.8637,100.0237,100.5754,201601,100.2453,100.2883,100.4006,100.8111,101.4961,101.8434,101.6758,101.5609,101.8796,101.9413,100.1812,100.3141,100.4357,100.7613,101.0344,100.6227,100.6493,100.6557,100.6338,100.676
100.2965,101.7382,99.85949000000001,100.5113,201602,100.2793,100.2453,100.2883,100.6678,101.4003,101.8637,101.8434,101.6758,101.7374,102.0631,100.0237,100.1812,100.3141,100.6665,100.9659,100.5754,100.6227,100.6493,100.6395,100.6652
100.40799999999999,101.6032,99.71053,100.4375,201603,100.2965,100.2793,100.2453,100.5123,101.1673,101.7382,101.8637,101.8434,101.587,102.1843,99.85949000000001,100.0237,100.1812,100.5522,100.9172,100.5113,100.5754,100.6227,100.6493,100.6546
100.4998,101.4364,99.58421,100.3641,201604,100.40799999999999,100.2965,100.2793,100.4006,101.0218,101.6032,101.7382,101.8637,101.5609,102.1823,99.71053,99.85949000000001,100.0237,100.4357,100.8839,100.4375,100.5113,100.5754,100.6557,100.6456
100.6369,101.1764,99.50343000000001,100.3021,201605,100.4998,100.40799999999999,100.2965,100.2883,100.9585,101.4364,101.6032,101.7382,101.6758,102.0276,99.58421,99.71053,99.85949000000001,100.3141,100.8599,100.3641,100.4375,100.5113,100.6493,100.6384
100.7039,100.859,99.48295,100.2597,201606,100.6369,100.4998,100.40799999999999,100.2453,100.8772,101.1764,101.4364,101.6032,101.8434,101.98700000000001,99.50343000000001,99.58421,99.71053,100.1812,100.8261,100.3021,100.3641,100.4375,100.6227,100.6338
100.63799999999999,100.5047,99.54103,100.2393,201607,100.7039,100.6369,100.4998,100.2793,100.8111,100.859,101.1764,101.4364,101.8637,101.8796,99.48295,99.50343000000001,99.58421,100.0237,100.7613,100.2597,100.3021,100.3641,100.5754,100.6338
100.5998,100.4983,99.68956,100.2392,201608,100.63799999999999,100.7039,100.6369,100.2965,100.6678,100.5047,100.859,101.1764,101.7382,101.7374,99.54103,99.48295,99.50343000000001,99.85949000000001,100.6665,100.2393,100.2597,100.3021,100.5113,100.6395
100.6573,100.7031,99.8812,100.2541,201609,100.5998,100.63799999999999,100.7039,100.40799999999999,100.5123,100.4983,100.5047,100.859,101.6032,101.587,99.68956,99.54103,99.48295,99.71053,100.5522,100.2392,100.2393,100.2597,100.4375,100.6493
100.8455,100.7305,100.0529,100.2736,201610,100.6573,100.5998,100.63799999999999,100.4998,100.4006,100.7031,100.4983,100.5047,101.4364,101.5609,99.8812,99.68956,99.54103,99.58421,100.4357,100.2541,100.2392,100.2393,100.3641,100.6557
101.1081,100.6349,100.1898,100.2862,201611,100.8455,100.6573,100.5998,100.6369,100.2883,100.7305,100.7031,100.4983,101.1764,101.6758,100.0529,99.8812,99.68956,99.50343000000001,100.3141,100.2736,100.2541,100.2392,100.3021,100.6493
101.2951,100.6377,100.2898,100.2828,201612,101.1081,100.8455,100.6573,100.7039,100.2453,100.6349,100.7305,100.7031,100.859,101.8434,100.1898,100.0529,99.8812,99.48295,100.1812,100.2862,100.2736,100.2541,100.2597,100.6227
101.4774,100.6654,100.3408,100.2604,201701,101.2951,101.1081,100.8455,100.63799999999999,100.2793,100.6377,100.6349,100.7305,100.5047,101.8637,100.2898,100.1898,100.0529,99.54103,100.0237,100.2828,100.2862,100.2736,100.2393,100.5754
101.6048,100.7026,100.3542,100.2197,201702,101.4774,101.2951,101.1081,100.5998,100.2965,100.6654,100.6377,100.6349,100.4983,101.7382,100.3408,100.2898,100.1898,99.68956,99.85949000000001,100.2604,100.2828,100.2862,100.2392,100.5113
101.6334,100.6877,100.3286,100.1639,201703,101.6048,101.4774,101.2951,100.6573,100.40799999999999,100.7026,100.6654,100.6377,100.7031,101.6032,100.3542,100.3408,100.2898,99.8812,99.71053,100.2197,100.2604,100.2828,100.2541,100.4375
101.6551,100.5987,100.2728,100.09899999999999,201704,101.6334,101.6048,101.4774,100.8455,100.4998,100.6877,100.7026,100.6654,100.7305,101.4364,100.3286,100.3542,100.3408,100.0529,99.58421,100.1639,100.2197,100.2604,100.2736,100.3641
101.839,100.469,100.2302,100.0316,201705,101.6551,101.6334,101.6048,101.1081,100.6369,100.5987,100.6877,100.7026,100.6349,101.1764,100.2728,100.3286,100.3542,100.1898,99.50343000000001,100.09899999999999,100.1639,100.2197,100.2862,100.3021
102.0686,100.3675,100.1951,99.96642,201706,101.839,101.6551,101.6334,101.2951,100.7039,100.469,100.5987,100.6877,100.6377,100.859,100.2302,100.2728,100.3286,100.2898,99.48295,100.0316,100.09899999999999,100.1639,100.2828,100.2597
102.1916,100.3577,100.1577,99.90491,201707,102.0686,101.839,101.6551,101.4774,100.63799999999999,100.3675,100.469,100.5987,100.6654,100.5047,100.1951,100.2302,100.2728,100.3408,99.54103,99.96642,100.0316,100.09899999999999,100.2604,100.2393
102.1093,100.3979,100.0913,99.84654,201708,102.1916,102.0686,101.839,101.6048,100.5998,100.3577,100.3675,100.469,100.7026,100.4983,100.1577,100.1951,100.2302,100.3542,99.68956,99.90491,99.96642,100.0316,100.2197,100.2392
101.9934,100.4902,99.98156999999999,99.78961,201709,102.1093,102.1916,102.0686,101.6334,100.6573,100.3979,100.3577,100.3675,100.6877,100.7031,100.0913,100.1577,100.1951,100.3286,99.8812,99.84654,99.90491,99.96642,100.1639,100.2541
101.9671,100.5321,99.84259,99.73199,201710,101.9934,102.1093,102.1916,101.6551,100.8455,100.4902,100.3979,100.3577,100.5987,100.7305,99.98156999999999,100.0913,100.1577,100.2728,100.0529,99.78961,99.84654,99.90491,100.09899999999999,100.2736
102.0141,100.53399999999999,99.70522,99.67189,201711,101.9671,101.9934,102.1093,101.839,101.1081,100.5321,100.4902,100.3979,100.469,100.6349,99.84259,99.98156999999999,100.0913,100.2302,100.1898,99.73199,99.78961,99.84654,100.0316,100.2862
102.0265,100.5308,99.60188000000001,99.60857,201712,102.0141,101.9671,101.9934,102.0686,101.2951,100.53399999999999,100.5321,100.4902,100.3675,100.6377,99.70522,99.84259,99.98156999999999,100.1951,100.2898,99.67189,99.73199,99.78961,99.96642,100.2828
101.8598,100.6269,99.52877,99.54339,201801,102.0265,102.0141,101.9671,102.1916,101.4774,100.5308,100.53399999999999,100.5321,100.3577,100.6654,99.60188000000001,99.70522,99.84259,100.1577,100.3408,99.60857,99.67189,99.73199,99.90491,100.2604
101.4963,100.7197,99.44903000000001,99.47832,201802,101.8598,102.0265,102.0141,102.1093,101.6048,100.6269,100.5308,100.53399999999999,100.3979,100.7026,99.52877,99.60188000000001,99.70522,100.0913,100.3542,99.54339,99.60857,99.67189,99.84654,100.2197
101.1914,100.7452,99.35431,99.41468,201803,101.4963,101.8598,102.0265,101.9934,101.6334,100.7197,100.6269,100.5308,100.4902,100.6877,99.44903000000001,99.52877,99.60188000000001,99.98156999999999,100.3286,99.47832,99.54339,99.60857,99.78961,100.1639
