Date,CPI_CHN,CPI_CHN-1,CPI_CHN-2,CPI_CHN-3,CPI_CHN-6,CPI_CHN-12,CPI_GBR,CPI_GBR-1,CPI_GBR-2,CPI_GBR-3,CPI_GBR-6,CPI_GBR-12
200001,81.521712515941,,,,,,81.14749845049509,,,,,
200002,82.58247322928679,81.521712515941,,,,,81.48608328408551,81.14749845049509,,,,
200003,81.43549482803991,82.58247322928679,81.521712515941,,,,81.5989448952823,81.48608328408551,81.14749845049509,,,
200004,80.95585838343351,81.43549482803991,82.58247322928679,81.521712515941,,,81.9375297288727,81.5989448952823,81.48608328408551,81.14749845049509,,
200005,80.47187465840771,80.95585838343351,81.43549482803991,82.58247322928679,,,82.1632529512663,81.9375297288727,81.5989448952823,81.48608328408551,,
200006,79.7414376227202,80.47187465840771,80.95585838343351,81.43549482803991,,,82.27611456246309,82.1632529512663,81.9375297288727,81.5989448952823,,
200007,79.2645606364244,79.7414376227202,80.47187465840771,80.95585838343351,81.521712515941,,81.8246681176759,82.27611456246309,82.1632529512663,81.9375297288727,81.14749845049509,
200008,79.73661585797859,79.2645606364244,79.7414376227202,80.47187465840771,82.58247322928679,,81.8246681176759,81.8246681176759,82.27611456246309,82.1632529512663,81.48608328408551,
200009,81.340128337483,79.73661585797859,79.2645606364244,79.7414376227202,81.43549482803991,,82.50183778485659,81.8246681176759,81.8246681176759,82.27611456246309,81.5989448952823,
200010,81.3398846177203,81.340128337483,79.73661585797859,79.2645606364244,80.95585838343351,,82.50183778485659,82.50183778485659,81.8246681176759,81.8246681176759,81.9375297288727,
200011,81.5843120584603,81.3398846177203,81.340128337483,79.73661585797859,80.47187465840771,,82.6146993960535,82.50183778485659,82.50183778485659,81.8246681176759,82.1632529512663,
200012,81.66589664176841,81.5843120584603,81.3398846177203,81.340128337483,79.7414376227202,,82.6146993960535,82.6146993960535,82.50183778485659,82.50183778485659,82.27611456246309,
200101,82.49997368474321,81.66589664176841,81.5843120584603,81.3398846177203,79.2645606364244,81.521712515941,81.9375297288727,82.6146993960535,82.6146993960535,82.50183778485659,81.8246681176759,81.14749845049509
200102,82.58247322928679,82.49997368474321,81.66589664176841,81.5843120584603,79.73661585797859,82.58247322928679,82.05039134006951,81.9375297288727,82.6146993960535,82.6146993960535,81.8246681176759,81.48608328408551
200103,82.08697880609701,82.58247322928679,82.49997368474321,81.66589664176841,81.340128337483,81.43549482803991,82.38897617365991,82.05039134006951,81.9375297288727,82.6146993960535,82.50183778485659,81.5989448952823
200104,82.2511528106718,82.08697880609701,82.58247322928679,82.49997368474321,81.3398846177203,80.95585838343351,82.84042261844709,82.38897617365991,82.05039134006951,81.9375297288727,82.50183778485659,81.9375297288727
200105,81.8398963583733,82.2511528106718,82.08697880609701,82.58247322928679,81.5843120584603,80.47187465840771,83.5175922856278,82.84042261844709,82.38897617365991,82.05039134006951,82.6146993960535,82.1632529512663
200106,80.8578182627882,81.8398963583733,82.2511528106718,82.08697880609701,81.66589664176841,79.7414376227202,83.6304538968246,83.5175922856278,82.84042261844709,82.38897617365991,82.6146993960535,82.27611456246309
200107,80.45352847108359,80.8578182627882,81.8398963583733,82.2511528106718,82.49997368474321,79.2645606364244,83.06614584084059,83.6304538968246,83.5175922856278,82.84042261844709,81.9375297288727,81.8246681176759
200108,80.5339827129005,80.45352847108359,80.8578182627882,81.8398963583733,82.58247322928679,79.73661585797859,83.404730674431,83.06614584084059,83.6304538968246,83.5175922856278,82.05039134006951,81.8246681176759
200109,81.258788283638,80.5339827129005,80.45352847108359,80.8578182627882,82.08697880609701,81.340128337483,83.6304538968246,83.404730674431,83.06614584084059,83.6304538968246,82.38897617365991,82.50183778485659
200110,81.50256472541041,81.258788283638,80.5339827129005,80.45352847108359,82.2511528106718,81.3398846177203,83.404730674431,83.6304538968246,83.404730674431,83.06614584084059,82.84042261844709,82.50183778485659
200111,81.33955911823641,81.50256472541041,81.258788283638,80.5339827129005,81.8398963583733,81.5843120584603,83.2918690632342,83.404730674431,83.6304538968246,83.404730674431,83.5175922856278,82.6146993960535
200112,81.4208991720815,81.33955911823641,81.50256472541041,81.258788283638,80.8578182627882,81.66589664176841,83.5175922856278,83.2918690632342,83.404730674431,83.6304538968246,83.6304538968246,82.6146993960535
200201,81.665161433979,81.4208991720815,81.33955911823641,81.50256472541041,80.45352847108359,82.49997368474321,83.17900745203741,83.5175922856278,83.2918690632342,83.404730674431,83.06614584084059,81.9375297288727
200202,82.5634784720957,81.665161433979,81.4208991720815,81.33955911823641,80.5339827129005,82.58247322928679,83.2918690632342,83.17900745203741,83.5175922856278,83.2918690632342,83.404730674431,82.05039134006951
200203,81.4901536406146,82.5634784720957,81.665161433979,81.4208991720815,81.258788283638,82.08697880609701,83.6304538968246,83.2918690632342,83.17900745203741,83.5175922856278,83.6304538968246,82.38897617365991
200204,81.24568247606321,81.4901536406146,82.5634784720957,81.665161433979,81.50256472541041,82.2511528106718,83.96903873041501,83.6304538968246,83.2918690632342,83.17900745203741,83.404730674431,82.84042261844709
200205,81.001945709601,81.24568247606321,81.4901536406146,82.5634784720957,81.33955911823641,81.8398963583733,84.19476195280859,83.96903873041501,83.6304538968246,83.2918690632342,83.2918690632342,83.5175922856278
200206,80.272928078379,81.001945709601,81.24568247606321,81.4901536406146,81.4208991720815,80.8578182627882,84.19476195280859,84.19476195280859,83.96903873041501,83.6304538968246,83.5175922856278,83.6304538968246
200207,79.71101799558708,80.272928078379,81.001945709601,81.24568247606321,81.665161433979,80.45352847108359,83.96903873041501,84.19476195280859,84.19476195280859,83.96903873041501,83.17900745203741,83.06614584084059
200208,79.9501508066638,79.71101799558708,80.272928078379,81.001945709601,82.5634784720957,80.5339827129005,84.19476195280859,83.96903873041501,84.19476195280859,84.19476195280859,83.2918690632342,83.404730674431
200209,80.7496520313354,79.9501508066638,79.71101799558708,80.272928078379,81.4901536406146,81.258788283638,84.4204851752022,84.19476195280859,83.96903873041501,84.19476195280859,83.6304538968246,83.6304538968246
200210,80.9111515961215,80.7496520313354,79.9501508066638,79.71101799558708,81.24568247606321,81.50256472541041,84.53334678639901,84.4204851752022,84.19476195280859,83.96903873041501,83.96903873041501,83.404730674431
200211,80.830240683387,80.9111515961215,80.7496520313354,79.9501508066638,81.001945709601,81.33955911823641,84.53334678639901,84.53334678639901,84.4204851752022,84.19476195280859,84.19476195280859,83.2918690632342
200212,81.07273132122829,80.830240683387,80.9111515961215,80.7496520313354,80.272928078379,81.4208991720815,84.87193161998941,84.53334678639901,84.53334678639901,84.4204851752022,84.19476195280859,83.5175922856278
200301,81.9645310823668,81.07273132122829,80.830240683387,80.9111515961215,79.71101799558708,81.665161433979,84.3076235640054,84.87193161998941,84.53334678639901,84.53334678639901,83.96903873041501,83.17900745203741
200302,82.7022116961195,81.9645310823668,81.07273132122829,80.830240683387,79.9501508066638,82.5634784720957,84.6462083975958,84.3076235640054,84.87193161998941,84.53334678639901,84.19476195280859,83.2918690632342
200303,82.20599906884479,82.7022116961195,81.9645310823668,81.07273132122829,80.7496520313354,81.4901536406146,84.98479323118609,84.6462083975958,84.3076235640054,84.87193161998941,84.4204851752022,83.6304538968246
200304,82.04158701240858,82.20599906884479,82.7022116961195,81.9645310823668,80.9111515961215,81.24568247606321,85.2105164535797,84.98479323118609,84.6462083975958,84.3076235640054,84.53334678639901,83.96903873041501
200305,81.46729580372859,82.04158701240858,82.20599906884479,82.7022116961195,80.830240683387,81.001945709601,85.2105164535797,85.2105164535797,84.98479323118609,84.6462083975958,84.53334678639901,84.19476195280859
200306,80.4896880629947,81.46729580372859,82.04158701240858,82.20599906884479,81.07273132122829,80.272928078379,85.09765484238291,85.2105164535797,85.2105164535797,84.98479323118609,84.87193161998941,84.19476195280859
200307,80.0872395295642,80.4896880629947,81.46729580372859,82.04158701240858,81.9645310823668,79.71101799558708,84.98479323118609,85.09765484238291,85.2105164535797,85.2105164535797,84.3076235640054,83.96903873041501
200308,80.6478500435214,80.0872395295642,80.4896880629947,81.46729580372859,82.7022116961195,79.9501508066638,85.32337806477649,84.98479323118609,85.09765484238291,85.2105164535797,84.6462083975958,84.19476195280859
200309,81.61562478492341,80.6478500435214,80.0872395295642,80.4896880629947,82.20599906884479,80.7496520313354,85.66196289836691,85.32337806477649,84.98479323118609,85.09765484238291,84.98479323118609,84.4204851752022
200310,82.3501653812676,81.61562478492341,80.6478500435214,80.0872395295642,82.04158701240858,80.9111515961215,85.7748245095637,85.66196289836691,85.32337806477649,84.98479323118609,85.2105164535797,84.53334678639901
200311,83.1736669298192,82.3501653812676,81.61562478492341,80.6478500435214,81.46729580372859,80.830240683387,85.66196289836691,85.7748245095637,85.66196289836691,85.32337806477649,85.2105164535797,84.53334678639901
200312,83.67270864962241,83.1736669298192,82.3501653812676,81.61562478492341,80.4896880629947,81.07273132122829,86.0005477319573,85.66196289836691,85.7748245095637,85.66196289836691,85.09765484238291,84.87193161998941
200401,84.5931086415255,83.67270864962241,83.1736669298192,82.3501653812676,80.0872395295642,81.9645310823668,85.54910128717009,86.0005477319573,85.66196289836691,85.7748245095637,84.98479323118609,84.3076235640054
200402,84.42392259265999,84.5931086415255,83.67270864962241,83.1736669298192,80.6478500435214,82.7022116961195,85.7748245095637,85.54910128717009,86.0005477319573,85.66196289836691,85.32337806477649,84.6462083975958
200403,84.67719438877751,84.42392259265999,84.5931086415255,83.67270864962241,81.61562478492341,82.20599906884479,85.88768612076049,85.7748245095637,85.54910128717009,86.0005477319573,85.66196289836691,84.98479323118609
200404,85.1005801501994,84.67719438877751,84.42392259265999,84.5931086415255,82.3501653812676,82.04158701240858,86.22627095435091,85.88768612076049,85.7748245095637,85.54910128717009,85.7748245095637,85.2105164535797
200405,85.015479848586,85.1005801501994,84.67719438877751,84.42392259265999,83.1736669298192,81.46729580372859,86.4519941767445,86.22627095435091,85.88768612076049,85.7748245095637,85.66196289836691,85.2105164535797
200406,84.42037124754559,85.015479848586,85.1005801501994,84.67719438877751,83.67270864962241,80.4896880629947,86.4519941767445,86.4519941767445,86.22627095435091,85.88768612076049,86.0005477319573,85.09765484238291
200407,84.251530130969,84.42037124754559,85.015479848586,85.1005801501994,84.5931086415255,80.0872395295642,86.22627095435091,86.4519941767445,86.4519941767445,86.22627095435091,85.54910128717009,84.98479323118609
200408,84.84129147183259,84.251530130969,84.42037124754559,85.015479848586,84.42392259265999,80.6478500435214,86.4519941767445,86.22627095435091,86.4519941767445,86.4519941767445,85.7748245095637,85.32337806477649
200409,85.7745454545454,84.84129147183259,84.251530130969,84.42037124754559,84.67719438877751,81.61562478492341,86.56485578794121,86.4519941767445,86.22627095435091,86.4519941767445,85.88768612076049,85.66196289836691
200410,85.7745454545454,85.7745454545454,84.84129147183259,84.251530130969,85.1005801501994,82.3501653812676,86.79057901033491,86.56485578794121,86.4519941767445,86.22627095435091,86.22627095435091,85.7748245095637
200411,85.5172219185846,85.7745454545454,85.7745454545454,84.84129147183259,85.015479848586,83.1736669298192,86.9034406215316,86.79057901033491,86.56485578794121,86.4519941767445,86.4519941767445,85.66196289836691
200412,85.6027392158054,85.5172219185846,85.7745454545454,85.7745454545454,84.42037124754559,83.67270864962241,87.3548870663188,86.9034406215316,86.79057901033491,86.56485578794121,86.4519941767445,86.0005477319573
200501,86.11635553936149,85.6027392158054,85.5172219185846,85.7745454545454,84.251530130969,84.5931086415255,86.9034406215316,87.3548870663188,86.9034406215316,86.79057901033491,86.22627095435091,85.54910128717009
200502,87.66644966701081,86.11635553936149,85.6027392158054,85.5172219185846,84.84129147183259,84.42392259265999,87.12541620421759,86.9034406215316,87.3548870663188,86.9034406215316,86.4519941767445,85.7748245095637
200503,86.87745187344379,87.66644966701081,86.11635553936149,85.6027392158054,85.7745454545454,84.67719438877751,87.45837957824641,87.12541620421759,86.9034406215316,87.3548870663188,86.56485578794121,85.88768612076049
200504,86.6168190927309,86.87745187344379,87.66644966701081,86.11635553936149,85.7745454545454,85.1005801501994,87.7913429522753,87.45837957824641,87.12541620421759,86.9034406215316,86.79057901033491,86.22627095435091
200505,86.44358535252321,86.6168190927309,86.87745187344379,87.66644966701081,85.5172219185846,85.015479848586,88.1243063263041,87.7913429522753,87.45837957824641,87.12541620421759,86.9034406215316,86.4519941767445
200506,85.75203740814959,86.44358535252321,86.6168190927309,86.87745187344379,85.6027392158054,84.42037124754559,88.1243063263041,88.1243063263041,87.7913429522753,87.45837957824641,87.3548870663188,86.4519941767445
200507,85.75203740814959,85.75203740814959,86.44358535252321,86.6168190927309,86.11635553936149,84.251530130969,88.2352941176471,88.1243063263041,88.1243063263041,87.7913429522753,86.9034406215316,86.22627095435091
200508,85.9235408190118,85.75203740814959,85.75203740814959,86.44358535252321,87.66644966701081,84.84129147183259,88.457269700333,88.2352941176471,88.1243063263041,88.1243063263041,87.12541620421759,86.4519941767445
200509,86.5250055666889,85.9235408190118,85.75203740814959,85.75203740814959,86.87745187344379,85.7745454545454,88.67924528301891,88.457269700333,88.2352941176471,88.1243063263041,87.45837957824641,86.56485578794121
200510,86.87110625290991,86.5250055666889,85.9235408190118,85.75203740814959,86.6168190927309,85.7745454545454,88.79023307436181,88.67924528301891,88.457269700333,88.2352941176471,87.7913429522753,86.79057901033491
200511,86.6104929050019,86.87110625290991,86.5250055666889,85.9235408190118,86.44358535252321,85.5172219185846,88.79023307436181,88.79023307436181,88.67924528301891,88.457269700333,88.1243063263041,86.9034406215316
200512,86.95693447501058,86.6104929050019,86.87110625290991,86.5250055666889,85.75203740814959,85.6027392158054,89.1231964483907,88.79023307436181,88.79023307436181,88.67924528301891,88.1243063263041,87.3548870663188
200601,88.08737474949899,86.95693447501058,86.6104929050019,86.87110625290991,85.75203740814959,86.11635553936149,88.79023307436181,89.1231964483907,88.79023307436181,88.79023307436181,88.2352941176471,86.9034406215316
200602,88.52781117791142,88.08737474949899,86.95693447501058,86.6104929050019,85.9235408190118,87.66644966701081,89.01220865704771,88.79023307436181,89.1231964483907,88.79023307436181,88.457269700333,87.12541620421759
200603,87.7310613145482,88.52781117791142,88.08737474949899,86.95693447501058,86.5250055666889,86.87745187344379,89.2341842397336,89.01220865704771,88.79023307436181,89.1231964483907,88.67924528301891,87.45837957824641
200604,87.90652334972981,87.7310613145482,88.52781117791142,88.08737474949899,86.87110625290991,86.6168190927309,89.7891231964484,89.2341842397336,89.01220865704771,88.79023307436181,88.79023307436181,87.7913429522753
200605,87.81861662719379,87.90652334972981,87.7310613145482,88.52781117791142,86.6104929050019,86.44358535252321,90.2330743618202,89.7891231964484,89.2341842397336,89.01220865704771,88.79023307436181,88.1243063263041
200606,87.37952349142729,87.81861662719379,87.90652334972981,87.7310613145482,86.95693447501058,85.75203740814959,90.45504994450609,90.2330743618202,89.7891231964484,89.2341842397336,89.1231964483907,88.1243063263041
200607,87.11738547802679,87.37952349142729,87.81861662719379,87.90652334972981,88.08737474949899,85.75203740814959,90.45504994450609,90.45504994450609,90.2330743618202,89.7891231964484,88.79023307436181,88.2352941176471
200608,87.3787372725248,87.11738547802679,87.37952349142729,87.81861662719379,88.52781117791142,85.9235408190118,90.78801331853501,90.45504994450609,90.45504994450609,90.2330743618202,89.01220865704771,88.457269700333
200609,87.815631262525,87.3787372725248,87.11738547802679,87.37952349142729,87.7310613145482,86.5250055666889,90.89900110987791,90.78801331853501,90.45504994450609,90.45504994450609,89.2341842397336,88.67924528301891
200610,87.90344648893739,87.815631262525,87.3787372725248,87.11738547802679,87.90652334972981,86.87110625290991,91.00998890122091,90.89900110987791,90.78801331853501,90.45504994450609,89.7891231964484,88.79023307436181
200611,88.1671569401429,87.90344648893739,87.815631262525,87.3787372725248,87.81861662719379,86.6104929050019,91.23196448390681,91.00998890122091,90.89900110987791,90.78801331853501,90.2330743618202,88.79023307436181
200612,89.4014971356855,88.1671569401429,87.90344648893739,87.815631262525,87.37952349142729,86.95693447501058,91.67591564927861,91.23196448390681,91.00998890122091,90.89900110987791,90.45504994450609,89.1231964483907
200701,90.0273079492318,89.4014971356855,88.1671569401429,87.90344648893739,87.11738547802679,88.08737474949899,91.1209766925638,91.67591564927861,91.23196448390681,91.00998890122091,90.45504994450609,88.79023307436181
200702,90.92758041335199,90.0273079492318,89.4014971356855,88.1671569401429,87.3787372725248,88.52781117791142,91.45394006659271,91.1209766925638,91.67591564927861,91.23196448390681,90.78801331853501,89.01220865704771
200703,90.6547980810105,90.92758041335199,90.0273079492318,89.4014971356855,87.815631262525,87.7310613145482,91.8978912319645,91.45394006659271,91.1209766925638,91.67591564927861,90.89900110987791,89.2341842397336
200704,90.56414323596691,90.6547980810105,90.92758041335199,90.0273079492318,87.90344648893739,87.90652334972981,92.2308546059934,91.8978912319645,91.45394006659271,91.1209766925638,91.00998890122091,89.7891231964484
200705,90.8358357118277,90.56414323596691,90.6547980810105,90.92758041335199,88.1671569401429,87.81861662719379,92.4528301886792,92.2308546059934,91.8978912319645,91.45394006659271,91.23196448390681,90.2330743618202
200706,91.19917896398859,90.8358357118277,90.56414323596691,90.6547980810105,89.4014971356855,87.37952349142729,92.6748057713652,92.4528301886792,92.2308546059934,91.8978912319645,91.67591564927861,90.45504994450609
200707,92.01997125564259,91.19917896398859,90.8358357118277,90.56414323596691,90.0273079492318,87.11738547802679,92.2308546059934,92.6748057713652,92.4528301886792,92.2308546059934,91.1209766925638,90.45504994450609
200708,93.1242112507844,92.01997125564259,91.19917896398859,90.8358357118277,90.92758041335199,87.3787372725248,92.56381798002221,92.2308546059934,92.6748057713652,92.4528301886792,91.45394006659271,90.78801331853501
200709,93.40358373312279,93.1242112507844,92.01997125564259,91.19917896398859,90.6547980810105,87.815631262525,92.6748057713652,92.56381798002221,92.2308546059934,92.6748057713652,91.8978912319645,90.89900110987791
200710,93.6837950648772,93.40358373312279,93.1242112507844,92.01997125564259,90.56414323596691,87.90344648893739,93.00776914539401,92.6748057713652,92.56381798002221,92.2308546059934,92.2308546059934,91.00998890122091
200711,94.3395809801421,93.6837950648772,93.40358373312279,93.1242112507844,90.8358357118277,88.1671569401429,93.34073251942291,93.00776914539401,92.6748057713652,92.56381798002221,92.4528301886792,91.23196448390681
200712,95.28297726766658,94.3395809801421,93.6837950648772,93.40358373312279,91.19917896398859,89.4014971356855,93.78468368479471,93.34073251942291,93.00776914539401,92.6748057713652,92.6748057713652,91.67591564927861
200801,96.42637274549101,95.28297726766658,94.3395809801421,93.6837950648772,92.01997125564259,90.0273079492318,93.34073251942291,93.78468368479471,93.34073251942291,93.00776914539401,92.2308546059934,91.1209766925638
200802,98.9334588368656,96.42637274549101,95.28297726766658,94.3395809801421,93.1242112507844,90.92758041335199,93.8956714761376,93.34073251942291,93.78468368479471,93.34073251942291,92.56381798002221,91.45394006659271
200803,98.24092386793791,98.9334588368656,96.42637274549101,95.28297726766658,93.40358373312279,90.6547980810105,94.22863485016649,93.8956714761376,93.34073251942291,93.78468368479471,92.6748057713652,91.8978912319645
200804,98.3391647942349,98.24092386793791,98.9334588368656,96.42637274549101,93.6837950648772,90.56414323596691,95.00554938956721,94.22863485016649,93.8956714761376,93.34073251942291,93.00776914539401,92.2308546059934
200805,97.94580838444558,98.3391647942349,98.24092386793791,98.9334588368656,94.3395809801421,90.8358357118277,95.56048834628191,95.00554938956721,94.22863485016649,93.8956714761376,93.34073251942291,92.4528301886792
200806,97.74991680330359,97.94580838444558,98.3391647942349,98.24092386793791,95.28297726766658,91.19917896398859,96.11542730299671,95.56048834628191,95.00554938956721,94.22863485016649,93.78468368479471,92.6748057713652
200807,97.8476670512742,97.74991680330359,97.94580838444558,98.3391647942349,96.42637274549101,92.01997125564259,96.11542730299671,96.11542730299671,95.56048834628191,95.00554938956721,93.34073251942291,92.2308546059934
200808,97.7498188295783,97.8476670512742,97.74991680330359,97.94580838444558,98.9334588368656,93.1242112507844,96.6703662597114,96.11542730299671,96.11542730299671,95.56048834628191,93.8956714761376,92.56381798002221
200809,97.7498188295783,97.7498188295783,97.8476670512742,97.74991680330359,98.24092386793791,93.40358373312279,97.1143174250832,96.6703662597114,96.11542730299671,96.11542730299671,94.22863485016649,92.6748057713652
200810,97.4565697050667,97.7498188295783,97.7498188295783,97.8476670512742,98.3391647942349,93.6837950648772,96.8923418423974,97.1143174250832,96.6703662597114,96.11542730299671,95.00554938956721,93.00776914539401
200811,96.67691747130621,97.4565697050667,97.7498188295783,97.7498188295783,97.94580838444558,94.3395809801421,96.8923418423974,96.8923418423974,97.1143174250832,96.6703662597114,95.56048834628191,93.34073251942291
200812,96.4835634906176,96.67691747130621,97.4565697050667,97.7498188295783,97.74991680330359,95.28297726766658,96.6703662597114,96.8923418423974,96.8923418423974,97.1143174250832,96.11542730299671,93.78468368479471
200901,97.3519151434181,96.4835634906176,96.67691747130621,97.4565697050667,97.8476670512742,96.42637274549101,96.11542730299671,96.6703662597114,96.8923418423974,96.8923418423974,96.11542730299671,93.34073251942291
200902,97.3519151434181,97.3519151434181,96.4835634906176,96.67691747130621,97.7498188295783,98.9334588368656,96.78135405105441,96.11542730299671,96.6703662597114,96.8923418423974,96.6703662597114,93.8956714761376
200903,97.05985951701379,97.3519151434181,97.3519151434181,96.4835634906176,97.7498188295783,98.24092386793791,96.8923418423974,96.78135405105441,96.11542730299671,96.6703662597114,97.1143174250832,94.22863485016649
200904,96.8657395599279,97.05985951701379,97.3519151434181,97.3519151434181,97.4565697050667,98.3391647942349,97.1143174250832,96.8923418423974,96.78135405105441,96.11542730299671,96.8923418423974,95.00554938956721
200905,96.5751430132993,96.8657395599279,97.05985951701379,97.3519151434181,96.67691747130621,97.94580838444558,97.5582685904551,97.1143174250832,96.8923418423974,96.78135405105441,96.8923418423974,95.56048834628191
200906,96.0922669581587,96.5751430132993,96.8657395599279,97.05985951701379,96.4835634906176,97.74991680330359,97.780244173141,97.5582685904551,97.1143174250832,96.8923418423974,96.6703662597114,96.11542730299671
200907,96.0922669581587,96.0922669581587,96.5751430132993,96.8657395599279,97.3519151434181,97.8476670512742,97.66925638179801,97.780244173141,97.5582685904551,97.1143174250832,96.11542730299671,96.11542730299671
200908,96.57272832533751,96.0922669581587,96.0922669581587,96.5751430132993,97.3519151434181,97.7498188295783,98.00221975582691,97.66925638179801,97.780244173141,97.5582685904551,96.78135405105441,96.6703662597114
200909,96.95900892694479,96.57272832533751,96.0922669581587,96.0922669581587,97.05985951701379,97.7498188295783,98.00221975582691,98.00221975582691,97.66925638179801,97.780244173141,96.8923418423974,97.1143174250832
200910,96.8644359425922,96.95900892694479,96.57272832533751,96.0922669581587,96.8657395599279,97.4565697050667,98.1132075471698,98.00221975582691,98.00221975582691,97.66925638179801,97.1143174250832,96.8923418423974
200911,97.1559280176515,96.8644359425922,96.95900892694479,96.57272832533751,96.5751430132993,96.67691747130621,98.33518312985571,98.1132075471698,98.00221975582691,98.00221975582691,97.5582685904551,96.8923418423974
200912,98.1275682678488,97.1559280176515,96.8644359425922,96.95900892694479,96.0922669581587,96.4835634906176,98.6681465038846,98.33518312985571,98.1132075471698,98.00221975582691,97.780244173141,96.6703662597114
201001,98.71055241796721,98.1275682678488,97.1559280176515,96.8644359425922,96.0922669581587,97.3519151434181,98.5571587125416,98.6681465038846,98.33518312985571,98.1132075471698,97.66925638179801,96.11542730299671
201002,99.900811724459,98.71055241796721,98.1275682678488,97.1559280176515,96.57272832533751,97.3519151434181,98.77913429522751,98.5571587125416,98.6681465038846,98.33518312985571,98.00221975582691,96.78135405105441
201003,99.1963725430659,99.900811724459,98.71055241796721,98.1275682678488,96.95900892694479,97.05985951701379,99.2230854605994,98.77913429522751,98.5571587125416,98.6681465038846,98.00221975582691,96.8923418423974
201004,99.39879759519042,99.1963725430659,99.900811724459,98.71055241796721,96.8644359425922,96.8657395599279,99.77802441731409,99.2230854605994,98.77913429522751,98.5571587125416,98.1132075471698,97.1143174250832
201005,99.3016335701706,99.39879759519042,99.1963725430659,99.900811724459,97.1559280176515,96.5751430132993,100.0,99.77802441731409,99.2230854605994,98.77913429522751,98.33518312985571,97.5582685904551
201006,98.70245541588221,99.3016335701706,99.39879759519042,99.1963725430659,98.1275682678488,96.0922669581587,100.110987791343,100.0,99.77802441731409,99.2230854605994,98.6681465038846,97.780244173141
201007,99.09920851804621,98.70245541588221,99.3016335701706,99.39879759519042,98.71055241796721,96.0922669581587,99.889012208657,100.110987791343,100.0,99.77802441731409,98.5571587125416,97.66925638179801
201008,99.6902896702496,99.09920851804621,98.70245541588221,99.3016335701706,99.900811724459,96.57272832533751,100.332963374029,99.889012208657,100.110987791343,100.0,98.77913429522751,98.00221975582691
201009,100.28946782453801,99.6902896702496,99.09920851804621,98.70245541588221,99.1963725430659,96.95900892694479,100.332963374029,100.332963374029,99.889012208657,100.110987791343,99.2230854605994,98.00221975582691
201010,100.99390700593099,100.28946782453801,99.6902896702496,99.09920851804621,99.39879759519042,96.8644359425922,100.55493895671499,100.332963374029,100.332963374029,99.889012208657,99.77802441731409,98.1132075471698
201011,102.10319629157301,100.99390700593099,100.28946782453801,99.6902896702496,99.3016335701706,97.1559280176515,100.887902330744,100.55493895671499,100.332963374029,100.332963374029,100.0,98.33518312985571
201012,102.613307422927,102.10319629157301,100.99390700593099,100.28946782453801,98.70245541588221,98.1275682678488,101.775804661487,100.887902330744,100.55493895671499,100.332963374029,100.110987791343,98.6681465038846
201101,103.641626687719,102.613307422927,102.10319629157301,100.99390700593099,99.09920851804621,98.71055241796721,101.88679245283001,101.775804661487,100.887902330744,100.55493895671499,99.889012208657,98.5571587125416
201102,104.966614435208,103.641626687719,102.613307422927,102.10319629157301,99.6902896702496,99.900811724459,102.441731409545,101.88679245283001,101.775804661487,100.887902330744,100.332963374029,98.77913429522751
201103,104.755919462977,104.966614435208,103.641626687719,102.613307422927,100.28946782453801,99.1963725430659,102.774694783574,102.441731409545,101.88679245283001,101.775804661487,100.332963374029,99.2230854605994
201104,104.86126694909201,104.755919462977,104.966614435208,103.641626687719,100.99390700593099,99.39879759519042,103.551609322974,102.774694783574,102.441731409545,101.88679245283001,100.55493895671499,99.77802441731409
201105,104.966614435208,104.86126694909201,104.755919462977,104.966614435208,102.10319629157301,99.3016335701706,103.77358490566,103.551609322974,102.774694783574,102.441731409545,100.887902330744,100.0
201106,105.28265689355499,104.966614435208,104.86126694909201,104.755919462977,102.613307422927,98.70245541588221,103.77358490566,103.77358490566,103.551609322974,102.774694783574,101.775804661487,100.110987791343
201107,105.74450027268699,105.28265689355499,104.966614435208,104.86126694909201,103.641626687719,99.09920851804621,103.77358490566,103.77358490566,103.77358490566,103.551609322974,101.88679245283001,99.889012208657
201108,106.044910784825,105.74450027268699,105.28265689355499,104.966614435208,104.966614435208,99.6902896702496,104.21753607103201,103.77358490566,103.77358490566,103.77358490566,102.441731409545,100.332963374029
201109,106.545594971723,106.044910784825,105.74450027268699,105.28265689355499,104.755919462977,100.28946782453801,104.88346281909,104.21753607103201,103.77358490566,103.77358490566,102.774694783574,100.332963374029
201110,106.645731809102,106.545594971723,106.044910784825,105.74450027268699,104.86126694909201,100.99390700593099,104.88346281909,104.88346281909,104.21753607103201,103.77358490566,103.551609322974,100.55493895671499
201111,106.445458134343,106.645731809102,106.545594971723,106.044910784825,104.966614435208,102.10319629157301,105.10543840177601,104.88346281909,104.88346281909,104.21753607103201,103.77358490566,100.887902330744
201112,106.745868646481,106.445458134343,106.645731809102,106.545594971723,105.28265689355499,102.613307422927,105.43840177580499,105.10543840177601,104.88346281909,104.88346281909,103.77358490566,101.775804661487
201201,108.348058044552,106.745868646481,106.445458134343,106.645731809102,105.74450027268699,103.641626687719,105.10543840177601,105.43840177580499,105.10543840177601,104.88346281909,103.77358490566,101.88679245283001
201202,108.24792120717301,108.348058044552,106.745868646481,106.445458134343,106.044910784825,104.966614435208,105.660377358491,105.10543840177601,105.43840177580499,105.10543840177601,104.21753607103201,102.441731409545
201203,108.448194881932,108.24792120717301,108.348058044552,106.745868646481,106.545594971723,104.755919462977,105.882352941176,105.660377358491,105.10543840177601,105.43840177580499,104.88346281909,102.774694783574
201204,108.348058044552,108.448194881932,108.24792120717301,108.348058044552,106.645731809102,104.86126694909201,106.437291897891,105.882352941176,105.660377358491,105.10543840177601,104.88346281909,103.551609322974
201205,108.047647532414,108.348058044552,108.448194881932,108.24792120717301,106.445458134343,104.966614435208,106.437291897891,106.437291897891,105.882352941176,105.660377358491,105.10543840177601,103.77358490566
201206,107.446826508138,108.047647532414,108.348058044552,108.448194881932,106.745868646481,105.28265689355499,106.104328523862,106.437291897891,106.437291897891,105.882352941176,105.43840177580499,103.77358490566
201207,107.546963345517,107.446826508138,108.047647532414,108.348058044552,108.348058044552,105.74450027268699,106.215316315205,106.104328523862,106.437291897891,106.437291897891,105.10543840177601,103.77358490566
201208,108.24859381035401,107.546963345517,107.446826508138,108.047647532414,108.24792120717301,106.044910784825,106.65926748057699,106.215316315205,106.104328523862,106.437291897891,105.660377358491,104.21753607103201
201209,108.58084357425699,108.24859381035401,107.546963345517,107.446826508138,108.448194881932,106.545594971723,106.99223085460599,106.65926748057699,106.215316315205,106.104328523862,105.882352941176,104.88346281909
201210,108.46739243536301,108.58084357425699,108.24859381035401,107.546963345517,108.348058044552,106.645731809102,107.436182019978,106.99223085460599,106.65926748057699,106.215316315205,106.437291897891,104.88346281909
201211,108.648468556691,108.46739243536301,108.58084357425699,108.24859381035401,108.047647532414,106.445458134343,107.65815760266399,107.436182019978,106.99223085460599,106.65926748057699,106.437291897891,105.10543840177601
201212,109.447934421518,108.648468556691,108.46739243536301,108.58084357425699,107.446826508138,106.745868646481,107.991120976693,107.65815760266399,107.436182019978,106.99223085460599,106.104328523862,105.43840177580499
201301,110.54192754656601,109.447934421518,108.648468556691,108.46739243536301,107.546963345517,108.348058044552,107.65815760266399,107.991120976693,107.65815760266399,107.436182019978,106.215316315205,105.10543840177601
201302,111.757475463287,110.54192754656601,109.447934421518,108.648468556691,108.24859381035401,108.24792120717301,108.21309655937799,107.65815760266399,107.991120976693,107.65815760266399,106.65926748057699,105.660377358491
201303,110.752622518798,111.757475463287,110.54192754656601,109.447934421518,108.58084357425699,108.448194881932,108.54605993340701,108.21309655937799,107.65815760266399,107.991120976693,106.99223085460599,105.882352941176
201304,110.971583216863,110.752622518798,111.757475463287,110.54192754656601,108.46739243536301,108.348058044552,108.76803551609301,108.54605993340701,108.21309655937799,107.65815760266399,107.436182019978,106.437291897891
201305,110.306921616,110.971583216863,110.752622518798,111.757475463287,108.648468556691,108.047647532414,108.990011098779,108.76803551609301,108.54605993340701,108.21309655937799,107.65815760266399,106.437291897891
201306,110.306921616,110.306921616,110.971583216863,110.752622518798,109.447934421518,107.446826508138,108.76803551609301,108.990011098779,108.76803551609301,108.54605993340701,107.991120976693,106.104328523862
201307,110.415996782394,110.306921616,110.306921616,110.971583216863,110.54192754656601,107.546963345517,108.76803551609301,108.76803551609301,108.990011098779,108.76803551609301,107.65815760266399,106.215316315205
201308,110.971421143808,110.415996782394,110.306921616,110.306921616,111.757475463287,108.24859381035401,109.21198668146499,108.76803551609301,108.76803551609301,108.990011098779,108.21309655937799,106.65926748057699
201309,111.85585380801399,110.971421143808,110.415996782394,110.306921616,110.752622518798,108.58084357425699,109.544950055494,109.21198668146499,108.76803551609301,108.76803551609301,108.54605993340701,106.99223085460599
201310,111.968170435518,111.85585380801399,110.971421143808,110.415996782394,110.971583216863,108.46739243536301,109.655937846837,109.544950055494,109.21198668146499,108.76803551609301,108.76803551609301,107.436182019978
201311,111.855772771486,111.968170435518,111.85585380801399,110.971421143808,110.306921616,108.648468556691,109.655937846837,109.655937846837,109.544950055494,109.21198668146499,108.990011098779,107.65815760266399
201312,112.19134503302799,111.855772771486,111.968170435518,111.85585380801399,110.306921616,109.447934421518,110.09988901220899,109.655937846837,109.655937846837,109.544950055494,108.76803551609301,107.991120976693
201401,113.31321472363399,112.19134503302799,111.855772771486,111.968170435518,110.415996782394,110.54192754656601,109.544950055494,110.09988901220899,109.655937846837,109.655937846837,108.76803551609301,107.65815760266399
201402,113.88782534596399,113.31321472363399,112.19134503302799,111.855772771486,110.971421143808,111.757475463287,109.988901220866,109.544950055494,110.09988901220899,109.655937846837,109.21198668146499,108.21309655937799
201403,113.31321472363399,113.88782534596399,113.31321472363399,112.19134503302799,111.85585380801399,110.752622518798,110.210876803552,109.988901220866,109.544950055494,110.09988901220899,109.544950055494,108.54605993340701
201404,112.853526225769,113.31321472363399,113.88782534596399,113.31321472363399,111.968170435518,110.971583216863,110.54384017758001,110.210876803552,109.988901220866,109.544950055494,109.655937846837,108.76803551609301
201405,112.96844835023501,112.853526225769,113.31321472363399,113.88782534596399,111.855772771486,110.306921616,110.54384017758001,110.54384017758001,110.210876803552,109.988901220866,109.655937846837,108.990011098779
201406,112.853526225769,112.96844835023501,112.853526225769,113.31321472363399,112.19134503302799,110.306921616,110.765815760266,110.54384017758001,110.54384017758001,110.210876803552,110.09988901220899,108.76803551609301
201407,112.853526225769,112.853526225769,112.96844835023501,112.853526225769,113.31321472363399,110.415996782394,110.54384017758001,110.765815760266,110.54384017758001,110.54384017758001,109.544950055494,108.76803551609301
201408,113.083370474701,112.853526225769,112.853526225769,112.96844835023501,113.88782534596399,110.971421143808,110.876803551609,110.54384017758001,110.765815760266,110.54384017758001,109.988901220866,109.21198668146499
201409,113.65798109703199,113.083370474701,112.853526225769,112.853526225769,113.31321472363399,111.85585380801399,110.98779134295201,110.876803551609,110.54384017758001,110.765815760266,110.210876803552,109.544950055494
201410,113.65798109703199,113.65798109703199,113.083370474701,112.853526225769,112.853526225769,111.968170435518,111.098779134295,110.98779134295201,110.876803551609,110.54384017758001,110.54384017758001,109.655937846837
201411,113.31321472363399,113.65798109703199,113.65798109703199,113.083370474701,112.96844835023501,111.855772771486,110.876803551609,111.098779134295,110.98779134295201,110.876803551609,110.54384017758001,109.655937846837
201412,113.772903221498,113.31321472363399,113.65798109703199,113.65798109703199,112.853526225769,112.19134503302799,110.876803551609,110.876803551609,111.098779134295,110.98779134295201,110.765815760266,110.09988901220899
201501,114.11766959489701,113.772903221498,113.31321472363399,113.65798109703199,112.853526225769,113.31321472363399,110.09988901220899,110.876803551609,110.876803551609,111.098779134295,110.54384017758001,109.544950055494
201502,115.49673508849101,114.11766959489701,113.772903221498,113.31321472363399,113.083370474701,113.88782534596399,110.432852386238,110.09988901220899,110.876803551609,110.876803551609,110.876803551609,109.988901220866
201503,114.807202341694,115.49673508849101,114.11766959489701,113.772903221498,113.65798109703199,113.31321472363399,110.54384017758001,110.432852386238,110.09988901220899,110.876803551609,110.98779134295201,110.210876803552
201504,114.577358092761,114.807202341694,115.49673508849101,114.11766959489701,113.65798109703199,112.853526225769,110.876803551609,110.54384017758001,110.432852386238,110.09988901220899,111.098779134295,110.54384017758001
201505,114.347513843829,114.577358092761,114.807202341694,115.49673508849101,113.31321472363399,112.96844835023501,111.098779134295,110.876803551609,110.54384017758001,110.432852386238,110.876803551609,110.54384017758001
201506,114.347513843829,114.347513843829,114.577358092761,114.807202341694,113.772903221498,112.853526225769,111.098779134295,111.098779134295,110.876803551609,110.54384017758001,110.876803551609,110.765815760266
201507,114.807202341694,114.347513843829,114.347513843829,114.577358092761,114.11766959489701,112.853526225769,110.98779134295201,111.098779134295,111.098779134295,110.876803551609,110.09988901220899,110.54384017758001
201508,115.381812964025,114.807202341694,114.347513843829,114.347513843829,115.49673508849101,113.083370474701,111.32075471698099,110.98779134295201,111.098779134295,111.098779134295,110.432852386238,110.876803551609
201509,115.49673508849101,115.381812964025,114.807202341694,114.347513843829,114.807202341694,113.65798109703199,111.20976692563801,111.32075471698099,110.98779134295201,111.098779134295,110.54384017758001,110.98779134295201
201510,115.03704659062599,115.49673508849101,115.381812964025,114.807202341694,114.577358092761,113.65798109703199,111.32075471698099,111.20976692563801,111.32075471698099,110.98779134295201,110.876803551609,111.098779134295
201511,115.03704659062599,115.03704659062599,115.49673508849101,115.381812964025,114.347513843829,113.31321472363399,111.32075471698099,111.32075471698099,111.20976692563801,111.32075471698099,111.098779134295,110.876803551609
201512,115.611657212957,115.03704659062599,115.03704659062599,115.49673508849101,114.347513843829,113.772903221498,111.43174250832399,111.32075471698099,111.32075471698099,111.20976692563801,111.098779134295,110.876803551609
201601,116.18626783528799,115.611657212957,115.03704659062599,115.03704659062599,114.807202341694,114.11766959489701,110.876803551609,111.43174250832399,111.32075471698099,111.32075471698099,110.98779134295201,110.09988901220899
201602,118.02502182674601,116.18626783528799,115.611657212957,115.03704659062599,115.381812964025,115.49673508849101,111.098779134295,110.876803551609,111.43174250832399,111.32075471698099,111.32075471698099,110.432852386238
201603,117.45041120441499,118.02502182674601,116.18626783528799,115.611657212957,115.49673508849101,114.807202341694,111.43174250832399,111.098779134295,110.876803551609,111.43174250832399,111.20976692563801,110.54384017758001
201604,117.220566955483,117.45041120441499,118.02502182674601,116.18626783528799,115.03704659062599,114.577358092761,111.65371809101002,111.43174250832399,111.098779134295,110.876803551609,111.32075471698099,110.876803551609
201605,116.760878457618,117.220566955483,117.45041120441499,118.02502182674601,115.03704659062599,114.347513843829,111.875693673696,111.65371809101002,111.43174250832399,111.098779134295,111.32075471698099,111.098779134295
201606,116.53103420868601,116.760878457618,117.220566955483,117.45041120441499,115.611657212957,114.347513843829,112.097669256382,111.875693673696,111.65371809101002,111.43174250832399,111.43174250832399,111.098779134295
201607,116.760878457618,116.53103420868601,116.760878457618,117.220566955483,116.18626783528799,114.807202341694,111.986681465039,112.097669256382,111.875693673696,111.65371809101002,110.876803551609,110.98779134295201
201608,116.875800582085,116.760878457618,116.53103420868601,116.760878457618,118.02502182674601,115.381812964025,112.31964483906799,111.986681465039,112.097669256382,111.875693673696,111.098779134295,111.32075471698099
201609,117.68025545334801,116.875800582085,116.760878457618,116.53103420868601,117.45041120441499,115.49673508849101,112.652608213097,112.31964483906799,111.986681465039,112.097669256382,111.43174250832399,111.20976692563801
201610,117.565333328882,117.68025545334801,116.875800582085,116.760878457618,117.220566955483,115.03704659062599,112.76359600443999,112.652608213097,112.31964483906799,111.986681465039,111.65371809101002,111.32075471698099
201611,117.68025545334801,117.565333328882,117.68025545334801,116.875800582085,116.760878457618,115.03704659062599,112.985571587125,112.76359600443999,112.652608213097,112.31964483906799,111.875693673696,111.32075471698099
201612,117.91009970228001,117.68025545334801,117.565333328882,117.68025545334801,116.53103420868601,115.611657212957,113.42952275249701,112.985571587125,112.76359600443999,112.652608213097,112.097669256382,111.43174250832399
201701,119.174243071408,117.91009970228001,117.68025545334801,117.565333328882,116.760878457618,116.18626783528799,112.985571587125,113.42952275249701,112.985571587125,112.76359600443999,111.986681465039,110.876803551609
201702,118.944398822475,119.174243071408,117.91009970228001,117.68025545334801,116.875800582085,118.02502182674601,113.65149833518299,112.985571587125,113.42952275249701,112.985571587125,112.31964483906799,111.098779134295
201703,118.59963244907699,118.944398822475,119.174243071408,117.91009970228001,117.68025545334801,117.45041120441499,113.984461709212,113.65149833518299,112.985571587125,113.42952275249701,112.652608213097,111.43174250832399
201704,118.59963244907699,118.59963244907699,118.944398822475,119.174243071408,117.565333328882,117.220566955483,114.53940066592699,113.984461709212,113.65149833518299,112.985571587125,112.76359600443999,111.65371809101002
201705,118.714554573543,118.59963244907699,118.59963244907699,118.944398822475,117.68025545334801,116.760878457618,114.872364039956,114.53940066592699,113.984461709212,113.65149833518299,112.985571587125,111.875693673696
201706,118.484710324611,118.714554573543,118.59963244907699,118.59963244907699,117.91009970228001,116.53103420868601,114.872364039956,114.872364039956,114.53940066592699,113.984461709212,113.42952275249701,112.097669256382
201707,118.369788200145,118.484710324611,118.714554573543,118.59963244907699,119.174243071408,116.760878457618,114.872364039956,114.872364039956,114.872364039956,114.53940066592699,112.985571587125,111.986681465039
201708,118.944398822475,118.369788200145,118.484710324611,118.714554573543,118.944398822475,116.875800582085,115.42730299667,114.872364039956,114.872364039956,114.872364039956,113.65149833518299,112.31964483906799
201709,119.63393156927201,118.944398822475,118.369788200145,118.484710324611,118.59963244907699,117.68025545334801,115.760266370699,115.42730299667,114.872364039956,114.872364039956,113.984461709212,112.652608213097
201710,119.748853693739,119.63393156927201,118.944398822475,118.369788200145,118.59963244907699,117.565333328882,115.871254162042,115.760266370699,115.42730299667,114.872364039956,114.53940066592699,112.76359600443999
201711,119.748853693739,119.748853693739,119.63393156927201,118.944398822475,118.714554573543,117.68025545334801,116.204217536071,115.871254162042,115.760266370699,115.42730299667,114.872364039956,112.985571587125
201712,120.093620067137,119.748853693739,119.748853693739,119.63393156927201,118.484710324611,117.91009970228001,116.5371809101,116.204217536071,115.871254162042,115.760266370699,114.872364039956,113.42952275249701
201801,120.8980749384,120.093620067137,119.748853693739,119.748853693739,118.369788200145,119.174243071408,115.98224195338499,116.5371809101,116.204217536071,115.871254162042,114.872364039956,112.985571587125
201802,122.39206255646002,120.8980749384,120.093620067137,119.748853693739,118.944398822475,118.944398822475,116.426193118757,115.98224195338499,116.5371809101,116.204217536071,115.42730299667,113.65149833518299
201803,121.012997062866,122.39206255646002,120.8980749384,120.093620067137,119.63393156927201,118.59963244907699,116.648168701443,116.426193118757,115.98224195338499,116.5371809101,115.760266370699,113.984461709212
201804,120.783152813934,121.012997062866,122.39206255646002,120.8980749384,119.748853693739,118.59963244907699,117.092119866815,116.648168701443,116.426193118757,115.98224195338499,115.871254162042,114.53940066592699
201805,120.553308565002,120.783152813934,121.012997062866,122.39206255646002,119.748853693739,118.714554573543,117.53607103218599,117.092119866815,116.648168701443,116.426193118757,116.204217536071,114.872364039956
201806,120.553308565002,120.553308565002,120.783152813934,121.012997062866,120.093620067137,118.484710324611,117.53607103218599,117.53607103218599,117.092119866815,116.648168701443,116.5371809101,114.872364039956
201807,120.8980749384,120.553308565002,120.553308565002,120.783152813934,120.8980749384,118.369788200145,117.53607103218599,117.53607103218599,117.53607103218599,117.092119866815,115.98224195338499,114.872364039956
