Date,CPI_TUR,CPI_GBR,CPI_TUR-1,CPI_TUR-2,CPI_TUR-3,CPI_TUR-6,CPI_TUR-12,CPI_GBR-1,CPI_GBR-2,CPI_GBR-3,CPI_GBR-6,CPI_GBR-12
200001,17.8594693286688,81.14749845049509,,,,,,,,,,
200002,18.5209054767937,81.48608328408551,17.8594693286688,,,,,81.14749845049509,,,,
200003,19.061702327461898,81.5989448952823,18.5209054767937,17.8594693286688,,,,81.48608328408551,81.14749845049509,,,
200004,19.5047397474324,81.9375297288727,19.061702327461898,18.5209054767937,17.8594693286688,,,81.5989448952823,81.48608328408551,81.14749845049509,,
200005,19.9373772279669,82.1632529512663,19.5047397474324,19.061702327461898,18.5209054767937,,,81.9375297288727,81.5989448952823,81.48608328408551,,
200006,20.072576440634002,82.27611456246309,19.9373772279669,19.5047397474324,19.061702327461898,,,82.1632529512663,81.9375297288727,81.5989448952823,,
200007,20.5232404828574,81.8246681176759,20.072576440634002,19.9373772279669,19.5047397474324,17.8594693286688,,82.27611456246309,82.1632529512663,81.9375297288727,81.14749845049509,
200008,20.9690512200108,81.8246681176759,20.5232404828574,20.072576440634002,19.9373772279669,18.5209054767937,,81.8246681176759,82.27611456246309,82.1632529512663,81.48608328408551,
200009,21.6138474650383,82.50183778485659,20.9690512200108,20.5232404828574,20.072576440634002,19.061702327461898,,81.8246681176759,81.8246681176759,82.27611456246309,81.5989448952823,
200010,22.2836035647119,82.50183778485659,21.6138474650383,20.9690512200108,20.5232404828574,19.5047397474324,,82.50183778485659,81.8246681176759,81.8246681176759,81.9375297288727,
200011,23.110745414516,82.6146993960535,22.2836035647119,21.6138474650383,20.9690512200108,19.9373772279669,,82.50183778485659,82.50183778485659,81.8246681176759,82.1632529512663,
200012,23.680662095604703,82.6146993960535,23.110745414516,22.2836035647119,21.6138474650383,20.072576440634002,,82.6146993960535,82.50183778485659,82.50183778485659,82.27611456246309,
200101,24.2741519727483,81.9375297288727,23.680662095604703,23.110745414516,22.2836035647119,20.5232404828574,17.8594693286688,82.6146993960535,82.6146993960535,82.50183778485659,81.8246681176759,81.14749845049509
200102,24.710949429057198,82.05039134006951,24.2741519727483,23.680662095604703,23.110745414516,20.9690512200108,18.5209054767937,81.9375297288727,82.6146993960535,82.6146993960535,81.8246681176759,81.48608328408551
200103,26.2113140250135,82.38897617365991,24.710949429057198,24.2741519727483,23.680662095604703,21.6138474650383,19.061702327461898,82.05039134006951,81.9375297288727,82.6146993960535,82.50183778485659,81.5989448952823
200104,28.920151583424502,82.84042261844709,26.2113140250135,24.710949429057198,24.2741519727483,22.2836035647119,19.5047397474324,82.38897617365991,82.05039134006951,81.9375297288727,82.50183778485659,81.9375297288727
200105,30.3816897388201,83.5175922856278,28.920151583424502,26.2113140250135,24.710949429057198,23.110745414516,19.9373772279669,82.84042261844709,82.38897617365991,82.05039134006951,82.6146993960535,82.1632529512663
200106,31.333630861855198,83.6304538968246,30.3816897388201,28.920151583424502,26.2113140250135,23.680662095604703,20.072576440634002,83.5175922856278,82.84042261844709,82.38897617365991,82.6146993960535,82.27611456246309
200107,32.0838131598334,83.06614584084059,31.333630861855198,30.3816897388201,28.920151583424502,24.2741519727483,20.5232404828574,83.6304538968246,83.5175922856278,82.84042261844709,81.9375297288727,81.8246681176759
200108,33.026741002024,83.404730674431,32.0838131598334,31.333630861855198,30.3816897388201,24.710949429057198,20.9690512200108,83.06614584084059,83.6304538968246,83.5175922856278,82.05039134006951,81.8246681176759
200109,34.9715296765423,83.6304538968246,33.026741002024,32.0838131598334,31.333630861855198,26.2113140250135,21.6138474650383,83.404730674431,83.06614584084059,83.6304538968246,82.38897617365991,82.50183778485659
200110,37.095197309358504,83.404730674431,34.9715296765423,33.026741002024,32.0838131598334,28.920151583424502,22.2836035647119,83.6304538968246,83.404730674431,83.06614584084059,82.84042261844709,82.50183778485659
200111,38.6628148470005,83.2918690632342,37.095197309358504,34.9715296765423,33.026741002024,30.3816897388201,23.110745414516,83.404730674431,83.6304538968246,83.404730674431,83.5175922856278,82.6146993960535
200112,39.90942092072021,83.5175922856278,38.6628148470005,37.095197309358504,34.9715296765423,31.333630861855198,23.680662095604703,83.2918690632342,83.404730674431,83.6304538968246,83.6304538968246,82.6146993960535
200201,42.0323952242407,83.17900745203741,39.90942092072021,38.6628148470005,37.095197309358504,32.0838131598334,24.2741519727483,83.5175922856278,83.2918690632342,83.404730674431,83.06614584084059,81.9375297288727
200202,42.7694042656,83.2918690632342,42.0323952242407,39.90942092072021,38.6628148470005,33.026741002024,24.710949429057198,83.17900745203741,83.5175922856278,83.2918690632342,83.404730674431,82.05039134006951
200203,43.278307968664706,83.6304538968246,42.7694042656,42.0323952242407,39.90942092072021,34.9715296765423,26.2113140250135,83.2918690632342,83.17900745203741,83.5175922856278,83.6304538968246,82.38897617365991
200204,44.167849455084294,83.96903873041501,43.278307968664706,42.7694042656,42.0323952242407,37.095197309358504,28.920151583424502,83.6304538968246,83.2918690632342,83.17900745203741,83.404730674431,82.84042261844709
200205,44.4236879652081,84.19476195280859,44.167849455084294,43.278307968664706,42.7694042656,38.6628148470005,30.3816897388201,83.96903873041501,83.6304538968246,83.2918690632342,83.2918690632342,83.5175922856278
200206,44.682993121810505,84.19476195280859,44.4236879652081,44.167849455084294,43.278307968664706,39.90942092072021,31.333630861855198,84.19476195280859,83.96903873041501,83.6304538968246,83.5175922856278,83.6304538968246
200207,45.3270960375422,83.96903873041501,44.682993121810505,44.4236879652081,44.167849455084294,42.0323952242407,32.0838131598334,84.19476195280859,84.19476195280859,83.96903873041501,83.17900745203741,83.06614584084059
200208,46.31717027184239,84.19476195280859,45.3270960375422,44.682993121810505,44.4236879652081,42.7694042656,33.026741002024,83.96903873041501,84.19476195280859,84.19476195280859,83.2918690632342,83.404730674431
200209,47.9277742258196,84.4204851752022,46.31717027184239,45.3270960375422,44.682993121810505,43.278307968664706,34.9715296765423,84.19476195280859,83.96903873041501,84.19476195280859,83.6304538968246,83.6304538968246
200210,49.5030183857146,84.53334678639901,47.9277742258196,46.31717027184239,45.3270960375422,44.167849455084294,37.095197309358504,84.4204851752022,84.19476195280859,83.96903873041501,83.96903873041501,83.404730674431
200211,50.94444999153401,84.53334678639901,49.5030183857146,47.9277742258196,46.31717027184239,44.4236879652081,38.6628148470005,84.53334678639901,84.4204851752022,84.19476195280859,84.19476195280859,83.2918690632342
200212,51.781991780774,84.87193161998941,50.94444999153401,49.5030183857146,47.9277742258196,44.682993121810505,39.90942092072021,84.53334678639901,84.53334678639901,84.4204851752022,84.19476195280859,83.5175922856278
200301,53.122197309417,84.3076235640054,51.781991780774,50.94444999153401,49.5030183857146,45.3270960375422,42.0323952242407,84.87193161998941,84.53334678639901,84.53334678639901,83.96903873041501,83.17900745203741
200302,53.9405829596413,84.6462083975958,53.122197309417,51.781991780774,50.94444999153401,46.31717027184239,42.7694042656,84.3076235640054,84.87193161998941,84.53334678639901,84.19476195280859,83.2918690632342
200303,55.0,84.98479323118609,53.9405829596413,53.122197309417,51.781991780774,47.9277742258196,43.278307968664706,84.6462083975958,84.3076235640054,84.87193161998941,84.4204851752022,83.6304538968246
200304,55.54372197309421,85.2105164535797,55.0,53.9405829596413,53.122197309417,49.5030183857146,44.167849455084294,84.98479323118609,84.6462083975958,84.3076235640054,84.53334678639901,83.96903873041501
200305,56.076233183856495,85.2105164535797,55.54372197309421,55.0,53.9405829596413,50.94444999153401,44.4236879652081,85.2105164535797,84.98479323118609,84.6462083975958,84.53334678639901,84.19476195280859
200306,56.1210762331839,85.09765484238291,56.076233183856495,55.54372197309421,55.0,51.781991780774,44.682993121810505,85.2105164535797,85.2105164535797,84.98479323118609,84.87193161998941,84.19476195280859
200307,56.0145739910314,84.98479323118609,56.1210762331839,56.076233183856495,55.54372197309421,53.122197309417,45.3270960375422,85.09765484238291,85.2105164535797,85.2105164535797,84.3076235640054,83.96903873041501
200308,56.1042600896861,85.32337806477649,56.0145739910314,56.1210762331839,56.076233183856495,53.9405829596413,46.31717027184239,84.98479323118609,85.09765484238291,85.2105164535797,84.6462083975958,84.19476195280859
200309,56.8609865470852,85.66196289836691,56.1042600896861,56.0145739910314,56.1210762331839,55.0,47.9277742258196,85.32337806477649,84.98479323118609,85.09765484238291,84.98479323118609,84.4204851752022
200310,57.387892376681606,85.7748245095637,56.8609865470852,56.1042600896861,56.0145739910314,55.54372197309421,49.5030183857146,85.66196289836691,85.32337806477649,84.98479323118609,85.2105164535797,84.53334678639901
200311,58.116591928251104,85.66196289836691,57.387892376681606,56.8609865470852,56.1042600896861,56.076233183856495,50.94444999153401,85.7748245095637,85.66196289836691,85.32337806477649,85.2105164535797,84.53334678639901
200312,58.3632286995516,86.0005477319573,58.116591928251104,57.387892376681606,56.8609865470852,56.1210762331839,51.781991780774,85.66196289836691,85.7748245095637,85.66196289836691,85.09765484238291,84.87193161998941
200401,58.75,85.54910128717009,58.3632286995516,58.116591928251104,57.387892376681606,56.0145739910314,53.122197309417,86.0005477319573,85.66196289836691,85.7748245095637,84.98479323118609,84.3076235640054
200402,59.052690582959606,85.7748245095637,58.75,58.3632286995516,58.116591928251104,56.1042600896861,53.9405829596413,85.54910128717009,86.0005477319573,85.66196289836691,85.32337806477649,84.6462083975958
200403,59.6188340807175,85.88768612076049,59.052690582959606,58.75,58.3632286995516,56.8609865470852,55.0,85.7748245095637,85.54910128717009,86.0005477319573,85.66196289836691,84.98479323118609
200404,59.915919282511204,86.22627095435091,59.6188340807175,59.052690582959606,58.75,57.387892376681606,55.54372197309421,85.88768612076049,85.7748245095637,85.54910128717009,85.7748245095637,85.2105164535797
200405,60.173766816143505,86.4519941767445,59.915919282511204,59.6188340807175,59.052690582959606,58.116591928251104,56.076233183856495,86.22627095435091,85.88768612076049,85.7748245095637,85.66196289836691,85.2105164535797
200406,60.0952914798206,86.4519941767445,60.173766816143505,59.915919282511204,59.6188340807175,58.3632286995516,56.1210762331839,86.4519941767445,86.22627095435091,85.88768612076049,86.0005477319573,85.09765484238291
200407,60.3811659192825,86.22627095435091,60.0952914798206,60.173766816143505,59.915919282511204,58.75,56.0145739910314,86.4519941767445,86.4519941767445,86.22627095435091,85.54910128717009,84.98479323118609
200408,60.84080717488789,86.4519941767445,60.3811659192825,60.0952914798206,60.173766816143505,59.052690582959606,56.1042600896861,86.22627095435091,86.4519941767445,86.4519941767445,85.7748245095637,85.32337806477649
200409,61.4181614349776,86.56485578794121,60.84080717488789,60.3811659192825,60.0952914798206,59.6188340807175,56.8609865470852,86.4519941767445,86.22627095435091,86.4519941767445,85.88768612076049,85.66196289836691
200410,62.7970852017937,86.79057901033491,61.4181614349776,60.84080717488789,60.3811659192825,59.915919282511204,57.387892376681606,86.56485578794121,86.4519941767445,86.22627095435091,86.22627095435091,85.7748245095637
200411,63.6210762331839,86.9034406215316,62.7970852017937,61.4181614349776,60.84080717488789,60.173766816143505,58.116591928251104,86.79057901033491,86.56485578794121,86.4519941767445,86.4519941767445,85.66196289836691
200412,63.822869955157,87.3548870663188,63.6210762331839,62.7970852017937,61.4181614349776,60.0952914798206,58.3632286995516,86.9034406215316,86.79057901033491,86.56485578794121,86.4519941767445,86.0005477319573
200501,64.17600896860989,86.9034406215316,63.822869955157,63.6210762331839,62.7970852017937,60.3811659192825,58.75,87.3548870663188,86.9034406215316,86.79057901033491,86.22627095435091,85.54910128717009
200502,64.1872197309417,87.12541620421759,64.17600896860989,63.822869955157,63.6210762331839,60.84080717488789,59.052690582959606,86.9034406215316,87.3548870663188,86.9034406215316,86.4519941767445,85.7748245095637
200503,64.3553811659193,87.45837957824641,64.1872197309417,64.17600896860989,63.822869955157,61.4181614349776,59.6188340807175,87.12541620421759,86.9034406215316,87.3548870663188,86.56485578794121,85.88768612076049
200504,64.8150224215246,87.7913429522753,64.3553811659193,64.1872197309417,64.17600896860989,62.7970852017937,59.915919282511204,87.45837957824641,87.12541620421759,86.9034406215316,86.79057901033491,86.22627095435091
200505,65.4091928251121,88.1243063263041,64.8150224215246,64.3553811659193,64.1872197309417,63.6210762331839,60.173766816143505,87.7913429522753,87.45837957824641,87.12541620421759,86.9034406215316,86.4519941767445
200506,65.4764573991032,88.1243063263041,65.4091928251121,64.8150224215246,64.3553811659193,63.822869955157,60.0952914798206,88.1243063263041,87.7913429522753,87.45837957824641,87.3548870663188,86.4519941767445
200507,65.1008968609865,88.2352941176471,65.4764573991032,65.4091928251121,64.8150224215246,64.17600896860989,60.3811659192825,88.1243063263041,88.1243063263041,87.7913429522753,86.9034406215316,86.22627095435091
200508,65.6558295964126,88.457269700333,65.1008968609865,65.4764573991032,65.4091928251121,64.1872197309417,60.84080717488789,88.2352941176471,88.1243063263041,88.1243063263041,87.12541620421759,86.4519941767445
200509,66.3284753363229,88.67924528301891,65.6558295964126,65.1008968609865,65.4764573991032,64.3553811659193,61.4181614349776,88.457269700333,88.2352941176471,88.1243063263041,87.45837957824641,86.56485578794121
200510,67.5168161434978,88.79023307436181,66.3284753363229,65.6558295964126,65.1008968609865,64.8150224215246,62.7970852017937,88.67924528301891,88.457269700333,88.2352941176471,87.7913429522753,86.79057901033491
200511,68.46412556053811,88.79023307436181,67.5168161434978,66.3284753363229,65.6558295964126,65.4091928251121,63.6210762331839,88.79023307436181,88.67924528301891,88.457269700333,88.1243063263041,86.9034406215316
200512,68.75,89.1231964483907,68.46412556053811,67.5168161434978,66.3284753363229,65.4764573991032,63.822869955157,88.79023307436181,88.79023307436181,88.67924528301891,88.1243063263041,87.3548870663188
200601,69.2656950672646,88.79023307436181,68.75,68.46412556053811,67.5168161434978,65.1008968609865,64.17600896860989,89.1231964483907,88.79023307436181,88.79023307436181,88.2352941176471,86.9034406215316
200602,69.4170403587444,89.01220865704771,69.2656950672646,68.75,68.46412556053811,65.6558295964126,64.1872197309417,88.79023307436181,89.1231964483907,88.79023307436181,88.457269700333,87.12541620421759
200603,69.6076233183856,89.2341842397336,69.4170403587444,69.2656950672646,68.75,66.3284753363229,64.3553811659193,89.01220865704771,88.79023307436181,89.1231964483907,88.67924528301891,87.45837957824641
200604,70.5381165919282,89.7891231964484,69.6076233183856,69.4170403587444,69.2656950672646,67.5168161434978,64.8150224215246,89.2341842397336,89.01220865704771,88.79023307436181,88.79023307436181,87.7913429522753
200605,71.8609865470852,90.2330743618202,70.5381165919282,69.6076233183856,69.4170403587444,68.46412556053811,65.4091928251121,89.7891231964484,89.2341842397336,89.01220865704771,88.79023307436181,88.1243063263041
200606,72.1020179372197,90.45504994450609,71.8609865470852,70.5381165919282,69.6076233183856,68.75,65.4764573991032,90.2330743618202,89.7891231964484,89.2341842397336,89.1231964483907,88.1243063263041
200607,72.7130044843049,90.45504994450609,72.1020179372197,71.8609865470852,70.5381165919282,69.2656950672646,65.1008968609865,90.45504994450609,90.2330743618202,89.7891231964484,88.79023307436181,88.2352941176471
200608,72.3934977578476,90.78801331853501,72.7130044843049,72.1020179372197,71.8609865470852,69.4170403587444,65.6558295964126,90.45504994450609,90.45504994450609,90.2330743618202,89.01220865704771,88.457269700333
200609,73.3239910313901,90.89900110987791,72.3934977578476,72.7130044843049,72.1020179372197,69.6076233183856,66.3284753363229,90.78801331853501,90.45504994450609,90.45504994450609,89.2341842397336,88.67924528301891
200610,74.2544843049327,91.00998890122091,73.3239910313901,72.3934977578476,72.7130044843049,70.5381165919282,67.5168161434978,90.89900110987791,90.78801331853501,90.45504994450609,89.7891231964484,88.79023307436181
200611,75.2130044843049,91.23196448390681,74.2544843049327,73.3239910313901,72.3934977578476,71.8609865470852,68.46412556053811,91.00998890122091,90.89900110987791,90.78801331853501,90.2330743618202,88.79023307436181
200612,75.3867713004484,91.67591564927861,75.2130044843049,74.2544843049327,73.3239910313901,72.1020179372197,68.75,91.23196448390681,91.00998890122091,90.89900110987791,90.45504994450609,89.1231964483907
200701,76.1434977578475,91.1209766925638,75.3867713004484,75.2130044843049,74.2544843049327,72.7130044843049,69.2656950672646,91.67591564927861,91.23196448390681,91.00998890122091,90.45504994450609,88.79023307436181
200702,76.4686098654708,91.45394006659271,76.1434977578475,75.3867713004484,75.2130044843049,72.3934977578476,69.4170403587444,91.1209766925638,91.67591564927861,91.23196448390681,90.78801331853501,89.01220865704771
200703,77.1692825112107,91.8978912319645,76.4686098654708,76.1434977578475,75.3867713004484,73.3239910313901,69.6076233183856,91.45394006659271,91.1209766925638,91.67591564927861,90.89900110987791,89.2341842397336
200704,78.0997757847534,92.2308546059934,77.1692825112107,76.4686098654708,76.1434977578475,74.2544843049327,70.5381165919282,91.8978912319645,91.45394006659271,91.1209766925638,91.00998890122091,89.7891231964484
200705,78.4921524663677,92.4528301886792,78.0997757847534,77.1692825112107,76.4686098654708,75.2130044843049,71.8609865470852,92.2308546059934,91.8978912319645,91.45394006659271,91.23196448390681,90.2330743618202
200706,78.30156950672641,92.6748057713652,78.4921524663677,78.0997757847534,77.1692825112107,75.3867713004484,72.1020179372197,92.4528301886792,92.2308546059934,91.8978912319645,91.67591564927861,90.45504994450609
200707,77.72982062780271,92.2308546059934,78.30156950672641,78.4921524663677,78.0997757847534,76.1434977578475,72.7130044843049,92.6748057713652,92.4528301886792,92.2308546059934,91.1209766925638,90.45504994450609
200708,77.7466367713004,92.56381798002221,77.72982062780271,78.30156950672641,78.4921524663677,76.4686098654708,72.3934977578476,92.2308546059934,92.6748057713652,92.4528301886792,91.45394006659271,90.78801331853501
200709,78.54820627802691,92.6748057713652,77.7466367713004,77.72982062780271,78.30156950672641,77.1692825112107,73.3239910313901,92.56381798002221,92.2308546059934,92.6748057713652,91.8978912319645,90.89900110987791
200710,79.97197309417041,93.00776914539401,78.54820627802691,77.7466367713004,77.72982062780271,78.0997757847534,74.2544843049327,92.6748057713652,92.56381798002221,92.2308546059934,92.2308546059934,91.00998890122091
200711,81.530269058296,93.34073251942291,79.97197309417041,78.54820627802691,77.7466367713004,78.4921524663677,75.2130044843049,93.00776914539401,92.6748057713652,92.56381798002221,92.4528301886792,91.23196448390681
200712,81.7096412556054,93.78468368479471,81.530269058296,79.97197309417041,78.54820627802691,78.30156950672641,75.3867713004484,93.34073251942291,93.00776914539401,92.6748057713652,92.6748057713652,91.67591564927861
200801,82.3654708520179,93.34073251942291,81.7096412556054,81.530269058296,79.97197309417041,77.72982062780271,76.1434977578475,93.78468368479471,93.34073251942291,93.00776914539401,92.2308546059934,91.1209766925638
200802,83.4304932735426,93.8956714761376,82.3654708520179,81.7096412556054,81.530269058296,77.7466367713004,76.4686098654708,93.34073251942291,93.78468368479471,93.34073251942291,92.56381798002221,91.45394006659271
200803,84.2320627802691,94.22863485016649,83.4304932735426,82.3654708520179,81.7096412556054,78.54820627802691,77.1692825112107,93.8956714761376,93.34073251942291,93.78468368479471,92.6748057713652,91.8978912319645
200804,85.6446188340807,95.00554938956721,84.2320627802691,83.4304932735426,82.3654708520179,79.97197309417041,78.0997757847534,94.22863485016649,93.8956714761376,93.34073251942291,93.00776914539401,92.2308546059934
200805,86.9226457399103,95.56048834628191,85.6446188340807,84.2320627802691,83.4304932735426,81.530269058296,78.4921524663677,95.00554938956721,94.22863485016649,93.8956714761376,93.34073251942291,92.4528301886792
200806,86.6087443946188,96.11542730299671,86.9226457399103,85.6446188340807,84.2320627802691,81.7096412556054,78.30156950672641,95.56048834628191,95.00554938956721,94.22863485016649,93.78468368479471,92.6748057713652
200807,87.1076233183856,96.11542730299671,86.6087443946188,86.9226457399103,85.6446188340807,82.3654708520179,77.72982062780271,96.11542730299671,95.56048834628191,95.00554938956721,93.34073251942291,92.2308546059934
200808,86.8946188340807,96.6703662597114,87.1076233183856,86.6087443946188,86.9226457399103,83.4304932735426,77.7466367713004,96.11542730299671,96.11542730299671,95.56048834628191,93.8956714761376,92.56381798002221
200809,87.2869955156951,97.1143174250832,86.8946188340807,87.1076233183856,86.6087443946188,84.2320627802691,78.54820627802691,96.6703662597114,96.11542730299671,96.11542730299671,94.22863485016649,92.6748057713652
200810,89.5571748878924,96.8923418423974,87.2869955156951,86.8946188340807,87.1076233183856,85.6446188340807,79.97197309417041,97.1143174250832,96.6703662597114,96.11542730299671,95.00554938956721,93.00776914539401
200811,90.3026905829596,96.8923418423974,89.5571748878924,87.2869955156951,86.8946188340807,86.9226457399103,81.530269058296,96.8923418423974,97.1143174250832,96.6703662597114,95.56048834628191,93.34073251942291
200812,89.932735426009,96.6703662597114,90.3026905829596,89.5571748878924,87.2869955156951,86.6087443946188,81.7096412556054,96.8923418423974,96.8923418423974,97.1143174250832,96.11542730299671,93.78468368479471
200901,90.1905829596412,96.11542730299671,89.932735426009,90.3026905829596,89.5571748878924,87.1076233183856,82.3654708520179,96.6703662597114,96.8923418423974,96.8923418423974,96.11542730299671,93.34073251942291
200902,89.88228699551571,96.78135405105441,90.1905829596412,89.932735426009,90.3026905829596,86.8946188340807,83.4304932735426,96.11542730299671,96.6703662597114,96.8923418423974,96.6703662597114,93.8956714761376
200903,90.87443946188341,96.8923418423974,89.88228699551571,90.1905829596412,89.932735426009,87.2869955156951,84.2320627802691,96.78135405105441,96.11542730299671,96.6703662597114,97.1143174250832,94.22863485016649
200904,90.8912556053812,97.1143174250832,90.87443946188341,89.88228699551571,90.1905829596412,89.5571748878924,85.6446188340807,96.8923418423974,96.78135405105441,96.11542730299671,96.8923418423974,95.00554938956721
200905,91.47421524663679,97.5582685904551,90.8912556053812,90.87443946188341,89.88228699551571,90.3026905829596,86.9226457399103,97.1143174250832,96.8923418423974,96.78135405105441,96.8923418423974,95.56048834628191
200906,91.5751121076233,97.780244173141,91.47421524663679,90.8912556053812,90.87443946188341,89.932735426009,86.6087443946188,97.5582685904551,97.1143174250832,96.8923418423974,96.6703662597114,96.11542730299671
200907,91.80493273542601,97.66925638179801,91.5751121076233,91.47421524663679,90.8912556053812,90.1905829596412,87.1076233183856,97.780244173141,97.5582685904551,97.1143174250832,96.11542730299671,96.11542730299671
200908,91.530269058296,98.00221975582691,91.80493273542601,91.5751121076233,91.47421524663679,89.88228699551571,86.8946188340807,97.66925638179801,97.780244173141,97.5582685904551,96.78135405105441,96.6703662597114
200909,91.8890134529148,98.00221975582691,91.530269058296,91.80493273542601,91.5751121076233,90.87443946188341,87.2869955156951,98.00221975582691,97.66925638179801,97.780244173141,96.8923418423974,97.1143174250832
200910,94.10313901345292,98.1132075471698,91.8890134529148,91.530269058296,91.80493273542601,90.8912556053812,89.5571748878924,98.00221975582691,98.00221975582691,97.66925638179801,97.1143174250832,96.8923418423974
200911,95.2970852017937,98.33518312985571,94.10313901345292,91.8890134529148,91.530269058296,91.47421524663679,90.3026905829596,98.1132075471698,98.00221975582691,98.00221975582691,97.5582685904551,96.8923418423974
200912,95.8015695067264,98.6681465038846,95.2970852017937,94.10313901345292,91.8890134529148,91.5751121076233,89.932735426009,98.33518312985571,98.1132075471698,98.00221975582691,97.780244173141,96.6703662597114
201001,97.57286995515699,98.5571587125416,95.8015695067264,95.2970852017937,94.10313901345292,91.80493273542601,90.1905829596412,98.6681465038846,98.33518312985571,98.1132075471698,97.66925638179801,96.11542730299671
201002,98.9854260089686,98.77913429522751,97.57286995515699,95.8015695067264,95.2970852017937,91.530269058296,89.88228699551571,98.5571587125416,98.6681465038846,98.33518312985571,98.00221975582691,96.78135405105441
201003,99.56278026905831,99.2230854605994,98.9854260089686,97.57286995515699,95.8015695067264,91.8890134529148,90.87443946188341,98.77913429522751,98.5571587125416,98.6681465038846,98.00221975582691,96.8923418423974
201004,100.156950672646,99.77802441731409,99.56278026905831,98.9854260089686,97.57286995515699,94.10313901345292,90.8912556053812,99.2230854605994,98.77913429522751,98.5571587125416,98.1132075471698,97.1143174250832
201005,99.79820627802691,100.0,100.156950672646,99.56278026905831,98.9854260089686,95.2970852017937,91.47421524663679,99.77802441731409,99.2230854605994,98.77913429522751,98.33518312985571,97.5582685904551
201006,99.237668161435,100.110987791343,99.79820627802691,100.156950672646,99.56278026905831,95.8015695067264,91.5751121076233,100.0,99.77802441731409,99.2230854605994,98.6681465038846,97.780244173141
201007,98.76121076233179,99.889012208657,99.237668161435,99.79820627802691,100.156950672646,97.57286995515699,91.80493273542601,100.110987791343,100.0,99.77802441731409,98.5571587125416,97.66925638179801
201008,99.1591928251121,100.332963374029,98.76121076233179,99.237668161435,99.79820627802691,98.9854260089686,91.530269058296,99.889012208657,100.110987791343,100.0,98.77913429522751,98.00221975582691
201009,100.37556053811701,100.332963374029,99.1591928251121,98.76121076233179,99.237668161435,99.56278026905831,91.8890134529148,100.332963374029,99.889012208657,100.110987791343,99.2230854605994,98.00221975582691
201010,102.21412556053801,100.55493895671499,100.37556053811701,99.1591928251121,98.76121076233179,100.156950672646,94.10313901345292,100.332963374029,100.332963374029,99.889012208657,99.77802441731409,98.1132075471698
201011,102.24215246636801,100.887902330744,102.21412556053801,100.37556053811701,99.1591928251121,99.79820627802691,95.2970852017937,100.55493895671499,100.332963374029,100.332963374029,100.0,98.33518312985571
201012,101.933856502242,101.775804661487,102.24215246636801,102.21412556053801,100.37556053811701,99.237668161435,95.8015695067264,100.887902330744,100.55493895671499,100.332963374029,100.110987791343,98.6681465038846
201101,102.354260089686,101.88679245283001,101.933856502242,102.24215246636801,102.21412556053801,98.76121076233179,97.57286995515699,101.775804661487,100.887902330744,100.55493895671499,99.889012208657,98.5571587125416
201102,103.09977578475299,102.441731409545,102.354260089686,101.933856502242,102.24215246636801,99.1591928251121,98.9854260089686,101.88679245283001,101.775804661487,100.887902330744,100.332963374029,98.77913429522751
201103,103.531390134529,102.774694783574,103.09977578475299,102.354260089686,101.933856502242,100.37556053811701,99.56278026905831,102.441731409545,101.88679245283001,101.775804661487,100.332963374029,99.2230854605994
201104,104.42825112107599,103.551609322974,103.531390134529,103.09977578475299,102.354260089686,102.21412556053801,100.156950672646,102.774694783574,102.441731409545,101.88679245283001,100.55493895671499,99.77802441731409
201105,106.95627802690599,103.77358490566,104.42825112107599,103.531390134529,103.09977578475299,102.24215246636801,99.79820627802691,103.551609322974,102.774694783574,102.441731409545,100.887902330744,100.0
201106,105.42600896861,103.77358490566,106.95627802690599,104.42825112107599,103.531390134529,101.933856502242,99.237668161435,103.77358490566,103.551609322974,102.774694783574,101.775804661487,100.110987791343
201107,104.994394618834,103.77358490566,105.42600896861,106.95627802690599,104.42825112107599,102.354260089686,98.76121076233179,103.77358490566,103.77358490566,103.551609322974,101.88679245283001,99.889012208657
201108,105.75672645739901,104.21753607103201,104.994394618834,105.42600896861,106.95627802690599,103.09977578475299,99.1591928251121,103.77358490566,103.77358490566,103.77358490566,102.441731409545,100.332963374029
201109,106.55269058296,104.88346281909,105.75672645739901,104.994394618834,105.42600896861,103.531390134529,100.37556053811701,104.21753607103201,103.77358490566,103.77358490566,102.774694783574,100.332963374029
201110,110.039237668161,104.88346281909,106.55269058296,105.75672645739901,104.994394618834,104.42825112107599,102.21412556053801,104.88346281909,104.21753607103201,103.77358490566,103.551609322974,100.55493895671499
201111,111.93946188340799,105.10543840177601,110.039237668161,106.55269058296,105.75672645739901,106.95627802690599,102.24215246636801,104.88346281909,104.88346281909,104.21753607103201,103.77358490566,100.887902330744
201112,112.584080717489,105.43840177580499,111.93946188340799,110.039237668161,106.55269058296,105.42600896861,101.933856502242,105.10543840177601,104.88346281909,104.88346281909,103.77358490566,101.775804661487
201201,113.21748878923799,105.10543840177601,112.584080717489,111.93946188340799,110.039237668161,104.994394618834,102.354260089686,105.43840177580499,105.10543840177601,104.88346281909,103.77358490566,101.88679245283001
201202,113.856502242152,105.660377358491,113.21748878923799,112.584080717489,111.93946188340799,105.75672645739901,103.09977578475299,105.10543840177601,105.43840177580499,105.10543840177601,104.21753607103201,102.441731409545
201203,114.32735426008999,105.882352941176,113.856502242152,113.21748878923799,112.584080717489,106.55269058296,103.531390134529,105.660377358491,105.10543840177601,105.43840177580499,104.88346281909,102.774694783574
201204,116.059417040359,106.437291897891,114.32735426008999,113.856502242152,113.21748878923799,110.039237668161,104.42825112107599,105.882352941176,105.660377358491,105.10543840177601,104.88346281909,103.551609322974
201205,115.812780269058,106.437291897891,116.059417040359,114.32735426008999,113.856502242152,111.93946188340799,106.95627802690599,106.437291897891,105.882352941176,105.660377358491,105.10543840177601,103.77358490566
201206,114.775784753363,106.104328523862,115.812780269058,116.059417040359,114.32735426008999,112.584080717489,105.42600896861,106.437291897891,106.437291897891,105.882352941176,105.43840177580499,103.77358490566
201207,114.512331838565,106.215316315205,114.775784753363,115.812780269058,116.059417040359,113.21748878923799,104.994394618834,106.104328523862,106.437291897891,106.437291897891,105.10543840177601,103.77358490566
201208,115.15134529148001,106.65926748057699,114.512331838565,114.775784753363,115.812780269058,113.856502242152,105.75672645739901,106.215316315205,106.104328523862,106.437291897891,105.660377358491,104.21753607103201
201209,116.339686098655,106.99223085460599,115.15134529148001,114.512331838565,114.775784753363,114.32735426008999,106.55269058296,106.65926748057699,106.215316315205,106.104328523862,105.882352941176,104.88346281909
201210,118.621076233184,107.436182019978,116.339686098655,115.15134529148001,114.512331838565,116.059417040359,110.039237668161,106.99223085460599,106.65926748057699,106.215316315205,106.437291897891,104.88346281909
201211,119.069506726457,107.65815760266399,118.621076233184,116.339686098655,115.15134529148001,115.812780269058,111.93946188340799,107.436182019978,106.99223085460599,106.65926748057699,106.437291897891,105.10543840177601
201212,119.523542600897,107.991120976693,119.069506726457,118.621076233184,116.339686098655,114.775784753363,112.584080717489,107.65815760266399,107.436182019978,106.99223085460599,106.104328523862,105.43840177580499
201301,121.491031390135,107.65815760266399,119.523542600897,119.069506726457,118.621076233184,114.512331838565,113.21748878923799,107.991120976693,107.65815760266399,107.436182019978,106.215316315205,105.10543840177601
201302,121.855381165919,108.21309655937799,121.491031390135,119.523542600897,119.069506726457,115.15134529148001,113.856502242152,107.65815760266399,107.991120976693,107.65815760266399,106.65926748057699,105.660377358491
201303,122.66255605381201,108.54605993340701,121.855381165919,121.491031390135,119.523542600897,116.339686098655,114.32735426008999,108.21309655937799,107.65815760266399,107.991120976693,106.99223085460599,105.882352941176
201304,123.17825112107599,108.76803551609301,122.66255605381201,121.855381165919,121.491031390135,118.621076233184,116.059417040359,108.54605993340701,108.21309655937799,107.65815760266399,107.436182019978,106.437291897891
201305,123.357623318386,108.990011098779,123.17825112107599,122.66255605381201,121.855381165919,119.069506726457,115.812780269058,108.76803551609301,108.54605993340701,108.21309655937799,107.65815760266399,106.437291897891
201306,124.29932735426,108.76803551609301,123.357623318386,123.17825112107599,122.66255605381201,119.523542600897,114.775784753363,108.990011098779,108.76803551609301,108.54605993340701,107.991120976693,106.104328523862
201307,124.686098654709,108.76803551609301,124.29932735426,123.357623318386,123.17825112107599,121.491031390135,114.512331838565,108.76803551609301,108.990011098779,108.76803551609301,107.65815760266399,106.215316315205
201308,124.557174887892,109.21198668146499,124.686098654709,124.29932735426,123.357623318386,121.855381165919,115.15134529148001,108.76803551609301,108.76803551609301,108.990011098779,108.21309655937799,106.65926748057699
201309,125.510089686099,109.544950055494,124.557174887892,124.686098654709,124.29932735426,122.66255605381201,116.339686098655,109.21198668146499,108.76803551609301,108.76803551609301,108.54605993340701,106.99223085460599
201310,127.76905829596399,109.655937846837,125.510089686099,124.557174887892,124.686098654709,123.17825112107599,118.621076233184,109.544950055494,109.21198668146499,108.76803551609301,108.76803551609301,107.436182019978
201311,127.780269058296,109.655937846837,127.76905829596399,125.510089686099,124.557174887892,123.357623318386,119.069506726457,109.655937846837,109.544950055494,109.21198668146499,108.990011098779,107.65815760266399
201312,128.368834080717,110.09988901220899,127.780269058296,127.76905829596399,125.510089686099,124.29932735426,119.523542600897,109.655937846837,109.655937846837,109.544950055494,108.76803551609301,107.991120976693
201401,130.908071748879,109.544950055494,128.368834080717,127.780269058296,127.76905829596399,124.686098654709,121.491031390135,110.09988901220899,109.655937846837,109.655937846837,108.76803551609301,107.65815760266399
201402,131.468609865471,109.988901220866,130.908071748879,128.368834080717,127.780269058296,124.557174887892,121.855381165919,109.544950055494,110.09988901220899,109.655937846837,109.21198668146499,108.21309655937799
201403,132.948430493274,110.210876803552,131.468609865471,130.908071748879,128.368834080717,125.510089686099,122.66255605381201,109.988901220866,109.544950055494,110.09988901220899,109.544950055494,108.54605993340701
201404,134.736547085202,110.54384017758001,132.948430493274,131.468609865471,130.908071748879,127.76905829596399,123.17825112107599,110.210876803552,109.988901220866,109.544950055494,109.655937846837,108.76803551609301
201405,135.269058295964,110.54384017758001,134.736547085202,132.948430493274,131.468609865471,127.780269058296,123.357623318386,110.54384017758001,110.210876803552,109.988901220866,109.655937846837,108.990011098779
201406,135.689461883408,110.765815760266,135.269058295964,134.736547085202,132.948430493274,128.368834080717,124.29932735426,110.54384017758001,110.54384017758001,110.210876803552,110.09988901220899,108.76803551609301
201407,136.30605381165898,110.54384017758001,135.689461883408,135.269058295964,134.736547085202,130.908071748879,124.686098654709,110.765815760266,110.54384017758001,110.54384017758001,109.544950055494,108.76803551609301
201408,136.43497757847499,110.876803551609,136.30605381165898,135.689461883408,135.269058295964,131.468609865471,124.557174887892,110.54384017758001,110.765815760266,110.54384017758001,109.988901220866,109.21198668146499
201409,136.625560538117,110.98779134295201,136.43497757847499,136.30605381165898,135.689461883408,132.948430493274,125.510089686099,110.876803551609,110.54384017758001,110.765815760266,110.210876803552,109.544950055494
201410,139.220852017937,111.098779134295,136.625560538117,136.43497757847499,136.30605381165898,134.736547085202,127.76905829596399,110.98779134295201,110.876803551609,110.54384017758001,110.54384017758001,109.655937846837
201411,139.47309417040398,110.876803551609,139.220852017937,136.625560538117,136.43497757847499,135.269058295964,127.780269058296,111.098779134295,110.98779134295201,110.876803551609,110.54384017758001,109.655937846837
201412,138.856502242152,110.876803551609,139.47309417040398,139.220852017937,136.625560538117,135.689461883408,128.368834080717,110.876803551609,111.098779134295,110.98779134295201,110.765815760266,110.09988901220899
201501,140.386771300448,110.09988901220899,138.856502242152,139.47309417040398,139.220852017937,136.30605381165898,130.908071748879,110.876803551609,110.876803551609,111.098779134295,110.54384017758001,109.544950055494
201502,141.390134529148,110.432852386238,140.386771300448,138.856502242152,139.47309417040398,136.43497757847499,131.468609865471,110.09988901220899,110.876803551609,110.876803551609,110.876803551609,109.988901220866
201503,143.06614349775802,110.54384017758001,141.390134529148,140.386771300448,138.856502242152,136.625560538117,132.948430493274,110.432852386238,110.09988901220899,110.876803551609,110.98779134295201,110.210876803552
201504,145.39798206278,110.876803551609,143.06614349775802,141.390134529148,140.386771300448,139.220852017937,134.736547085202,110.54384017758001,110.432852386238,110.09988901220899,111.098779134295,110.54384017758001
201505,146.216367713004,111.098779134295,145.39798206278,143.06614349775802,141.390134529148,139.47309417040398,135.269058295964,110.876803551609,110.54384017758001,110.432852386238,110.876803551609,110.54384017758001
201506,145.46524663677098,111.098779134295,146.216367713004,145.39798206278,143.06614349775802,138.856502242152,135.689461883408,111.098779134295,110.876803551609,110.54384017758001,110.876803551609,110.765815760266
201507,145.594170403587,110.98779134295201,145.46524663677098,146.216367713004,145.39798206278,140.386771300448,136.30605381165898,111.098779134295,111.098779134295,110.876803551609,110.09988901220899,110.54384017758001
201508,146.177130044843,111.32075471698099,145.594170403587,145.46524663677098,146.216367713004,141.390134529148,136.43497757847499,110.98779134295201,111.098779134295,111.098779134295,110.432852386238,110.876803551609
201509,147.483183856502,111.20976692563801,146.177130044843,145.594170403587,145.46524663677098,143.06614349775802,136.625560538117,111.32075471698099,110.98779134295201,111.098779134295,110.54384017758001,110.98779134295201
201510,149.775784753363,111.32075471698099,147.483183856502,146.177130044843,145.594170403587,145.39798206278,139.220852017937,111.20976692563801,111.32075471698099,110.98779134295201,110.876803551609,111.098779134295
201511,150.773542600897,111.32075471698099,149.775784753363,147.483183856502,146.177130044843,146.216367713004,139.47309417040398,111.32075471698099,111.20976692563801,111.32075471698099,111.098779134295,110.876803551609
201512,151.087443946188,111.43174250832399,150.773542600897,149.775784753363,147.483183856502,145.46524663677098,138.856502242152,111.32075471698099,111.32075471698099,111.20976692563801,111.098779134295,110.876803551609
201601,153.834080717489,110.876803551609,151.087443946188,150.773542600897,149.775784753363,145.594170403587,140.386771300448,111.43174250832399,111.32075471698099,111.32075471698099,110.98779134295201,110.09988901220899
201602,153.800448430493,111.098779134295,153.834080717489,151.087443946188,150.773542600897,146.177130044843,141.390134529148,110.876803551609,111.43174250832399,111.32075471698099,111.32075471698099,110.432852386238
201603,153.738789237668,111.43174250832399,153.800448430493,153.834080717489,151.087443946188,147.483183856502,143.06614349775802,111.098779134295,110.876803551609,111.43174250832399,111.20976692563801,110.54384017758001
201604,154.94394618834102,111.65371809101002,153.738789237668,153.800448430493,153.834080717489,149.775784753363,145.39798206278,111.43174250832399,111.098779134295,110.876803551609,111.32075471698099,110.876803551609
201605,155.840807174888,111.875693673696,154.94394618834102,153.738789237668,153.800448430493,150.773542600897,146.216367713004,111.65371809101002,111.43174250832399,111.098779134295,111.32075471698099,111.098779134295
201606,156.575112107623,112.097669256382,155.840807174888,154.94394618834102,153.738789237668,151.087443946188,145.46524663677098,111.875693673696,111.65371809101002,111.43174250832399,111.43174250832399,111.098779134295
201607,158.39686098654698,111.986681465039,156.575112107623,155.840807174888,154.94394618834102,153.834080717489,145.594170403587,112.097669256382,111.875693673696,111.65371809101002,110.876803551609,110.98779134295201
201608,157.937219730942,112.31964483906799,158.39686098654698,156.575112107623,155.840807174888,153.800448430493,146.177130044843,111.986681465039,112.097669256382,111.875693673696,111.098779134295,111.32075471698099
201609,158.22309417040398,112.652608213097,157.937219730942,158.39686098654698,156.575112107623,153.738789237668,147.483183856502,112.31964483906799,111.986681465039,112.097669256382,111.43174250832399,111.20976692563801
201610,160.498878923767,112.76359600443999,158.22309417040398,157.937219730942,158.39686098654698,154.94394618834102,149.775784753363,112.652608213097,112.31964483906799,111.986681465039,111.65371809101002,111.32075471698099
201611,161.32847533632298,112.985571587125,160.498878923767,158.22309417040398,157.937219730942,155.840807174888,150.773542600897,112.76359600443999,112.652608213097,112.31964483906799,111.875693673696,111.32075471698099
201612,163.979820627803,113.42952275249701,161.32847533632298,160.498878923767,158.22309417040398,156.575112107623,151.087443946188,112.985571587125,112.76359600443999,112.652608213097,112.097669256382,111.43174250832399
201701,168.015695067265,112.985571587125,163.979820627803,161.32847533632298,160.498878923767,158.39686098654698,153.834080717489,113.42952275249701,112.985571587125,112.76359600443999,111.986681465039,110.876803551609
201702,169.377802690583,113.65149833518299,168.015695067265,163.979820627803,161.32847533632298,157.937219730942,153.800448430493,112.985571587125,113.42952275249701,112.985571587125,112.31964483906799,111.098779134295
201703,171.09865470852,113.984461709212,169.377802690583,168.015695067265,163.979820627803,158.22309417040398,153.738789237668,113.65149833518299,112.985571587125,113.42952275249701,112.652608213097,111.43174250832399
201704,173.335201793722,114.53940066592699,171.09865470852,169.377802690583,168.015695067265,160.498878923767,154.94394618834102,113.984461709212,113.65149833518299,112.985571587125,112.76359600443999,111.65371809101002
201705,174.10874439461898,114.872364039956,173.335201793722,171.09865470852,169.377802690583,161.32847533632298,155.840807174888,114.53940066592699,113.984461709212,113.65149833518299,112.985571587125,111.875693673696
201706,173.64349775784802,114.872364039956,174.10874439461898,173.335201793722,171.09865470852,163.979820627803,156.575112107623,114.872364039956,114.53940066592699,113.984461709212,113.42952275249701,112.097669256382
201707,173.90134529148,114.872364039956,173.64349775784802,174.10874439461898,173.335201793722,168.015695067265,158.39686098654698,114.872364039956,114.872364039956,114.53940066592699,112.985571587125,111.986681465039
201708,174.803811659193,115.42730299667,173.90134529148,173.64349775784802,174.10874439461898,169.377802690583,157.937219730942,114.872364039956,114.872364039956,114.872364039956,113.65149833518299,112.31964483906799
201709,175.94170403587398,115.760266370699,174.803811659193,173.90134529148,173.64349775784802,171.09865470852,158.22309417040398,115.42730299667,114.872364039956,114.872364039956,113.984461709212,112.652608213097
201710,179.596412556054,115.871254162042,175.94170403587398,174.803811659193,173.90134529148,173.335201793722,160.498878923767,115.760266370699,115.42730299667,114.872364039956,114.53940066592699,112.76359600443999
201711,182.275784753363,116.204217536071,179.596412556054,175.94170403587398,174.803811659193,174.10874439461898,161.32847533632298,115.871254162042,115.760266370699,115.42730299667,114.872364039956,112.985571587125
201712,183.525784753363,116.5371809101,182.275784753363,179.596412556054,175.94170403587398,173.64349775784802,163.979820627803,116.204217536071,115.871254162042,115.760266370699,114.872364039956,113.42952275249701
201801,185.39798206278,115.98224195338499,183.525784753363,182.275784753363,179.596412556054,173.90134529148,168.015695067265,116.5371809101,116.204217536071,115.871254162042,114.872364039956,112.985571587125
201802,186.75448430493302,116.426193118757,185.39798206278,183.525784753363,182.275784753363,174.803811659193,169.377802690583,115.98224195338499,116.5371809101,116.204217536071,115.42730299667,113.65149833518299
201803,188.60986547085201,116.648168701443,186.75448430493302,185.39798206278,183.525784753363,175.94170403587398,171.09865470852,116.426193118757,115.98224195338499,116.5371809101,115.760266370699,113.984461709212
201804,192.14125560538102,117.092119866815,188.60986547085201,186.75448430493302,185.39798206278,179.596412556054,173.335201793722,116.648168701443,116.426193118757,115.98224195338499,115.871254162042,114.53940066592699
201805,195.257847533632,117.53607103218599,192.14125560538102,188.60986547085201,186.75448430493302,182.275784753363,174.10874439461898,117.092119866815,116.648168701443,116.426193118757,116.204217536071,114.872364039956
201806,200.35874439461898,117.53607103218599,195.257847533632,192.14125560538102,188.60986547085201,183.525784753363,173.64349775784802,117.53607103218599,117.092119866815,116.648168701443,116.5371809101,114.872364039956
201807,201.463004484305,117.53607103218599,200.35874439461898,195.257847533632,192.14125560538102,185.39798206278,173.90134529148,117.53607103218599,117.53607103218599,117.092119866815,115.98224195338499,114.872364039956
201808,206.08744394618802,,201.463004484305,200.35874439461898,195.257847533632,186.75448430493302,174.803811659193,,,,,
