CPI_CHN,CPI_GBR,Date,CPI_CHN-1,CPI_CHN-2,CPI_CHN-3,CPI_CHN-4,CPI_CHN-5,CPI_CHN-6,CPI_CHN-7,CPI_CHN-8,CPI_CHN-12,CPI_GBR-1,CPI_GBR-2,CPI_GBR-3,CPI_GBR-4,CPI_GBR-5,CPI_GBR-6,CPI_GBR-7,CPI_GBR-8,CPI_GBR-12
81.521712515941,81.14749845049509,200001,,,,,,,,,,,,,,,,,,
82.58247322928679,81.48608328408551,200002,81.521712515941,,,,,,,,,81.14749845049509,,,,,,,,
81.43549482803991,81.5989448952823,200003,82.58247322928679,81.521712515941,,,,,,,,81.48608328408551,81.14749845049509,,,,,,,
80.95585838343351,81.9375297288727,200004,81.43549482803991,82.58247322928679,81.521712515941,,,,,,,81.5989448952823,81.48608328408551,81.14749845049509,,,,,,
80.47187465840771,82.1632529512663,200005,80.95585838343351,81.43549482803991,82.58247322928679,81.521712515941,,,,,,81.9375297288727,81.5989448952823,81.48608328408551,81.14749845049509,,,,,
79.7414376227202,82.27611456246309,200006,80.47187465840771,80.95585838343351,81.43549482803991,82.58247322928679,81.521712515941,,,,,82.1632529512663,81.9375297288727,81.5989448952823,81.48608328408551,81.14749845049509,,,,
79.2645606364244,81.8246681176759,200007,79.7414376227202,80.47187465840771,80.95585838343351,81.43549482803991,82.58247322928679,81.521712515941,,,,82.27611456246309,82.1632529512663,81.9375297288727,81.5989448952823,81.48608328408551,81.14749845049509,,,
79.73661585797859,81.8246681176759,200008,79.2645606364244,79.7414376227202,80.47187465840771,80.95585838343351,81.43549482803991,82.58247322928679,81.521712515941,,,81.8246681176759,82.27611456246309,82.1632529512663,81.9375297288727,81.5989448952823,81.48608328408551,81.14749845049509,,
81.340128337483,82.50183778485659,200009,79.73661585797859,79.2645606364244,79.7414376227202,80.47187465840771,80.95585838343351,81.43549482803991,82.58247322928679,81.521712515941,,81.8246681176759,81.8246681176759,82.27611456246309,82.1632529512663,81.9375297288727,81.5989448952823,81.48608328408551,81.14749845049509,
81.3398846177203,82.50183778485659,200010,81.340128337483,79.73661585797859,79.2645606364244,79.7414376227202,80.47187465840771,80.95585838343351,81.43549482803991,82.58247322928679,,82.50183778485659,81.8246681176759,81.8246681176759,82.27611456246309,82.1632529512663,81.9375297288727,81.5989448952823,81.48608328408551,
81.5843120584603,82.6146993960535,200011,81.3398846177203,81.340128337483,79.73661585797859,79.2645606364244,79.7414376227202,80.47187465840771,80.95585838343351,81.43549482803991,,82.50183778485659,82.50183778485659,81.8246681176759,81.8246681176759,82.27611456246309,82.1632529512663,81.9375297288727,81.5989448952823,
81.66589664176841,82.6146993960535,200012,81.5843120584603,81.3398846177203,81.340128337483,79.73661585797859,79.2645606364244,79.7414376227202,80.47187465840771,80.95585838343351,,82.6146993960535,82.50183778485659,82.50183778485659,81.8246681176759,81.8246681176759,82.27611456246309,82.1632529512663,81.9375297288727,
82.49997368474321,81.9375297288727,200101,81.66589664176841,81.5843120584603,81.3398846177203,81.340128337483,79.73661585797859,79.2645606364244,79.7414376227202,80.47187465840771,81.521712515941,82.6146993960535,82.6146993960535,82.50183778485659,82.50183778485659,81.8246681176759,81.8246681176759,82.27611456246309,82.1632529512663,81.14749845049509
82.58247322928679,82.05039134006951,200102,82.49997368474321,81.66589664176841,81.5843120584603,81.3398846177203,81.340128337483,79.73661585797859,79.2645606364244,79.7414376227202,82.58247322928679,81.9375297288727,82.6146993960535,82.6146993960535,82.50183778485659,82.50183778485659,81.8246681176759,81.8246681176759,82.27611456246309,81.48608328408551
82.08697880609701,82.38897617365991,200103,82.58247322928679,82.49997368474321,81.66589664176841,81.5843120584603,81.3398846177203,81.340128337483,79.73661585797859,79.2645606364244,81.43549482803991,82.05039134006951,81.9375297288727,82.6146993960535,82.6146993960535,82.50183778485659,82.50183778485659,81.8246681176759,81.8246681176759,81.5989448952823
82.2511528106718,82.84042261844709,200104,82.08697880609701,82.58247322928679,82.49997368474321,81.66589664176841,81.5843120584603,81.3398846177203,81.340128337483,79.73661585797859,80.95585838343351,82.38897617365991,82.05039134006951,81.9375297288727,82.6146993960535,82.6146993960535,82.50183778485659,82.50183778485659,81.8246681176759,81.9375297288727
81.8398963583733,83.5175922856278,200105,82.2511528106718,82.08697880609701,82.58247322928679,82.49997368474321,81.66589664176841,81.5843120584603,81.3398846177203,81.340128337483,80.47187465840771,82.84042261844709,82.38897617365991,82.05039134006951,81.9375297288727,82.6146993960535,82.6146993960535,82.50183778485659,82.50183778485659,82.1632529512663
80.8578182627882,83.6304538968246,200106,81.8398963583733,82.2511528106718,82.08697880609701,82.58247322928679,82.49997368474321,81.66589664176841,81.5843120584603,81.3398846177203,79.7414376227202,83.5175922856278,82.84042261844709,82.38897617365991,82.05039134006951,81.9375297288727,82.6146993960535,82.6146993960535,82.50183778485659,82.27611456246309
80.45352847108359,83.06614584084059,200107,80.8578182627882,81.8398963583733,82.2511528106718,82.08697880609701,82.58247322928679,82.49997368474321,81.66589664176841,81.5843120584603,79.2645606364244,83.6304538968246,83.5175922856278,82.84042261844709,82.38897617365991,82.05039134006951,81.9375297288727,82.6146993960535,82.6146993960535,81.8246681176759
80.5339827129005,83.404730674431,200108,80.45352847108359,80.8578182627882,81.8398963583733,82.2511528106718,82.08697880609701,82.58247322928679,82.49997368474321,81.66589664176841,79.73661585797859,83.06614584084059,83.6304538968246,83.5175922856278,82.84042261844709,82.38897617365991,82.05039134006951,81.9375297288727,82.6146993960535,81.8246681176759
81.258788283638,83.6304538968246,200109,80.5339827129005,80.45352847108359,80.8578182627882,81.8398963583733,82.2511528106718,82.08697880609701,82.58247322928679,82.49997368474321,81.340128337483,83.404730674431,83.06614584084059,83.6304538968246,83.5175922856278,82.84042261844709,82.38897617365991,82.05039134006951,81.9375297288727,82.50183778485659
81.50256472541041,83.404730674431,200110,81.258788283638,80.5339827129005,80.45352847108359,80.8578182627882,81.8398963583733,82.2511528106718,82.08697880609701,82.58247322928679,81.3398846177203,83.6304538968246,83.404730674431,83.06614584084059,83.6304538968246,83.5175922856278,82.84042261844709,82.38897617365991,82.05039134006951,82.50183778485659
81.33955911823641,83.2918690632342,200111,81.50256472541041,81.258788283638,80.5339827129005,80.45352847108359,80.8578182627882,81.8398963583733,82.2511528106718,82.08697880609701,81.5843120584603,83.404730674431,83.6304538968246,83.404730674431,83.06614584084059,83.6304538968246,83.5175922856278,82.84042261844709,82.38897617365991,82.6146993960535
81.4208991720815,83.5175922856278,200112,81.33955911823641,81.50256472541041,81.258788283638,80.5339827129005,80.45352847108359,80.8578182627882,81.8398963583733,82.2511528106718,81.66589664176841,83.2918690632342,83.404730674431,83.6304538968246,83.404730674431,83.06614584084059,83.6304538968246,83.5175922856278,82.84042261844709,82.6146993960535
81.665161433979,83.17900745203741,200201,81.4208991720815,81.33955911823641,81.50256472541041,81.258788283638,80.5339827129005,80.45352847108359,80.8578182627882,81.8398963583733,82.49997368474321,83.5175922856278,83.2918690632342,83.404730674431,83.6304538968246,83.404730674431,83.06614584084059,83.6304538968246,83.5175922856278,81.9375297288727
82.5634784720957,83.2918690632342,200202,81.665161433979,81.4208991720815,81.33955911823641,81.50256472541041,81.258788283638,80.5339827129005,80.45352847108359,80.8578182627882,82.58247322928679,83.17900745203741,83.5175922856278,83.2918690632342,83.404730674431,83.6304538968246,83.404730674431,83.06614584084059,83.6304538968246,82.05039134006951
81.4901536406146,83.6304538968246,200203,82.5634784720957,81.665161433979,81.4208991720815,81.33955911823641,81.50256472541041,81.258788283638,80.5339827129005,80.45352847108359,82.08697880609701,83.2918690632342,83.17900745203741,83.5175922856278,83.2918690632342,83.404730674431,83.6304538968246,83.404730674431,83.06614584084059,82.38897617365991
81.24568247606321,83.96903873041501,200204,81.4901536406146,82.5634784720957,81.665161433979,81.4208991720815,81.33955911823641,81.50256472541041,81.258788283638,80.5339827129005,82.2511528106718,83.6304538968246,83.2918690632342,83.17900745203741,83.5175922856278,83.2918690632342,83.404730674431,83.6304538968246,83.404730674431,82.84042261844709
81.001945709601,84.19476195280859,200205,81.24568247606321,81.4901536406146,82.5634784720957,81.665161433979,81.4208991720815,81.33955911823641,81.50256472541041,81.258788283638,81.8398963583733,83.96903873041501,83.6304538968246,83.2918690632342,83.17900745203741,83.5175922856278,83.2918690632342,83.404730674431,83.6304538968246,83.5175922856278
80.272928078379,84.19476195280859,200206,81.001945709601,81.24568247606321,81.4901536406146,82.5634784720957,81.665161433979,81.4208991720815,81.33955911823641,81.50256472541041,80.8578182627882,84.19476195280859,83.96903873041501,83.6304538968246,83.2918690632342,83.17900745203741,83.5175922856278,83.2918690632342,83.404730674431,83.6304538968246
79.71101799558708,83.96903873041501,200207,80.272928078379,81.001945709601,81.24568247606321,81.4901536406146,82.5634784720957,81.665161433979,81.4208991720815,81.33955911823641,80.45352847108359,84.19476195280859,84.19476195280859,83.96903873041501,83.6304538968246,83.2918690632342,83.17900745203741,83.5175922856278,83.2918690632342,83.06614584084059
79.9501508066638,84.19476195280859,200208,79.71101799558708,80.272928078379,81.001945709601,81.24568247606321,81.4901536406146,82.5634784720957,81.665161433979,81.4208991720815,80.5339827129005,83.96903873041501,84.19476195280859,84.19476195280859,83.96903873041501,83.6304538968246,83.2918690632342,83.17900745203741,83.5175922856278,83.404730674431
80.7496520313354,84.4204851752022,200209,79.9501508066638,79.71101799558708,80.272928078379,81.001945709601,81.24568247606321,81.4901536406146,82.5634784720957,81.665161433979,81.258788283638,84.19476195280859,83.96903873041501,84.19476195280859,84.19476195280859,83.96903873041501,83.6304538968246,83.2918690632342,83.17900745203741,83.6304538968246
80.9111515961215,84.53334678639901,200210,80.7496520313354,79.9501508066638,79.71101799558708,80.272928078379,81.001945709601,81.24568247606321,81.4901536406146,82.5634784720957,81.50256472541041,84.4204851752022,84.19476195280859,83.96903873041501,84.19476195280859,84.19476195280859,83.96903873041501,83.6304538968246,83.2918690632342,83.404730674431
80.830240683387,84.53334678639901,200211,80.9111515961215,80.7496520313354,79.9501508066638,79.71101799558708,80.272928078379,81.001945709601,81.24568247606321,81.4901536406146,81.33955911823641,84.53334678639901,84.4204851752022,84.19476195280859,83.96903873041501,84.19476195280859,84.19476195280859,83.96903873041501,83.6304538968246,83.2918690632342
81.07273132122829,84.87193161998941,200212,80.830240683387,80.9111515961215,80.7496520313354,79.9501508066638,79.71101799558708,80.272928078379,81.001945709601,81.24568247606321,81.4208991720815,84.53334678639901,84.53334678639901,84.4204851752022,84.19476195280859,83.96903873041501,84.19476195280859,84.19476195280859,83.96903873041501,83.5175922856278
81.9645310823668,84.3076235640054,200301,81.07273132122829,80.830240683387,80.9111515961215,80.7496520313354,79.9501508066638,79.71101799558708,80.272928078379,81.001945709601,81.665161433979,84.87193161998941,84.53334678639901,84.53334678639901,84.4204851752022,84.19476195280859,83.96903873041501,84.19476195280859,84.19476195280859,83.17900745203741
82.7022116961195,84.6462083975958,200302,81.9645310823668,81.07273132122829,80.830240683387,80.9111515961215,80.7496520313354,79.9501508066638,79.71101799558708,80.272928078379,82.5634784720957,84.3076235640054,84.87193161998941,84.53334678639901,84.53334678639901,84.4204851752022,84.19476195280859,83.96903873041501,84.19476195280859,83.2918690632342
82.20599906884479,84.98479323118609,200303,82.7022116961195,81.9645310823668,81.07273132122829,80.830240683387,80.9111515961215,80.7496520313354,79.9501508066638,79.71101799558708,81.4901536406146,84.6462083975958,84.3076235640054,84.87193161998941,84.53334678639901,84.53334678639901,84.4204851752022,84.19476195280859,83.96903873041501,83.6304538968246
82.04158701240858,85.2105164535797,200304,82.20599906884479,82.7022116961195,81.9645310823668,81.07273132122829,80.830240683387,80.9111515961215,80.7496520313354,79.9501508066638,81.24568247606321,84.98479323118609,84.6462083975958,84.3076235640054,84.87193161998941,84.53334678639901,84.53334678639901,84.4204851752022,84.19476195280859,83.96903873041501
81.46729580372859,85.2105164535797,200305,82.04158701240858,82.20599906884479,82.7022116961195,81.9645310823668,81.07273132122829,80.830240683387,80.9111515961215,80.7496520313354,81.001945709601,85.2105164535797,84.98479323118609,84.6462083975958,84.3076235640054,84.87193161998941,84.53334678639901,84.53334678639901,84.4204851752022,84.19476195280859
80.4896880629947,85.09765484238291,200306,81.46729580372859,82.04158701240858,82.20599906884479,82.7022116961195,81.9645310823668,81.07273132122829,80.830240683387,80.9111515961215,80.272928078379,85.2105164535797,85.2105164535797,84.98479323118609,84.6462083975958,84.3076235640054,84.87193161998941,84.53334678639901,84.53334678639901,84.19476195280859
80.0872395295642,84.98479323118609,200307,80.4896880629947,81.46729580372859,82.04158701240858,82.20599906884479,82.7022116961195,81.9645310823668,81.07273132122829,80.830240683387,79.71101799558708,85.09765484238291,85.2105164535797,85.2105164535797,84.98479323118609,84.6462083975958,84.3076235640054,84.87193161998941,84.53334678639901,83.96903873041501
80.6478500435214,85.32337806477649,200308,80.0872395295642,80.4896880629947,81.46729580372859,82.04158701240858,82.20599906884479,82.7022116961195,81.9645310823668,81.07273132122829,79.9501508066638,84.98479323118609,85.09765484238291,85.2105164535797,85.2105164535797,84.98479323118609,84.6462083975958,84.3076235640054,84.87193161998941,84.19476195280859
81.61562478492341,85.66196289836691,200309,80.6478500435214,80.0872395295642,80.4896880629947,81.46729580372859,82.04158701240858,82.20599906884479,82.7022116961195,81.9645310823668,80.7496520313354,85.32337806477649,84.98479323118609,85.09765484238291,85.2105164535797,85.2105164535797,84.98479323118609,84.6462083975958,84.3076235640054,84.4204851752022
82.3501653812676,85.7748245095637,200310,81.61562478492341,80.6478500435214,80.0872395295642,80.4896880629947,81.46729580372859,82.04158701240858,82.20599906884479,82.7022116961195,80.9111515961215,85.66196289836691,85.32337806477649,84.98479323118609,85.09765484238291,85.2105164535797,85.2105164535797,84.98479323118609,84.6462083975958,84.53334678639901
83.1736669298192,85.66196289836691,200311,82.3501653812676,81.61562478492341,80.6478500435214,80.0872395295642,80.4896880629947,81.46729580372859,82.04158701240858,82.20599906884479,80.830240683387,85.7748245095637,85.66196289836691,85.32337806477649,84.98479323118609,85.09765484238291,85.2105164535797,85.2105164535797,84.98479323118609,84.53334678639901
83.67270864962241,86.0005477319573,200312,83.1736669298192,82.3501653812676,81.61562478492341,80.6478500435214,80.0872395295642,80.4896880629947,81.46729580372859,82.04158701240858,81.07273132122829,85.66196289836691,85.7748245095637,85.66196289836691,85.32337806477649,84.98479323118609,85.09765484238291,85.2105164535797,85.2105164535797,84.87193161998941
84.5931086415255,85.54910128717009,200401,83.67270864962241,83.1736669298192,82.3501653812676,81.61562478492341,80.6478500435214,80.0872395295642,80.4896880629947,81.46729580372859,81.9645310823668,86.0005477319573,85.66196289836691,85.7748245095637,85.66196289836691,85.32337806477649,84.98479323118609,85.09765484238291,85.2105164535797,84.3076235640054
84.42392259265999,85.7748245095637,200402,84.5931086415255,83.67270864962241,83.1736669298192,82.3501653812676,81.61562478492341,80.6478500435214,80.0872395295642,80.4896880629947,82.7022116961195,85.54910128717009,86.0005477319573,85.66196289836691,85.7748245095637,85.66196289836691,85.32337806477649,84.98479323118609,85.09765484238291,84.6462083975958
84.67719438877751,85.88768612076049,200403,84.42392259265999,84.5931086415255,83.67270864962241,83.1736669298192,82.3501653812676,81.61562478492341,80.6478500435214,80.0872395295642,82.20599906884479,85.7748245095637,85.54910128717009,86.0005477319573,85.66196289836691,85.7748245095637,85.66196289836691,85.32337806477649,84.98479323118609,84.98479323118609
85.1005801501994,86.22627095435091,200404,84.67719438877751,84.42392259265999,84.5931086415255,83.67270864962241,83.1736669298192,82.3501653812676,81.61562478492341,80.6478500435214,82.04158701240858,85.88768612076049,85.7748245095637,85.54910128717009,86.0005477319573,85.66196289836691,85.7748245095637,85.66196289836691,85.32337806477649,85.2105164535797
85.015479848586,86.4519941767445,200405,85.1005801501994,84.67719438877751,84.42392259265999,84.5931086415255,83.67270864962241,83.1736669298192,82.3501653812676,81.61562478492341,81.46729580372859,86.22627095435091,85.88768612076049,85.7748245095637,85.54910128717009,86.0005477319573,85.66196289836691,85.7748245095637,85.66196289836691,85.2105164535797
84.42037124754559,86.4519941767445,200406,85.015479848586,85.1005801501994,84.67719438877751,84.42392259265999,84.5931086415255,83.67270864962241,83.1736669298192,82.3501653812676,80.4896880629947,86.4519941767445,86.22627095435091,85.88768612076049,85.7748245095637,85.54910128717009,86.0005477319573,85.66196289836691,85.7748245095637,85.09765484238291
84.251530130969,86.22627095435091,200407,84.42037124754559,85.015479848586,85.1005801501994,84.67719438877751,84.42392259265999,84.5931086415255,83.67270864962241,83.1736669298192,80.0872395295642,86.4519941767445,86.4519941767445,86.22627095435091,85.88768612076049,85.7748245095637,85.54910128717009,86.0005477319573,85.66196289836691,84.98479323118609
84.84129147183259,86.4519941767445,200408,84.251530130969,84.42037124754559,85.015479848586,85.1005801501994,84.67719438877751,84.42392259265999,84.5931086415255,83.67270864962241,80.6478500435214,86.22627095435091,86.4519941767445,86.4519941767445,86.22627095435091,85.88768612076049,85.7748245095637,85.54910128717009,86.0005477319573,85.32337806477649
85.7745454545454,86.56485578794121,200409,84.84129147183259,84.251530130969,84.42037124754559,85.015479848586,85.1005801501994,84.67719438877751,84.42392259265999,84.5931086415255,81.61562478492341,86.4519941767445,86.22627095435091,86.4519941767445,86.4519941767445,86.22627095435091,85.88768612076049,85.7748245095637,85.54910128717009,85.66196289836691
85.7745454545454,86.79057901033491,200410,85.7745454545454,84.84129147183259,84.251530130969,84.42037124754559,85.015479848586,85.1005801501994,84.67719438877751,84.42392259265999,82.3501653812676,86.56485578794121,86.4519941767445,86.22627095435091,86.4519941767445,86.4519941767445,86.22627095435091,85.88768612076049,85.7748245095637,85.7748245095637
85.5172219185846,86.9034406215316,200411,85.7745454545454,85.7745454545454,84.84129147183259,84.251530130969,84.42037124754559,85.015479848586,85.1005801501994,84.67719438877751,83.1736669298192,86.79057901033491,86.56485578794121,86.4519941767445,86.22627095435091,86.4519941767445,86.4519941767445,86.22627095435091,85.88768612076049,85.66196289836691
85.6027392158054,87.3548870663188,200412,85.5172219185846,85.7745454545454,85.7745454545454,84.84129147183259,84.251530130969,84.42037124754559,85.015479848586,85.1005801501994,83.67270864962241,86.9034406215316,86.79057901033491,86.56485578794121,86.4519941767445,86.22627095435091,86.4519941767445,86.4519941767445,86.22627095435091,86.0005477319573
86.11635553936149,86.9034406215316,200501,85.6027392158054,85.5172219185846,85.7745454545454,85.7745454545454,84.84129147183259,84.251530130969,84.42037124754559,85.015479848586,84.5931086415255,87.3548870663188,86.9034406215316,86.79057901033491,86.56485578794121,86.4519941767445,86.22627095435091,86.4519941767445,86.4519941767445,85.54910128717009
87.66644966701081,87.12541620421759,200502,86.11635553936149,85.6027392158054,85.5172219185846,85.7745454545454,85.7745454545454,84.84129147183259,84.251530130969,84.42037124754559,84.42392259265999,86.9034406215316,87.3548870663188,86.9034406215316,86.79057901033491,86.56485578794121,86.4519941767445,86.22627095435091,86.4519941767445,85.7748245095637
86.87745187344379,87.45837957824641,200503,87.66644966701081,86.11635553936149,85.6027392158054,85.5172219185846,85.7745454545454,85.7745454545454,84.84129147183259,84.251530130969,84.67719438877751,87.12541620421759,86.9034406215316,87.3548870663188,86.9034406215316,86.79057901033491,86.56485578794121,86.4519941767445,86.22627095435091,85.88768612076049
86.6168190927309,87.7913429522753,200504,86.87745187344379,87.66644966701081,86.11635553936149,85.6027392158054,85.5172219185846,85.7745454545454,85.7745454545454,84.84129147183259,85.1005801501994,87.45837957824641,87.12541620421759,86.9034406215316,87.3548870663188,86.9034406215316,86.79057901033491,86.56485578794121,86.4519941767445,86.22627095435091
86.44358535252321,88.1243063263041,200505,86.6168190927309,86.87745187344379,87.66644966701081,86.11635553936149,85.6027392158054,85.5172219185846,85.7745454545454,85.7745454545454,85.015479848586,87.7913429522753,87.45837957824641,87.12541620421759,86.9034406215316,87.3548870663188,86.9034406215316,86.79057901033491,86.56485578794121,86.4519941767445
85.75203740814959,88.1243063263041,200506,86.44358535252321,86.6168190927309,86.87745187344379,87.66644966701081,86.11635553936149,85.6027392158054,85.5172219185846,85.7745454545454,84.42037124754559,88.1243063263041,87.7913429522753,87.45837957824641,87.12541620421759,86.9034406215316,87.3548870663188,86.9034406215316,86.79057901033491,86.4519941767445
85.75203740814959,88.2352941176471,200507,85.75203740814959,86.44358535252321,86.6168190927309,86.87745187344379,87.66644966701081,86.11635553936149,85.6027392158054,85.5172219185846,84.251530130969,88.1243063263041,88.1243063263041,87.7913429522753,87.45837957824641,87.12541620421759,86.9034406215316,87.3548870663188,86.9034406215316,86.22627095435091
85.9235408190118,88.457269700333,200508,85.75203740814959,85.75203740814959,86.44358535252321,86.6168190927309,86.87745187344379,87.66644966701081,86.11635553936149,85.6027392158054,84.84129147183259,88.2352941176471,88.1243063263041,88.1243063263041,87.7913429522753,87.45837957824641,87.12541620421759,86.9034406215316,87.3548870663188,86.4519941767445
86.5250055666889,88.67924528301891,200509,85.9235408190118,85.75203740814959,85.75203740814959,86.44358535252321,86.6168190927309,86.87745187344379,87.66644966701081,86.11635553936149,85.7745454545454,88.457269700333,88.2352941176471,88.1243063263041,88.1243063263041,87.7913429522753,87.45837957824641,87.12541620421759,86.9034406215316,86.56485578794121
86.87110625290991,88.79023307436181,200510,86.5250055666889,85.9235408190118,85.75203740814959,85.75203740814959,86.44358535252321,86.6168190927309,86.87745187344379,87.66644966701081,85.7745454545454,88.67924528301891,88.457269700333,88.2352941176471,88.1243063263041,88.1243063263041,87.7913429522753,87.45837957824641,87.12541620421759,86.79057901033491
86.6104929050019,88.79023307436181,200511,86.87110625290991,86.5250055666889,85.9235408190118,85.75203740814959,85.75203740814959,86.44358535252321,86.6168190927309,86.87745187344379,85.5172219185846,88.79023307436181,88.67924528301891,88.457269700333,88.2352941176471,88.1243063263041,88.1243063263041,87.7913429522753,87.45837957824641,86.9034406215316
86.95693447501058,89.1231964483907,200512,86.6104929050019,86.87110625290991,86.5250055666889,85.9235408190118,85.75203740814959,85.75203740814959,86.44358535252321,86.6168190927309,85.6027392158054,88.79023307436181,88.79023307436181,88.67924528301891,88.457269700333,88.2352941176471,88.1243063263041,88.1243063263041,87.7913429522753,87.3548870663188
88.08737474949899,88.79023307436181,200601,86.95693447501058,86.6104929050019,86.87110625290991,86.5250055666889,85.9235408190118,85.75203740814959,85.75203740814959,86.44358535252321,86.11635553936149,89.1231964483907,88.79023307436181,88.79023307436181,88.67924528301891,88.457269700333,88.2352941176471,88.1243063263041,88.1243063263041,86.9034406215316
88.52781117791142,89.01220865704771,200602,88.08737474949899,86.95693447501058,86.6104929050019,86.87110625290991,86.5250055666889,85.9235408190118,85.75203740814959,85.75203740814959,87.66644966701081,88.79023307436181,89.1231964483907,88.79023307436181,88.79023307436181,88.67924528301891,88.457269700333,88.2352941176471,88.1243063263041,87.12541620421759
87.7310613145482,89.2341842397336,200603,88.52781117791142,88.08737474949899,86.95693447501058,86.6104929050019,86.87110625290991,86.5250055666889,85.9235408190118,85.75203740814959,86.87745187344379,89.01220865704771,88.79023307436181,89.1231964483907,88.79023307436181,88.79023307436181,88.67924528301891,88.457269700333,88.2352941176471,87.45837957824641
87.90652334972981,89.7891231964484,200604,87.7310613145482,88.52781117791142,88.08737474949899,86.95693447501058,86.6104929050019,86.87110625290991,86.5250055666889,85.9235408190118,86.6168190927309,89.2341842397336,89.01220865704771,88.79023307436181,89.1231964483907,88.79023307436181,88.79023307436181,88.67924528301891,88.457269700333,87.7913429522753
87.81861662719379,90.2330743618202,200605,87.90652334972981,87.7310613145482,88.52781117791142,88.08737474949899,86.95693447501058,86.6104929050019,86.87110625290991,86.5250055666889,86.44358535252321,89.7891231964484,89.2341842397336,89.01220865704771,88.79023307436181,89.1231964483907,88.79023307436181,88.79023307436181,88.67924528301891,88.1243063263041
87.37952349142729,90.45504994450609,200606,87.81861662719379,87.90652334972981,87.7310613145482,88.52781117791142,88.08737474949899,86.95693447501058,86.6104929050019,86.87110625290991,85.75203740814959,90.2330743618202,89.7891231964484,89.2341842397336,89.01220865704771,88.79023307436181,89.1231964483907,88.79023307436181,88.79023307436181,88.1243063263041
87.11738547802679,90.45504994450609,200607,87.37952349142729,87.81861662719379,87.90652334972981,87.7310613145482,88.52781117791142,88.08737474949899,86.95693447501058,86.6104929050019,85.75203740814959,90.45504994450609,90.2330743618202,89.7891231964484,89.2341842397336,89.01220865704771,88.79023307436181,89.1231964483907,88.79023307436181,88.2352941176471
87.3787372725248,90.78801331853501,200608,87.11738547802679,87.37952349142729,87.81861662719379,87.90652334972981,87.7310613145482,88.52781117791142,88.08737474949899,86.95693447501058,85.9235408190118,90.45504994450609,90.45504994450609,90.2330743618202,89.7891231964484,89.2341842397336,89.01220865704771,88.79023307436181,89.1231964483907,88.457269700333
87.815631262525,90.89900110987791,200609,87.3787372725248,87.11738547802679,87.37952349142729,87.81861662719379,87.90652334972981,87.7310613145482,88.52781117791142,88.08737474949899,86.5250055666889,90.78801331853501,90.45504994450609,90.45504994450609,90.2330743618202,89.7891231964484,89.2341842397336,89.01220865704771,88.79023307436181,88.67924528301891
87.90344648893739,91.00998890122091,200610,87.815631262525,87.3787372725248,87.11738547802679,87.37952349142729,87.81861662719379,87.90652334972981,87.7310613145482,88.52781117791142,86.87110625290991,90.89900110987791,90.78801331853501,90.45504994450609,90.45504994450609,90.2330743618202,89.7891231964484,89.2341842397336,89.01220865704771,88.79023307436181
88.1671569401429,91.23196448390681,200611,87.90344648893739,87.815631262525,87.3787372725248,87.11738547802679,87.37952349142729,87.81861662719379,87.90652334972981,87.7310613145482,86.6104929050019,91.00998890122091,90.89900110987791,90.78801331853501,90.45504994450609,90.45504994450609,90.2330743618202,89.7891231964484,89.2341842397336,88.79023307436181
89.4014971356855,91.67591564927861,200612,88.1671569401429,87.90344648893739,87.815631262525,87.3787372725248,87.11738547802679,87.37952349142729,87.81861662719379,87.90652334972981,86.95693447501058,91.23196448390681,91.00998890122091,90.89900110987791,90.78801331853501,90.45504994450609,90.45504994450609,90.2330743618202,89.7891231964484,89.1231964483907
90.0273079492318,91.1209766925638,200701,89.4014971356855,88.1671569401429,87.90344648893739,87.815631262525,87.3787372725248,87.11738547802679,87.37952349142729,87.81861662719379,88.08737474949899,91.67591564927861,91.23196448390681,91.00998890122091,90.89900110987791,90.78801331853501,90.45504994450609,90.45504994450609,90.2330743618202,88.79023307436181
90.92758041335199,91.45394006659271,200702,90.0273079492318,89.4014971356855,88.1671569401429,87.90344648893739,87.815631262525,87.3787372725248,87.11738547802679,87.37952349142729,88.52781117791142,91.1209766925638,91.67591564927861,91.23196448390681,91.00998890122091,90.89900110987791,90.78801331853501,90.45504994450609,90.45504994450609,89.01220865704771
90.6547980810105,91.8978912319645,200703,90.92758041335199,90.0273079492318,89.4014971356855,88.1671569401429,87.90344648893739,87.815631262525,87.3787372725248,87.11738547802679,87.7310613145482,91.45394006659271,91.1209766925638,91.67591564927861,91.23196448390681,91.00998890122091,90.89900110987791,90.78801331853501,90.45504994450609,89.2341842397336
90.56414323596691,92.2308546059934,200704,90.6547980810105,90.92758041335199,90.0273079492318,89.4014971356855,88.1671569401429,87.90344648893739,87.815631262525,87.3787372725248,87.90652334972981,91.8978912319645,91.45394006659271,91.1209766925638,91.67591564927861,91.23196448390681,91.00998890122091,90.89900110987791,90.78801331853501,89.7891231964484
90.8358357118277,92.4528301886792,200705,90.56414323596691,90.6547980810105,90.92758041335199,90.0273079492318,89.4014971356855,88.1671569401429,87.90344648893739,87.815631262525,87.81861662719379,92.2308546059934,91.8978912319645,91.45394006659271,91.1209766925638,91.67591564927861,91.23196448390681,91.00998890122091,90.89900110987791,90.2330743618202
91.19917896398859,92.6748057713652,200706,90.8358357118277,90.56414323596691,90.6547980810105,90.92758041335199,90.0273079492318,89.4014971356855,88.1671569401429,87.90344648893739,87.37952349142729,92.4528301886792,92.2308546059934,91.8978912319645,91.45394006659271,91.1209766925638,91.67591564927861,91.23196448390681,91.00998890122091,90.45504994450609
92.01997125564259,92.2308546059934,200707,91.19917896398859,90.8358357118277,90.56414323596691,90.6547980810105,90.92758041335199,90.0273079492318,89.4014971356855,88.1671569401429,87.11738547802679,92.6748057713652,92.4528301886792,92.2308546059934,91.8978912319645,91.45394006659271,91.1209766925638,91.67591564927861,91.23196448390681,90.45504994450609
93.1242112507844,92.56381798002221,200708,92.01997125564259,91.19917896398859,90.8358357118277,90.56414323596691,90.6547980810105,90.92758041335199,90.0273079492318,89.4014971356855,87.3787372725248,92.2308546059934,92.6748057713652,92.4528301886792,92.2308546059934,91.8978912319645,91.45394006659271,91.1209766925638,91.67591564927861,90.78801331853501
93.40358373312279,92.6748057713652,200709,93.1242112507844,92.01997125564259,91.19917896398859,90.8358357118277,90.56414323596691,90.6547980810105,90.92758041335199,90.0273079492318,87.815631262525,92.56381798002221,92.2308546059934,92.6748057713652,92.4528301886792,92.2308546059934,91.8978912319645,91.45394006659271,91.1209766925638,90.89900110987791
93.6837950648772,93.00776914539401,200710,93.40358373312279,93.1242112507844,92.01997125564259,91.19917896398859,90.8358357118277,90.56414323596691,90.6547980810105,90.92758041335199,87.90344648893739,92.6748057713652,92.56381798002221,92.2308546059934,92.6748057713652,92.4528301886792,92.2308546059934,91.8978912319645,91.45394006659271,91.00998890122091
94.3395809801421,93.34073251942291,200711,93.6837950648772,93.40358373312279,93.1242112507844,92.01997125564259,91.19917896398859,90.8358357118277,90.56414323596691,90.6547980810105,88.1671569401429,93.00776914539401,92.6748057713652,92.56381798002221,92.2308546059934,92.6748057713652,92.4528301886792,92.2308546059934,91.8978912319645,91.23196448390681
95.28297726766658,93.78468368479471,200712,94.3395809801421,93.6837950648772,93.40358373312279,93.1242112507844,92.01997125564259,91.19917896398859,90.8358357118277,90.56414323596691,89.4014971356855,93.34073251942291,93.00776914539401,92.6748057713652,92.56381798002221,92.2308546059934,92.6748057713652,92.4528301886792,92.2308546059934,91.67591564927861
96.42637274549101,93.34073251942291,200801,95.28297726766658,94.3395809801421,93.6837950648772,93.40358373312279,93.1242112507844,92.01997125564259,91.19917896398859,90.8358357118277,90.0273079492318,93.78468368479471,93.34073251942291,93.00776914539401,92.6748057713652,92.56381798002221,92.2308546059934,92.6748057713652,92.4528301886792,91.1209766925638
98.9334588368656,93.8956714761376,200802,96.42637274549101,95.28297726766658,94.3395809801421,93.6837950648772,93.40358373312279,93.1242112507844,92.01997125564259,91.19917896398859,90.92758041335199,93.34073251942291,93.78468368479471,93.34073251942291,93.00776914539401,92.6748057713652,92.56381798002221,92.2308546059934,92.6748057713652,91.45394006659271
98.24092386793791,94.22863485016649,200803,98.9334588368656,96.42637274549101,95.28297726766658,94.3395809801421,93.6837950648772,93.40358373312279,93.1242112507844,92.01997125564259,90.6547980810105,93.8956714761376,93.34073251942291,93.78468368479471,93.34073251942291,93.00776914539401,92.6748057713652,92.56381798002221,92.2308546059934,91.8978912319645
98.3391647942349,95.00554938956721,200804,98.24092386793791,98.9334588368656,96.42637274549101,95.28297726766658,94.3395809801421,93.6837950648772,93.40358373312279,93.1242112507844,90.56414323596691,94.22863485016649,93.8956714761376,93.34073251942291,93.78468368479471,93.34073251942291,93.00776914539401,92.6748057713652,92.56381798002221,92.2308546059934
97.94580838444558,95.56048834628191,200805,98.3391647942349,98.24092386793791,98.9334588368656,96.42637274549101,95.28297726766658,94.3395809801421,93.6837950648772,93.40358373312279,90.8358357118277,95.00554938956721,94.22863485016649,93.8956714761376,93.34073251942291,93.78468368479471,93.34073251942291,93.00776914539401,92.6748057713652,92.4528301886792
97.74991680330359,96.11542730299671,200806,97.94580838444558,98.3391647942349,98.24092386793791,98.9334588368656,96.42637274549101,95.28297726766658,94.3395809801421,93.6837950648772,91.19917896398859,95.56048834628191,95.00554938956721,94.22863485016649,93.8956714761376,93.34073251942291,93.78468368479471,93.34073251942291,93.00776914539401,92.6748057713652
97.8476670512742,96.11542730299671,200807,97.74991680330359,97.94580838444558,98.3391647942349,98.24092386793791,98.9334588368656,96.42637274549101,95.28297726766658,94.3395809801421,92.01997125564259,96.11542730299671,95.56048834628191,95.00554938956721,94.22863485016649,93.8956714761376,93.34073251942291,93.78468368479471,93.34073251942291,92.2308546059934
97.7498188295783,96.6703662597114,200808,97.8476670512742,97.74991680330359,97.94580838444558,98.3391647942349,98.24092386793791,98.9334588368656,96.42637274549101,95.28297726766658,93.1242112507844,96.11542730299671,96.11542730299671,95.56048834628191,95.00554938956721,94.22863485016649,93.8956714761376,93.34073251942291,93.78468368479471,92.56381798002221
97.7498188295783,97.1143174250832,200809,97.7498188295783,97.8476670512742,97.74991680330359,97.94580838444558,98.3391647942349,98.24092386793791,98.9334588368656,96.42637274549101,93.40358373312279,96.6703662597114,96.11542730299671,96.11542730299671,95.56048834628191,95.00554938956721,94.22863485016649,93.8956714761376,93.34073251942291,92.6748057713652
97.4565697050667,96.8923418423974,200810,97.7498188295783,97.7498188295783,97.8476670512742,97.74991680330359,97.94580838444558,98.3391647942349,98.24092386793791,98.9334588368656,93.6837950648772,97.1143174250832,96.6703662597114,96.11542730299671,96.11542730299671,95.56048834628191,95.00554938956721,94.22863485016649,93.8956714761376,93.00776914539401
96.67691747130621,96.8923418423974,200811,97.4565697050667,97.7498188295783,97.7498188295783,97.8476670512742,97.74991680330359,97.94580838444558,98.3391647942349,98.24092386793791,94.3395809801421,96.8923418423974,97.1143174250832,96.6703662597114,96.11542730299671,96.11542730299671,95.56048834628191,95.00554938956721,94.22863485016649,93.34073251942291
96.4835634906176,96.6703662597114,200812,96.67691747130621,97.4565697050667,97.7498188295783,97.7498188295783,97.8476670512742,97.74991680330359,97.94580838444558,98.3391647942349,95.28297726766658,96.8923418423974,96.8923418423974,97.1143174250832,96.6703662597114,96.11542730299671,96.11542730299671,95.56048834628191,95.00554938956721,93.78468368479471
97.3519151434181,96.11542730299671,200901,96.4835634906176,96.67691747130621,97.4565697050667,97.7498188295783,97.7498188295783,97.8476670512742,97.74991680330359,97.94580838444558,96.42637274549101,96.6703662597114,96.8923418423974,96.8923418423974,97.1143174250832,96.6703662597114,96.11542730299671,96.11542730299671,95.56048834628191,93.34073251942291
97.3519151434181,96.78135405105441,200902,97.3519151434181,96.4835634906176,96.67691747130621,97.4565697050667,97.7498188295783,97.7498188295783,97.8476670512742,97.74991680330359,98.9334588368656,96.11542730299671,96.6703662597114,96.8923418423974,96.8923418423974,97.1143174250832,96.6703662597114,96.11542730299671,96.11542730299671,93.8956714761376
97.05985951701379,96.8923418423974,200903,97.3519151434181,97.3519151434181,96.4835634906176,96.67691747130621,97.4565697050667,97.7498188295783,97.7498188295783,97.8476670512742,98.24092386793791,96.78135405105441,96.11542730299671,96.6703662597114,96.8923418423974,96.8923418423974,97.1143174250832,96.6703662597114,96.11542730299671,94.22863485016649
96.8657395599279,97.1143174250832,200904,97.05985951701379,97.3519151434181,97.3519151434181,96.4835634906176,96.67691747130621,97.4565697050667,97.7498188295783,97.7498188295783,98.3391647942349,96.8923418423974,96.78135405105441,96.11542730299671,96.6703662597114,96.8923418423974,96.8923418423974,97.1143174250832,96.6703662597114,95.00554938956721
96.5751430132993,97.5582685904551,200905,96.8657395599279,97.05985951701379,97.3519151434181,97.3519151434181,96.4835634906176,96.67691747130621,97.4565697050667,97.7498188295783,97.94580838444558,97.1143174250832,96.8923418423974,96.78135405105441,96.11542730299671,96.6703662597114,96.8923418423974,96.8923418423974,97.1143174250832,95.56048834628191
96.0922669581587,97.780244173141,200906,96.5751430132993,96.8657395599279,97.05985951701379,97.3519151434181,97.3519151434181,96.4835634906176,96.67691747130621,97.4565697050667,97.74991680330359,97.5582685904551,97.1143174250832,96.8923418423974,96.78135405105441,96.11542730299671,96.6703662597114,96.8923418423974,96.8923418423974,96.11542730299671
96.0922669581587,97.66925638179801,200907,96.0922669581587,96.5751430132993,96.8657395599279,97.05985951701379,97.3519151434181,97.3519151434181,96.4835634906176,96.67691747130621,97.8476670512742,97.780244173141,97.5582685904551,97.1143174250832,96.8923418423974,96.78135405105441,96.11542730299671,96.6703662597114,96.8923418423974,96.11542730299671
96.57272832533751,98.00221975582691,200908,96.0922669581587,96.0922669581587,96.5751430132993,96.8657395599279,97.05985951701379,97.3519151434181,97.3519151434181,96.4835634906176,97.7498188295783,97.66925638179801,97.780244173141,97.5582685904551,97.1143174250832,96.8923418423974,96.78135405105441,96.11542730299671,96.6703662597114,96.6703662597114
96.95900892694479,98.00221975582691,200909,96.57272832533751,96.0922669581587,96.0922669581587,96.5751430132993,96.8657395599279,97.05985951701379,97.3519151434181,97.3519151434181,97.7498188295783,98.00221975582691,97.66925638179801,97.780244173141,97.5582685904551,97.1143174250832,96.8923418423974,96.78135405105441,96.11542730299671,97.1143174250832
96.8644359425922,98.1132075471698,200910,96.95900892694479,96.57272832533751,96.0922669581587,96.0922669581587,96.5751430132993,96.8657395599279,97.05985951701379,97.3519151434181,97.4565697050667,98.00221975582691,98.00221975582691,97.66925638179801,97.780244173141,97.5582685904551,97.1143174250832,96.8923418423974,96.78135405105441,96.8923418423974
97.1559280176515,98.33518312985571,200911,96.8644359425922,96.95900892694479,96.57272832533751,96.0922669581587,96.0922669581587,96.5751430132993,96.8657395599279,97.05985951701379,96.67691747130621,98.1132075471698,98.00221975582691,98.00221975582691,97.66925638179801,97.780244173141,97.5582685904551,97.1143174250832,96.8923418423974,96.8923418423974
98.1275682678488,98.6681465038846,200912,97.1559280176515,96.8644359425922,96.95900892694479,96.57272832533751,96.0922669581587,96.0922669581587,96.5751430132993,96.8657395599279,96.4835634906176,98.33518312985571,98.1132075471698,98.00221975582691,98.00221975582691,97.66925638179801,97.780244173141,97.5582685904551,97.1143174250832,96.6703662597114
98.71055241796721,98.5571587125416,201001,98.1275682678488,97.1559280176515,96.8644359425922,96.95900892694479,96.57272832533751,96.0922669581587,96.0922669581587,96.5751430132993,97.3519151434181,98.6681465038846,98.33518312985571,98.1132075471698,98.00221975582691,98.00221975582691,97.66925638179801,97.780244173141,97.5582685904551,96.11542730299671
99.900811724459,98.77913429522751,201002,98.71055241796721,98.1275682678488,97.1559280176515,96.8644359425922,96.95900892694479,96.57272832533751,96.0922669581587,96.0922669581587,97.3519151434181,98.5571587125416,98.6681465038846,98.33518312985571,98.1132075471698,98.00221975582691,98.00221975582691,97.66925638179801,97.780244173141,96.78135405105441
99.1963725430659,99.2230854605994,201003,99.900811724459,98.71055241796721,98.1275682678488,97.1559280176515,96.8644359425922,96.95900892694479,96.57272832533751,96.0922669581587,97.05985951701379,98.77913429522751,98.5571587125416,98.6681465038846,98.33518312985571,98.1132075471698,98.00221975582691,98.00221975582691,97.66925638179801,96.8923418423974
99.39879759519042,99.77802441731409,201004,99.1963725430659,99.900811724459,98.71055241796721,98.1275682678488,97.1559280176515,96.8644359425922,96.95900892694479,96.57272832533751,96.8657395599279,99.2230854605994,98.77913429522751,98.5571587125416,98.6681465038846,98.33518312985571,98.1132075471698,98.00221975582691,98.00221975582691,97.1143174250832
99.3016335701706,100.0,201005,99.39879759519042,99.1963725430659,99.900811724459,98.71055241796721,98.1275682678488,97.1559280176515,96.8644359425922,96.95900892694479,96.5751430132993,99.77802441731409,99.2230854605994,98.77913429522751,98.5571587125416,98.6681465038846,98.33518312985571,98.1132075471698,98.00221975582691,97.5582685904551
98.70245541588221,100.110987791343,201006,99.3016335701706,99.39879759519042,99.1963725430659,99.900811724459,98.71055241796721,98.1275682678488,97.1559280176515,96.8644359425922,96.0922669581587,100.0,99.77802441731409,99.2230854605994,98.77913429522751,98.5571587125416,98.6681465038846,98.33518312985571,98.1132075471698,97.780244173141
99.09920851804621,99.889012208657,201007,98.70245541588221,99.3016335701706,99.39879759519042,99.1963725430659,99.900811724459,98.71055241796721,98.1275682678488,97.1559280176515,96.0922669581587,100.110987791343,100.0,99.77802441731409,99.2230854605994,98.77913429522751,98.5571587125416,98.6681465038846,98.33518312985571,97.66925638179801
99.6902896702496,100.332963374029,201008,99.09920851804621,98.70245541588221,99.3016335701706,99.39879759519042,99.1963725430659,99.900811724459,98.71055241796721,98.1275682678488,96.57272832533751,99.889012208657,100.110987791343,100.0,99.77802441731409,99.2230854605994,98.77913429522751,98.5571587125416,98.6681465038846,98.00221975582691
100.28946782453801,100.332963374029,201009,99.6902896702496,99.09920851804621,98.70245541588221,99.3016335701706,99.39879759519042,99.1963725430659,99.900811724459,98.71055241796721,96.95900892694479,100.332963374029,99.889012208657,100.110987791343,100.0,99.77802441731409,99.2230854605994,98.77913429522751,98.5571587125416,98.00221975582691
100.99390700593099,100.55493895671499,201010,100.28946782453801,99.6902896702496,99.09920851804621,98.70245541588221,99.3016335701706,99.39879759519042,99.1963725430659,99.900811724459,96.8644359425922,100.332963374029,100.332963374029,99.889012208657,100.110987791343,100.0,99.77802441731409,99.2230854605994,98.77913429522751,98.1132075471698
102.10319629157301,100.887902330744,201011,100.99390700593099,100.28946782453801,99.6902896702496,99.09920851804621,98.70245541588221,99.3016335701706,99.39879759519042,99.1963725430659,97.1559280176515,100.55493895671499,100.332963374029,100.332963374029,99.889012208657,100.110987791343,100.0,99.77802441731409,99.2230854605994,98.33518312985571
102.613307422927,101.775804661487,201012,102.10319629157301,100.99390700593099,100.28946782453801,99.6902896702496,99.09920851804621,98.70245541588221,99.3016335701706,99.39879759519042,98.1275682678488,100.887902330744,100.55493895671499,100.332963374029,100.332963374029,99.889012208657,100.110987791343,100.0,99.77802441731409,98.6681465038846
103.641626687719,101.88679245283001,201101,102.613307422927,102.10319629157301,100.99390700593099,100.28946782453801,99.6902896702496,99.09920851804621,98.70245541588221,99.3016335701706,98.71055241796721,101.775804661487,100.887902330744,100.55493895671499,100.332963374029,100.332963374029,99.889012208657,100.110987791343,100.0,98.5571587125416
104.966614435208,102.441731409545,201102,103.641626687719,102.613307422927,102.10319629157301,100.99390700593099,100.28946782453801,99.6902896702496,99.09920851804621,98.70245541588221,99.900811724459,101.88679245283001,101.775804661487,100.887902330744,100.55493895671499,100.332963374029,100.332963374029,99.889012208657,100.110987791343,98.77913429522751
104.755919462977,102.774694783574,201103,104.966614435208,103.641626687719,102.613307422927,102.10319629157301,100.99390700593099,100.28946782453801,99.6902896702496,99.09920851804621,99.1963725430659,102.441731409545,101.88679245283001,101.775804661487,100.887902330744,100.55493895671499,100.332963374029,100.332963374029,99.889012208657,99.2230854605994
104.86126694909201,103.551609322974,201104,104.755919462977,104.966614435208,103.641626687719,102.613307422927,102.10319629157301,100.99390700593099,100.28946782453801,99.6902896702496,99.39879759519042,102.774694783574,102.441731409545,101.88679245283001,101.775804661487,100.887902330744,100.55493895671499,100.332963374029,100.332963374029,99.77802441731409
104.966614435208,103.77358490566,201105,104.86126694909201,104.755919462977,104.966614435208,103.641626687719,102.613307422927,102.10319629157301,100.99390700593099,100.28946782453801,99.3016335701706,103.551609322974,102.774694783574,102.441731409545,101.88679245283001,101.775804661487,100.887902330744,100.55493895671499,100.332963374029,100.0
105.28265689355499,103.77358490566,201106,104.966614435208,104.86126694909201,104.755919462977,104.966614435208,103.641626687719,102.613307422927,102.10319629157301,100.99390700593099,98.70245541588221,103.77358490566,103.551609322974,102.774694783574,102.441731409545,101.88679245283001,101.775804661487,100.887902330744,100.55493895671499,100.110987791343
105.74450027268699,103.77358490566,201107,105.28265689355499,104.966614435208,104.86126694909201,104.755919462977,104.966614435208,103.641626687719,102.613307422927,102.10319629157301,99.09920851804621,103.77358490566,103.77358490566,103.551609322974,102.774694783574,102.441731409545,101.88679245283001,101.775804661487,100.887902330744,99.889012208657
106.044910784825,104.21753607103201,201108,105.74450027268699,105.28265689355499,104.966614435208,104.86126694909201,104.755919462977,104.966614435208,103.641626687719,102.613307422927,99.6902896702496,103.77358490566,103.77358490566,103.77358490566,103.551609322974,102.774694783574,102.441731409545,101.88679245283001,101.775804661487,100.332963374029
106.545594971723,104.88346281909,201109,106.044910784825,105.74450027268699,105.28265689355499,104.966614435208,104.86126694909201,104.755919462977,104.966614435208,103.641626687719,100.28946782453801,104.21753607103201,103.77358490566,103.77358490566,103.77358490566,103.551609322974,102.774694783574,102.441731409545,101.88679245283001,100.332963374029
106.645731809102,104.88346281909,201110,106.545594971723,106.044910784825,105.74450027268699,105.28265689355499,104.966614435208,104.86126694909201,104.755919462977,104.966614435208,100.99390700593099,104.88346281909,104.21753607103201,103.77358490566,103.77358490566,103.77358490566,103.551609322974,102.774694783574,102.441731409545,100.55493895671499
106.445458134343,105.10543840177601,201111,106.645731809102,106.545594971723,106.044910784825,105.74450027268699,105.28265689355499,104.966614435208,104.86126694909201,104.755919462977,102.10319629157301,104.88346281909,104.88346281909,104.21753607103201,103.77358490566,103.77358490566,103.77358490566,103.551609322974,102.774694783574,100.887902330744
106.745868646481,105.43840177580499,201112,106.445458134343,106.645731809102,106.545594971723,106.044910784825,105.74450027268699,105.28265689355499,104.966614435208,104.86126694909201,102.613307422927,105.10543840177601,104.88346281909,104.88346281909,104.21753607103201,103.77358490566,103.77358490566,103.77358490566,103.551609322974,101.775804661487
108.348058044552,105.10543840177601,201201,106.745868646481,106.445458134343,106.645731809102,106.545594971723,106.044910784825,105.74450027268699,105.28265689355499,104.966614435208,103.641626687719,105.43840177580499,105.10543840177601,104.88346281909,104.88346281909,104.21753607103201,103.77358490566,103.77358490566,103.77358490566,101.88679245283001
108.24792120717301,105.660377358491,201202,108.348058044552,106.745868646481,106.445458134343,106.645731809102,106.545594971723,106.044910784825,105.74450027268699,105.28265689355499,104.966614435208,105.10543840177601,105.43840177580499,105.10543840177601,104.88346281909,104.88346281909,104.21753607103201,103.77358490566,103.77358490566,102.441731409545
108.448194881932,105.882352941176,201203,108.24792120717301,108.348058044552,106.745868646481,106.445458134343,106.645731809102,106.545594971723,106.044910784825,105.74450027268699,104.755919462977,105.660377358491,105.10543840177601,105.43840177580499,105.10543840177601,104.88346281909,104.88346281909,104.21753607103201,103.77358490566,102.774694783574
108.348058044552,106.437291897891,201204,108.448194881932,108.24792120717301,108.348058044552,106.745868646481,106.445458134343,106.645731809102,106.545594971723,106.044910784825,104.86126694909201,105.882352941176,105.660377358491,105.10543840177601,105.43840177580499,105.10543840177601,104.88346281909,104.88346281909,104.21753607103201,103.551609322974
108.047647532414,106.437291897891,201205,108.348058044552,108.448194881932,108.24792120717301,108.348058044552,106.745868646481,106.445458134343,106.645731809102,106.545594971723,104.966614435208,106.437291897891,105.882352941176,105.660377358491,105.10543840177601,105.43840177580499,105.10543840177601,104.88346281909,104.88346281909,103.77358490566
107.446826508138,106.104328523862,201206,108.047647532414,108.348058044552,108.448194881932,108.24792120717301,108.348058044552,106.745868646481,106.445458134343,106.645731809102,105.28265689355499,106.437291897891,106.437291897891,105.882352941176,105.660377358491,105.10543840177601,105.43840177580499,105.10543840177601,104.88346281909,103.77358490566
107.546963345517,106.215316315205,201207,107.446826508138,108.047647532414,108.348058044552,108.448194881932,108.24792120717301,108.348058044552,106.745868646481,106.445458134343,105.74450027268699,106.104328523862,106.437291897891,106.437291897891,105.882352941176,105.660377358491,105.10543840177601,105.43840177580499,105.10543840177601,103.77358490566
108.24859381035401,106.65926748057699,201208,107.546963345517,107.446826508138,108.047647532414,108.348058044552,108.448194881932,108.24792120717301,108.348058044552,106.745868646481,106.044910784825,106.215316315205,106.104328523862,106.437291897891,106.437291897891,105.882352941176,105.660377358491,105.10543840177601,105.43840177580499,104.21753607103201
108.58084357425699,106.99223085460599,201209,108.24859381035401,107.546963345517,107.446826508138,108.047647532414,108.348058044552,108.448194881932,108.24792120717301,108.348058044552,106.545594971723,106.65926748057699,106.215316315205,106.104328523862,106.437291897891,106.437291897891,105.882352941176,105.660377358491,105.10543840177601,104.88346281909
108.46739243536301,107.436182019978,201210,108.58084357425699,108.24859381035401,107.546963345517,107.446826508138,108.047647532414,108.348058044552,108.448194881932,108.24792120717301,106.645731809102,106.99223085460599,106.65926748057699,106.215316315205,106.104328523862,106.437291897891,106.437291897891,105.882352941176,105.660377358491,104.88346281909
108.648468556691,107.65815760266399,201211,108.46739243536301,108.58084357425699,108.24859381035401,107.546963345517,107.446826508138,108.047647532414,108.348058044552,108.448194881932,106.445458134343,107.436182019978,106.99223085460599,106.65926748057699,106.215316315205,106.104328523862,106.437291897891,106.437291897891,105.882352941176,105.10543840177601
109.447934421518,107.991120976693,201212,108.648468556691,108.46739243536301,108.58084357425699,108.24859381035401,107.546963345517,107.446826508138,108.047647532414,108.348058044552,106.745868646481,107.65815760266399,107.436182019978,106.99223085460599,106.65926748057699,106.215316315205,106.104328523862,106.437291897891,106.437291897891,105.43840177580499
110.54192754656601,107.65815760266399,201301,109.447934421518,108.648468556691,108.46739243536301,108.58084357425699,108.24859381035401,107.546963345517,107.446826508138,108.047647532414,108.348058044552,107.991120976693,107.65815760266399,107.436182019978,106.99223085460599,106.65926748057699,106.215316315205,106.104328523862,106.437291897891,105.10543840177601
111.757475463287,108.21309655937799,201302,110.54192754656601,109.447934421518,108.648468556691,108.46739243536301,108.58084357425699,108.24859381035401,107.546963345517,107.446826508138,108.24792120717301,107.65815760266399,107.991120976693,107.65815760266399,107.436182019978,106.99223085460599,106.65926748057699,106.215316315205,106.104328523862,105.660377358491
110.752622518798,108.54605993340701,201303,111.757475463287,110.54192754656601,109.447934421518,108.648468556691,108.46739243536301,108.58084357425699,108.24859381035401,107.546963345517,108.448194881932,108.21309655937799,107.65815760266399,107.991120976693,107.65815760266399,107.436182019978,106.99223085460599,106.65926748057699,106.215316315205,105.882352941176
110.971583216863,108.76803551609301,201304,110.752622518798,111.757475463287,110.54192754656601,109.447934421518,108.648468556691,108.46739243536301,108.58084357425699,108.24859381035401,108.348058044552,108.54605993340701,108.21309655937799,107.65815760266399,107.991120976693,107.65815760266399,107.436182019978,106.99223085460599,106.65926748057699,106.437291897891
110.306921616,108.990011098779,201305,110.971583216863,110.752622518798,111.757475463287,110.54192754656601,109.447934421518,108.648468556691,108.46739243536301,108.58084357425699,108.047647532414,108.76803551609301,108.54605993340701,108.21309655937799,107.65815760266399,107.991120976693,107.65815760266399,107.436182019978,106.99223085460599,106.437291897891
110.306921616,108.76803551609301,201306,110.306921616,110.971583216863,110.752622518798,111.757475463287,110.54192754656601,109.447934421518,108.648468556691,108.46739243536301,107.446826508138,108.990011098779,108.76803551609301,108.54605993340701,108.21309655937799,107.65815760266399,107.991120976693,107.65815760266399,107.436182019978,106.104328523862
110.415996782394,108.76803551609301,201307,110.306921616,110.306921616,110.971583216863,110.752622518798,111.757475463287,110.54192754656601,109.447934421518,108.648468556691,107.546963345517,108.76803551609301,108.990011098779,108.76803551609301,108.54605993340701,108.21309655937799,107.65815760266399,107.991120976693,107.65815760266399,106.215316315205
110.971421143808,109.21198668146499,201308,110.415996782394,110.306921616,110.306921616,110.971583216863,110.752622518798,111.757475463287,110.54192754656601,109.447934421518,108.24859381035401,108.76803551609301,108.76803551609301,108.990011098779,108.76803551609301,108.54605993340701,108.21309655937799,107.65815760266399,107.991120976693,106.65926748057699
111.85585380801399,109.544950055494,201309,110.971421143808,110.415996782394,110.306921616,110.306921616,110.971583216863,110.752622518798,111.757475463287,110.54192754656601,108.58084357425699,109.21198668146499,108.76803551609301,108.76803551609301,108.990011098779,108.76803551609301,108.54605993340701,108.21309655937799,107.65815760266399,106.99223085460599
111.968170435518,109.655937846837,201310,111.85585380801399,110.971421143808,110.415996782394,110.306921616,110.306921616,110.971583216863,110.752622518798,111.757475463287,108.46739243536301,109.544950055494,109.21198668146499,108.76803551609301,108.76803551609301,108.990011098779,108.76803551609301,108.54605993340701,108.21309655937799,107.436182019978
111.855772771486,109.655937846837,201311,111.968170435518,111.85585380801399,110.971421143808,110.415996782394,110.306921616,110.306921616,110.971583216863,110.752622518798,108.648468556691,109.655937846837,109.544950055494,109.21198668146499,108.76803551609301,108.76803551609301,108.990011098779,108.76803551609301,108.54605993340701,107.65815760266399
112.19134503302799,110.09988901220899,201312,111.855772771486,111.968170435518,111.85585380801399,110.971421143808,110.415996782394,110.306921616,110.306921616,110.971583216863,109.447934421518,109.655937846837,109.655937846837,109.544950055494,109.21198668146499,108.76803551609301,108.76803551609301,108.990011098779,108.76803551609301,107.991120976693
113.31321472363399,109.544950055494,201401,112.19134503302799,111.855772771486,111.968170435518,111.85585380801399,110.971421143808,110.415996782394,110.306921616,110.306921616,110.54192754656601,110.09988901220899,109.655937846837,109.655937846837,109.544950055494,109.21198668146499,108.76803551609301,108.76803551609301,108.990011098779,107.65815760266399
113.88782534596399,109.988901220866,201402,113.31321472363399,112.19134503302799,111.855772771486,111.968170435518,111.85585380801399,110.971421143808,110.415996782394,110.306921616,111.757475463287,109.544950055494,110.09988901220899,109.655937846837,109.655937846837,109.544950055494,109.21198668146499,108.76803551609301,108.76803551609301,108.21309655937799
113.31321472363399,110.210876803552,201403,113.88782534596399,113.31321472363399,112.19134503302799,111.855772771486,111.968170435518,111.85585380801399,110.971421143808,110.415996782394,110.752622518798,109.988901220866,109.544950055494,110.09988901220899,109.655937846837,109.655937846837,109.544950055494,109.21198668146499,108.76803551609301,108.54605993340701
112.853526225769,110.54384017758001,201404,113.31321472363399,113.88782534596399,113.31321472363399,112.19134503302799,111.855772771486,111.968170435518,111.85585380801399,110.971421143808,110.971583216863,110.210876803552,109.988901220866,109.544950055494,110.09988901220899,109.655937846837,109.655937846837,109.544950055494,109.21198668146499,108.76803551609301
112.96844835023501,110.54384017758001,201405,112.853526225769,113.31321472363399,113.88782534596399,113.31321472363399,112.19134503302799,111.855772771486,111.968170435518,111.85585380801399,110.306921616,110.54384017758001,110.210876803552,109.988901220866,109.544950055494,110.09988901220899,109.655937846837,109.655937846837,109.544950055494,108.990011098779
112.853526225769,110.765815760266,201406,112.96844835023501,112.853526225769,113.31321472363399,113.88782534596399,113.31321472363399,112.19134503302799,111.855772771486,111.968170435518,110.306921616,110.54384017758001,110.54384017758001,110.210876803552,109.988901220866,109.544950055494,110.09988901220899,109.655937846837,109.655937846837,108.76803551609301
112.853526225769,110.54384017758001,201407,112.853526225769,112.96844835023501,112.853526225769,113.31321472363399,113.88782534596399,113.31321472363399,112.19134503302799,111.855772771486,110.415996782394,110.765815760266,110.54384017758001,110.54384017758001,110.210876803552,109.988901220866,109.544950055494,110.09988901220899,109.655937846837,108.76803551609301
113.083370474701,110.876803551609,201408,112.853526225769,112.853526225769,112.96844835023501,112.853526225769,113.31321472363399,113.88782534596399,113.31321472363399,112.19134503302799,110.971421143808,110.54384017758001,110.765815760266,110.54384017758001,110.54384017758001,110.210876803552,109.988901220866,109.544950055494,110.09988901220899,109.21198668146499
113.65798109703199,110.98779134295201,201409,113.083370474701,112.853526225769,112.853526225769,112.96844835023501,112.853526225769,113.31321472363399,113.88782534596399,113.31321472363399,111.85585380801399,110.876803551609,110.54384017758001,110.765815760266,110.54384017758001,110.54384017758001,110.210876803552,109.988901220866,109.544950055494,109.544950055494
113.65798109703199,111.098779134295,201410,113.65798109703199,113.083370474701,112.853526225769,112.853526225769,112.96844835023501,112.853526225769,113.31321472363399,113.88782534596399,111.968170435518,110.98779134295201,110.876803551609,110.54384017758001,110.765815760266,110.54384017758001,110.54384017758001,110.210876803552,109.988901220866,109.655937846837
113.31321472363399,110.876803551609,201411,113.65798109703199,113.65798109703199,113.083370474701,112.853526225769,112.853526225769,112.96844835023501,112.853526225769,113.31321472363399,111.855772771486,111.098779134295,110.98779134295201,110.876803551609,110.54384017758001,110.765815760266,110.54384017758001,110.54384017758001,110.210876803552,109.655937846837
113.772903221498,110.876803551609,201412,113.31321472363399,113.65798109703199,113.65798109703199,113.083370474701,112.853526225769,112.853526225769,112.96844835023501,112.853526225769,112.19134503302799,110.876803551609,111.098779134295,110.98779134295201,110.876803551609,110.54384017758001,110.765815760266,110.54384017758001,110.54384017758001,110.09988901220899
114.11766959489701,110.09988901220899,201501,113.772903221498,113.31321472363399,113.65798109703199,113.65798109703199,113.083370474701,112.853526225769,112.853526225769,112.96844835023501,113.31321472363399,110.876803551609,110.876803551609,111.098779134295,110.98779134295201,110.876803551609,110.54384017758001,110.765815760266,110.54384017758001,109.544950055494
115.49673508849101,110.432852386238,201502,114.11766959489701,113.772903221498,113.31321472363399,113.65798109703199,113.65798109703199,113.083370474701,112.853526225769,112.853526225769,113.88782534596399,110.09988901220899,110.876803551609,110.876803551609,111.098779134295,110.98779134295201,110.876803551609,110.54384017758001,110.765815760266,109.988901220866
114.807202341694,110.54384017758001,201503,115.49673508849101,114.11766959489701,113.772903221498,113.31321472363399,113.65798109703199,113.65798109703199,113.083370474701,112.853526225769,113.31321472363399,110.432852386238,110.09988901220899,110.876803551609,110.876803551609,111.098779134295,110.98779134295201,110.876803551609,110.54384017758001,110.210876803552
114.577358092761,110.876803551609,201504,114.807202341694,115.49673508849101,114.11766959489701,113.772903221498,113.31321472363399,113.65798109703199,113.65798109703199,113.083370474701,112.853526225769,110.54384017758001,110.432852386238,110.09988901220899,110.876803551609,110.876803551609,111.098779134295,110.98779134295201,110.876803551609,110.54384017758001
114.347513843829,111.098779134295,201505,114.577358092761,114.807202341694,115.49673508849101,114.11766959489701,113.772903221498,113.31321472363399,113.65798109703199,113.65798109703199,112.96844835023501,110.876803551609,110.54384017758001,110.432852386238,110.09988901220899,110.876803551609,110.876803551609,111.098779134295,110.98779134295201,110.54384017758001
114.347513843829,111.098779134295,201506,114.347513843829,114.577358092761,114.807202341694,115.49673508849101,114.11766959489701,113.772903221498,113.31321472363399,113.65798109703199,112.853526225769,111.098779134295,110.876803551609,110.54384017758001,110.432852386238,110.09988901220899,110.876803551609,110.876803551609,111.098779134295,110.765815760266
114.807202341694,110.98779134295201,201507,114.347513843829,114.347513843829,114.577358092761,114.807202341694,115.49673508849101,114.11766959489701,113.772903221498,113.31321472363399,112.853526225769,111.098779134295,111.098779134295,110.876803551609,110.54384017758001,110.432852386238,110.09988901220899,110.876803551609,110.876803551609,110.54384017758001
115.381812964025,111.32075471698099,201508,114.807202341694,114.347513843829,114.347513843829,114.577358092761,114.807202341694,115.49673508849101,114.11766959489701,113.772903221498,113.083370474701,110.98779134295201,111.098779134295,111.098779134295,110.876803551609,110.54384017758001,110.432852386238,110.09988901220899,110.876803551609,110.876803551609
115.49673508849101,111.20976692563801,201509,115.381812964025,114.807202341694,114.347513843829,114.347513843829,114.577358092761,114.807202341694,115.49673508849101,114.11766959489701,113.65798109703199,111.32075471698099,110.98779134295201,111.098779134295,111.098779134295,110.876803551609,110.54384017758001,110.432852386238,110.09988901220899,110.98779134295201
115.03704659062599,111.32075471698099,201510,115.49673508849101,115.381812964025,114.807202341694,114.347513843829,114.347513843829,114.577358092761,114.807202341694,115.49673508849101,113.65798109703199,111.20976692563801,111.32075471698099,110.98779134295201,111.098779134295,111.098779134295,110.876803551609,110.54384017758001,110.432852386238,111.098779134295
115.03704659062599,111.32075471698099,201511,115.03704659062599,115.49673508849101,115.381812964025,114.807202341694,114.347513843829,114.347513843829,114.577358092761,114.807202341694,113.31321472363399,111.32075471698099,111.20976692563801,111.32075471698099,110.98779134295201,111.098779134295,111.098779134295,110.876803551609,110.54384017758001,110.876803551609
115.611657212957,111.43174250832399,201512,115.03704659062599,115.03704659062599,115.49673508849101,115.381812964025,114.807202341694,114.347513843829,114.347513843829,114.577358092761,113.772903221498,111.32075471698099,111.32075471698099,111.20976692563801,111.32075471698099,110.98779134295201,111.098779134295,111.098779134295,110.876803551609,110.876803551609
116.18626783528799,110.876803551609,201601,115.611657212957,115.03704659062599,115.03704659062599,115.49673508849101,115.381812964025,114.807202341694,114.347513843829,114.347513843829,114.11766959489701,111.43174250832399,111.32075471698099,111.32075471698099,111.20976692563801,111.32075471698099,110.98779134295201,111.098779134295,111.098779134295,110.09988901220899
118.02502182674601,111.098779134295,201602,116.18626783528799,115.611657212957,115.03704659062599,115.03704659062599,115.49673508849101,115.381812964025,114.807202341694,114.347513843829,115.49673508849101,110.876803551609,111.43174250832399,111.32075471698099,111.32075471698099,111.20976692563801,111.32075471698099,110.98779134295201,111.098779134295,110.432852386238
117.45041120441499,111.43174250832399,201603,118.02502182674601,116.18626783528799,115.611657212957,115.03704659062599,115.03704659062599,115.49673508849101,115.381812964025,114.807202341694,114.807202341694,111.098779134295,110.876803551609,111.43174250832399,111.32075471698099,111.32075471698099,111.20976692563801,111.32075471698099,110.98779134295201,110.54384017758001
117.220566955483,111.65371809101002,201604,117.45041120441499,118.02502182674601,116.18626783528799,115.611657212957,115.03704659062599,115.03704659062599,115.49673508849101,115.381812964025,114.577358092761,111.43174250832399,111.098779134295,110.876803551609,111.43174250832399,111.32075471698099,111.32075471698099,111.20976692563801,111.32075471698099,110.876803551609
116.760878457618,111.875693673696,201605,117.220566955483,117.45041120441499,118.02502182674601,116.18626783528799,115.611657212957,115.03704659062599,115.03704659062599,115.49673508849101,114.347513843829,111.65371809101002,111.43174250832399,111.098779134295,110.876803551609,111.43174250832399,111.32075471698099,111.32075471698099,111.20976692563801,111.098779134295
116.53103420868601,112.097669256382,201606,116.760878457618,117.220566955483,117.45041120441499,118.02502182674601,116.18626783528799,115.611657212957,115.03704659062599,115.03704659062599,114.347513843829,111.875693673696,111.65371809101002,111.43174250832399,111.098779134295,110.876803551609,111.43174250832399,111.32075471698099,111.32075471698099,111.098779134295
116.760878457618,111.986681465039,201607,116.53103420868601,116.760878457618,117.220566955483,117.45041120441499,118.02502182674601,116.18626783528799,115.611657212957,115.03704659062599,114.807202341694,112.097669256382,111.875693673696,111.65371809101002,111.43174250832399,111.098779134295,110.876803551609,111.43174250832399,111.32075471698099,110.98779134295201
116.875800582085,112.31964483906799,201608,116.760878457618,116.53103420868601,116.760878457618,117.220566955483,117.45041120441499,118.02502182674601,116.18626783528799,115.611657212957,115.381812964025,111.986681465039,112.097669256382,111.875693673696,111.65371809101002,111.43174250832399,111.098779134295,110.876803551609,111.43174250832399,111.32075471698099
117.68025545334801,112.652608213097,201609,116.875800582085,116.760878457618,116.53103420868601,116.760878457618,117.220566955483,117.45041120441499,118.02502182674601,116.18626783528799,115.49673508849101,112.31964483906799,111.986681465039,112.097669256382,111.875693673696,111.65371809101002,111.43174250832399,111.098779134295,110.876803551609,111.20976692563801
117.565333328882,112.76359600443999,201610,117.68025545334801,116.875800582085,116.760878457618,116.53103420868601,116.760878457618,117.220566955483,117.45041120441499,118.02502182674601,115.03704659062599,112.652608213097,112.31964483906799,111.986681465039,112.097669256382,111.875693673696,111.65371809101002,111.43174250832399,111.098779134295,111.32075471698099
117.68025545334801,112.985571587125,201611,117.565333328882,117.68025545334801,116.875800582085,116.760878457618,116.53103420868601,116.760878457618,117.220566955483,117.45041120441499,115.03704659062599,112.76359600443999,112.652608213097,112.31964483906799,111.986681465039,112.097669256382,111.875693673696,111.65371809101002,111.43174250832399,111.32075471698099
117.91009970228001,113.42952275249701,201612,117.68025545334801,117.565333328882,117.68025545334801,116.875800582085,116.760878457618,116.53103420868601,116.760878457618,117.220566955483,115.611657212957,112.985571587125,112.76359600443999,112.652608213097,112.31964483906799,111.986681465039,112.097669256382,111.875693673696,111.65371809101002,111.43174250832399
119.174243071408,112.985571587125,201701,117.91009970228001,117.68025545334801,117.565333328882,117.68025545334801,116.875800582085,116.760878457618,116.53103420868601,116.760878457618,116.18626783528799,113.42952275249701,112.985571587125,112.76359600443999,112.652608213097,112.31964483906799,111.986681465039,112.097669256382,111.875693673696,110.876803551609
118.944398822475,113.65149833518299,201702,119.174243071408,117.91009970228001,117.68025545334801,117.565333328882,117.68025545334801,116.875800582085,116.760878457618,116.53103420868601,118.02502182674601,112.985571587125,113.42952275249701,112.985571587125,112.76359600443999,112.652608213097,112.31964483906799,111.986681465039,112.097669256382,111.098779134295
118.59963244907699,113.984461709212,201703,118.944398822475,119.174243071408,117.91009970228001,117.68025545334801,117.565333328882,117.68025545334801,116.875800582085,116.760878457618,117.45041120441499,113.65149833518299,112.985571587125,113.42952275249701,112.985571587125,112.76359600443999,112.652608213097,112.31964483906799,111.986681465039,111.43174250832399
118.59963244907699,114.53940066592699,201704,118.59963244907699,118.944398822475,119.174243071408,117.91009970228001,117.68025545334801,117.565333328882,117.68025545334801,116.875800582085,117.220566955483,113.984461709212,113.65149833518299,112.985571587125,113.42952275249701,112.985571587125,112.76359600443999,112.652608213097,112.31964483906799,111.65371809101002
118.714554573543,114.872364039956,201705,118.59963244907699,118.59963244907699,118.944398822475,119.174243071408,117.91009970228001,117.68025545334801,117.565333328882,117.68025545334801,116.760878457618,114.53940066592699,113.984461709212,113.65149833518299,112.985571587125,113.42952275249701,112.985571587125,112.76359600443999,112.652608213097,111.875693673696
118.484710324611,114.872364039956,201706,118.714554573543,118.59963244907699,118.59963244907699,118.944398822475,119.174243071408,117.91009970228001,117.68025545334801,117.565333328882,116.53103420868601,114.872364039956,114.53940066592699,113.984461709212,113.65149833518299,112.985571587125,113.42952275249701,112.985571587125,112.76359600443999,112.097669256382
118.369788200145,114.872364039956,201707,118.484710324611,118.714554573543,118.59963244907699,118.59963244907699,118.944398822475,119.174243071408,117.91009970228001,117.68025545334801,116.760878457618,114.872364039956,114.872364039956,114.53940066592699,113.984461709212,113.65149833518299,112.985571587125,113.42952275249701,112.985571587125,111.986681465039
118.944398822475,115.42730299667,201708,118.369788200145,118.484710324611,118.714554573543,118.59963244907699,118.59963244907699,118.944398822475,119.174243071408,117.91009970228001,116.875800582085,114.872364039956,114.872364039956,114.872364039956,114.53940066592699,113.984461709212,113.65149833518299,112.985571587125,113.42952275249701,112.31964483906799
119.63393156927201,115.760266370699,201709,118.944398822475,118.369788200145,118.484710324611,118.714554573543,118.59963244907699,118.59963244907699,118.944398822475,119.174243071408,117.68025545334801,115.42730299667,114.872364039956,114.872364039956,114.872364039956,114.53940066592699,113.984461709212,113.65149833518299,112.985571587125,112.652608213097
119.748853693739,115.871254162042,201710,119.63393156927201,118.944398822475,118.369788200145,118.484710324611,118.714554573543,118.59963244907699,118.59963244907699,118.944398822475,117.565333328882,115.760266370699,115.42730299667,114.872364039956,114.872364039956,114.872364039956,114.53940066592699,113.984461709212,113.65149833518299,112.76359600443999
119.748853693739,116.204217536071,201711,119.748853693739,119.63393156927201,118.944398822475,118.369788200145,118.484710324611,118.714554573543,118.59963244907699,118.59963244907699,117.68025545334801,115.871254162042,115.760266370699,115.42730299667,114.872364039956,114.872364039956,114.872364039956,114.53940066592699,113.984461709212,112.985571587125
120.093620067137,116.5371809101,201712,119.748853693739,119.748853693739,119.63393156927201,118.944398822475,118.369788200145,118.484710324611,118.714554573543,118.59963244907699,117.91009970228001,116.204217536071,115.871254162042,115.760266370699,115.42730299667,114.872364039956,114.872364039956,114.872364039956,114.53940066592699,113.42952275249701
120.8980749384,115.98224195338499,201801,120.093620067137,119.748853693739,119.748853693739,119.63393156927201,118.944398822475,118.369788200145,118.484710324611,118.714554573543,119.174243071408,116.5371809101,116.204217536071,115.871254162042,115.760266370699,115.42730299667,114.872364039956,114.872364039956,114.872364039956,112.985571587125
122.39206255646002,116.426193118757,201802,120.8980749384,120.093620067137,119.748853693739,119.748853693739,119.63393156927201,118.944398822475,118.369788200145,118.484710324611,118.944398822475,115.98224195338499,116.5371809101,116.204217536071,115.871254162042,115.760266370699,115.42730299667,114.872364039956,114.872364039956,113.65149833518299
121.012997062866,116.648168701443,201803,122.39206255646002,120.8980749384,120.093620067137,119.748853693739,119.748853693739,119.63393156927201,118.944398822475,118.369788200145,118.59963244907699,116.426193118757,115.98224195338499,116.5371809101,116.204217536071,115.871254162042,115.760266370699,115.42730299667,114.872364039956,113.984461709212
120.783152813934,117.092119866815,201804,121.012997062866,122.39206255646002,120.8980749384,120.093620067137,119.748853693739,119.748853693739,119.63393156927201,118.944398822475,118.59963244907699,116.648168701443,116.426193118757,115.98224195338499,116.5371809101,116.204217536071,115.871254162042,115.760266370699,115.42730299667,114.53940066592699
120.553308565002,117.53607103218599,201805,120.783152813934,121.012997062866,122.39206255646002,120.8980749384,120.093620067137,119.748853693739,119.748853693739,119.63393156927201,118.714554573543,117.092119866815,116.648168701443,116.426193118757,115.98224195338499,116.5371809101,116.204217536071,115.871254162042,115.760266370699,114.872364039956
120.553308565002,117.53607103218599,201806,120.553308565002,120.783152813934,121.012997062866,122.39206255646002,120.8980749384,120.093620067137,119.748853693739,119.748853693739,118.484710324611,117.53607103218599,117.092119866815,116.648168701443,116.426193118757,115.98224195338499,116.5371809101,116.204217536071,115.871254162042,114.872364039956
120.8980749384,117.53607103218599,201807,120.553308565002,120.553308565002,120.783152813934,121.012997062866,122.39206255646002,120.8980749384,120.093620067137,119.748853693739,118.369788200145,117.53607103218599,117.53607103218599,117.092119866815,116.648168701443,116.426193118757,115.98224195338499,116.5371809101,116.204217536071,114.872364039956
