PPI_CHN,PPI_GBR,Date,PPI_CHN-1,PPI_CHN-2,PPI_CHN-3,PPI_CHN-4,PPI_CHN-5,PPI_CHN-6,PPI_CHN-7,PPI_CHN-8,PPI_CHN-12,PPI_GBR-1,PPI_GBR-2,PPI_GBR-3,PPI_GBR-4,PPI_GBR-5,PPI_GBR-6,PPI_GBR-7,PPI_GBR-8,PPI_GBR-12
5.8,3.40063761955367,200501,7.1,8.1,8.4,7.9,6.8,6.4,6.4,5.7,3.5,3.82978723404254,4.472843450479219,4.4776119402985195,3.4078807241746403,2.7659574468085,2.66808964781218,2.56410256410256,2.13219616204692,0.534188034188033
5.4,3.8257173219978897,200502,5.8,7.1,8.1,8.4,7.9,6.8,6.4,6.4,3.5,3.40063761955367,3.82978723404254,4.472843450479219,4.4776119402985195,3.4078807241746403,2.7659574468085,2.66808964781218,2.56410256410256,0.0
5.6,4.23280423280423,200503,5.4,5.8,7.1,8.1,8.4,7.9,6.8,6.4,3.9,3.8257173219978897,3.40063761955367,3.82978723404254,4.472843450479219,4.4776119402985195,3.4078807241746403,2.7659574468085,2.66808964781218,-0.526315789473683
5.8,4.84210526315789,200504,5.6,5.4,5.8,7.1,8.1,8.4,7.9,6.8,5.0,4.23280423280423,3.8257173219978897,3.40063761955367,3.82978723404254,4.472843450479219,4.4776119402985195,3.4078807241746403,2.7659574468085,0.6355932203389849
5.9,3.65344467640918,200505,5.8,5.6,5.4,5.8,7.1,8.1,8.4,7.9,5.7,4.84210526315789,4.23280423280423,3.8257173219978897,3.40063761955367,3.82978723404254,4.472843450479219,4.4776119402985195,3.4078807241746403,2.13219616204692
5.2,3.85416666666668,200506,5.9,5.8,5.6,5.4,5.8,7.1,8.1,8.4,6.4,3.65344467640918,4.84210526315789,4.23280423280423,3.8257173219978897,3.40063761955367,3.82978723404254,4.472843450479219,4.4776119402985195,2.56410256410256
5.2,4.573804573804559,200507,5.2,5.9,5.8,5.6,5.4,5.8,7.1,8.1,6.4,3.85416666666668,3.65344467640918,4.84210526315789,4.23280423280423,3.8257173219978897,3.40063761955367,3.82978723404254,4.472843450479219,2.66808964781218
5.3,4.451345755693599,200508,5.2,5.2,5.9,5.8,5.6,5.4,5.8,7.1,6.8,4.573804573804559,3.85416666666668,3.65344467640918,4.84210526315789,4.23280423280423,3.8257173219978897,3.40063761955367,3.82978723404254,2.7659574468085
4.5,4.840370751802281,200509,5.3,5.2,5.2,5.9,5.8,5.6,5.4,5.8,7.9,4.451345755693599,4.573804573804559,3.85416666666668,3.65344467640918,4.84210526315789,4.23280423280423,3.8257173219978897,3.40063761955367,3.4078807241746403
4.0,4.08163265306122,200510,4.5,5.3,5.2,5.2,5.9,5.8,5.6,5.4,8.4,4.840370751802281,4.451345755693599,4.573804573804559,3.85416666666668,3.65344467640918,4.84210526315789,4.23280423280423,3.8257173219978897,4.4776119402985195
3.2,3.36391437308869,200511,4.0,4.5,5.3,5.2,5.2,5.9,5.8,5.6,8.1,4.08163265306122,4.840370751802281,4.451345755693599,4.573804573804559,3.85416666666668,3.65344467640918,4.84210526315789,4.23280423280423,4.472843450479219
3.2,3.48360655737706,200512,3.2,4.0,4.5,5.3,5.2,5.2,5.9,5.8,7.1,3.36391437308869,4.08163265306122,4.840370751802281,4.451345755693599,4.573804573804559,3.85416666666668,3.65344467640918,4.84210526315789,3.82978723404254
3.1,4.41932168550874,200601,3.2,3.2,4.0,4.5,5.3,5.2,5.2,5.9,5.8,3.48360655737706,3.36391437308869,4.08163265306122,4.840370751802281,4.451345755693599,4.573804573804559,3.85416666666668,3.65344467640918,3.40063761955367
3.0,4.19651995905834,200602,3.1,3.2,3.2,4.0,4.5,5.3,5.2,5.2,5.4,4.41932168550874,3.48360655737706,3.36391437308869,4.08163265306122,4.840370751802281,4.451345755693599,4.573804573804559,3.85416666666668,3.8257173219978897
2.5,3.65482233502536,200603,3.0,3.1,3.2,3.2,4.0,4.5,5.3,5.2,5.6,4.19651995905834,4.41932168550874,3.48360655737706,3.36391437308869,4.08163265306122,4.840370751802281,4.451345755693599,4.573804573804559,4.23280423280423
1.9,3.31325301204821,200604,2.5,3.0,3.1,3.2,3.2,4.0,4.5,5.3,5.8,3.65482233502536,4.19651995905834,4.41932168550874,3.48360655737706,3.36391437308869,4.08163265306122,4.840370751802281,4.451345755693599,4.84210526315789
2.4,4.43101711983889,200605,1.9,2.5,3.0,3.1,3.2,3.2,4.0,4.5,5.9,3.31325301204821,3.65482233502536,4.19651995905834,4.41932168550874,3.48360655737706,3.36391437308869,4.08163265306122,4.840370751802281,3.65344467640918
3.5,4.212637913741241,200606,2.4,1.9,2.5,3.0,3.1,3.2,3.2,4.0,5.2,4.43101711983889,3.31325301204821,3.65482233502536,4.19651995905834,4.41932168550874,3.48360655737706,3.36391437308869,4.08163265306122,3.85416666666668
3.6,3.7773359840954304,200607,3.5,2.4,1.9,2.5,3.0,3.1,3.2,3.2,5.2,4.212637913741241,4.43101711983889,3.31325301204821,3.65482233502536,4.19651995905834,4.41932168550874,3.48360655737706,3.36391437308869,4.573804573804559
3.4,3.66699702675917,200608,3.6,3.5,2.4,1.9,2.5,3.0,3.1,3.2,5.3,3.7773359840954304,4.212637913741241,4.43101711983889,3.31325301204821,3.65482233502536,4.19651995905834,4.41932168550874,3.48360655737706,4.451345755693599
3.5,1.96463654223968,200609,3.4,3.6,3.5,2.4,1.9,2.5,3.0,3.1,4.5,3.66699702675917,3.7773359840954304,4.212637913741241,4.43101711983889,3.31325301204821,3.65482233502536,4.19651995905834,4.41932168550874,4.840370751802281
2.9,0.8823529411764921,200610,3.5,3.4,3.6,3.5,2.4,1.9,2.5,3.0,4.0,1.96463654223968,3.66699702675917,3.7773359840954304,4.212637913741241,4.43101711983889,3.31325301204821,3.65482233502536,4.19651995905834,4.08163265306122
2.8,1.38067061143985,200611,2.9,3.5,3.4,3.6,3.5,2.4,1.9,2.5,3.2,0.8823529411764921,1.96463654223968,3.66699702675917,3.7773359840954304,4.212637913741241,4.43101711983889,3.31325301204821,3.65482233502536,3.36391437308869
3.1,1.78217821782179,200612,2.8,2.9,3.5,3.4,3.6,3.5,2.4,1.9,3.2,1.38067061143985,0.8823529411764921,1.96463654223968,3.66699702675917,3.7773359840954304,4.212637913741241,4.43101711983889,3.31325301204821,3.48360655737706
3.3,1.2795275590551398,200701,3.1,2.8,2.9,3.5,3.4,3.6,3.5,2.4,3.1,1.78217821782179,1.38067061143985,0.8823529411764921,1.96463654223968,3.66699702675917,3.7773359840954304,4.212637913741241,4.43101711983889,4.41932168550874
2.6,1.3752455795677798,200702,3.3,3.1,2.8,2.9,3.5,3.4,3.6,3.5,3.0,1.2795275590551398,1.78217821782179,1.38067061143985,0.8823529411764921,1.96463654223968,3.66699702675917,3.7773359840954304,4.212637913741241,4.19651995905834
2.7,1.9588638589618101,200703,2.6,3.3,3.1,2.8,2.9,3.5,3.4,3.6,2.5,1.3752455795677798,1.2795275590551398,1.78217821782179,1.38067061143985,0.8823529411764921,1.96463654223968,3.66699702675917,3.7773359840954304,3.65482233502536
2.9,1.8464528668610098,200704,2.7,2.6,3.3,3.1,2.8,2.9,3.5,3.4,1.9,1.9588638589618101,1.3752455795677798,1.2795275590551398,1.78217821782179,1.38067061143985,0.8823529411764921,1.96463654223968,3.66699702675917,3.31325301204821
2.8,1.7357762777241799,200705,2.9,2.7,2.6,3.3,3.1,2.8,2.9,3.5,2.4,1.8464528668610098,1.9588638589618101,1.3752455795677798,1.2795275590551398,1.78217821782179,1.38067061143985,0.8823529411764921,1.96463654223968,4.43101711983889
2.5,2.1174205967276003,200706,2.8,2.9,2.7,2.6,3.3,3.1,2.8,2.9,3.5,1.7357762777241799,1.8464528668610098,1.9588638589618101,1.3752455795677798,1.2795275590551398,1.78217821782179,1.38067061143985,0.8823529411764921,4.212637913741241
2.4,2.01149425287355,200707,2.5,2.8,2.9,2.7,2.6,3.3,3.1,2.8,3.6,2.1174205967276003,1.7357762777241799,1.8464528668610098,1.9588638589618101,1.3752455795677798,1.2795275590551398,1.78217821782179,1.38067061143985,3.7773359840954304
2.6,1.91204588910134,200708,2.4,2.5,2.8,2.9,2.7,2.6,3.3,3.1,3.4,2.01149425287355,2.1174205967276003,1.7357762777241799,1.8464528668610098,1.9588638589618101,1.3752455795677798,1.2795275590551398,1.78217821782179,3.66699702675917
2.7,3.2755298651252502,200709,2.6,2.4,2.5,2.8,2.9,2.7,2.6,3.3,3.5,1.91204588910134,2.01149425287355,2.1174205967276003,1.7357762777241799,1.8464528668610098,1.9588638589618101,1.3752455795677798,1.2795275590551398,1.96463654223968
3.2,4.95626822157433,200710,2.7,2.6,2.4,2.5,2.8,2.9,2.7,2.6,2.9,3.2755298651252502,1.91204588910134,2.01149425287355,2.1174205967276003,1.7357762777241799,1.8464528668610098,1.9588638589618101,1.3752455795677798,0.8823529411764921
4.6,6.51750972762646,200711,3.2,2.7,2.6,2.4,2.5,2.8,2.9,2.7,2.8,4.95626822157433,3.2755298651252502,1.91204588910134,2.01149425287355,2.1174205967276003,1.7357762777241799,1.8464528668610098,1.9588638589618101,1.38067061143985
5.4,7.198443579766541,200712,4.6,3.2,2.7,2.6,2.4,2.5,2.8,2.9,3.1,6.51750972762646,4.95626822157433,3.2755298651252502,1.91204588910134,2.01149425287355,2.1174205967276003,1.7357762777241799,1.8464528668610098,1.78217821782179
6.1,8.06608357628765,200801,5.4,4.6,3.2,2.7,2.6,2.4,2.5,2.8,3.3,7.198443579766541,6.51750972762646,4.95626822157433,3.2755298651252502,1.91204588910134,2.01149425287355,2.1174205967276003,1.7357762777241799,1.2795275590551398
6.6,8.33333333333334,200802,6.1,5.4,4.6,3.2,2.7,2.6,2.4,2.5,2.6,8.06608357628765,7.198443579766541,6.51750972762646,4.95626822157433,3.2755298651252502,1.91204588910134,2.01149425287355,2.1174205967276003,1.3752455795677798
8.0,9.02977905859751,200803,6.6,6.1,5.4,4.6,3.2,2.7,2.6,2.4,2.7,8.33333333333334,8.06608357628765,7.198443579766541,6.51750972762646,4.95626822157433,3.2755298651252502,1.91204588910134,2.01149425287355,1.9588638589618101
8.1,9.73282442748093,200804,8.0,6.6,6.1,5.4,4.6,3.2,2.7,2.6,2.9,9.02977905859751,8.33333333333334,8.06608357628765,7.198443579766541,6.51750972762646,4.95626822157433,3.2755298651252502,1.91204588910134,1.8464528668610098
8.2,11.563981042654,200805,8.1,8.0,6.6,6.1,5.4,4.6,3.2,2.7,2.8,9.73282442748093,9.02977905859751,8.33333333333334,8.06608357628765,7.198443579766541,6.51750972762646,4.95626822157433,3.2755298651252502,1.7357762777241799
8.8,12.818096135721,200806,8.2,8.1,8.0,6.6,6.1,5.4,4.6,3.2,2.5,11.563981042654,9.73282442748093,9.02977905859751,8.33333333333334,8.06608357628765,7.198443579766541,6.51750972762646,4.95626822157433,2.1174205967276003
10.0,13.427230046948399,200807,8.8,8.2,8.1,8.0,6.6,6.1,5.4,4.6,2.4,12.818096135721,11.563981042654,9.73282442748093,9.02977905859751,8.33333333333334,8.06608357628765,7.198443579766541,6.51750972762646,2.01149425287355
10.1,12.4765478424015,200808,10.0,8.8,8.2,8.1,8.0,6.6,6.1,5.4,2.6,13.427230046948399,12.818096135721,11.563981042654,9.73282442748093,9.02977905859751,8.33333333333334,8.06608357628765,7.198443579766541,1.91204588910134
9.1,11.847014925373099,200809,10.1,10.0,8.8,8.2,8.1,8.0,6.6,6.1,2.7,12.4765478424015,13.427230046948399,12.818096135721,11.563981042654,9.73282442748093,9.02977905859751,8.33333333333334,8.06608357628765,3.2755298651252502
6.6,8.981481481481481,200810,9.1,10.1,10.0,8.8,8.2,8.1,8.0,6.6,3.2,11.847014925373099,12.4765478424015,13.427230046948399,12.818096135721,11.563981042654,9.73282442748093,9.02977905859751,8.33333333333334,4.95626822157433
2.0,5.38812785388129,200811,6.6,9.1,10.1,10.0,8.8,8.2,8.1,8.0,4.6,8.981481481481481,11.847014925373099,12.4765478424015,13.427230046948399,12.818096135721,11.563981042654,9.73282442748093,9.02977905859751,6.51750972762646
-1.1,3.0852994555353703,200812,2.0,6.6,9.1,10.1,10.0,8.8,8.2,8.1,5.4,5.38812785388129,8.981481481481481,11.847014925373099,12.4765478424015,13.427230046948399,12.818096135721,11.563981042654,9.73282442748093,7.198443579766541
-3.3,1.5197841726618502,200901,-1.1,2.0,6.6,9.1,10.1,10.0,8.8,8.2,6.1,3.0852994555353703,5.38812785388129,8.981481481481481,11.847014925373099,12.4765478424015,13.427230046948399,12.818096135721,11.563981042654,8.06608357628765
-4.5,0.763267740011918,200902,-3.3,-1.1,2.0,6.6,9.1,10.1,10.0,8.8,6.6,1.5197841726618502,3.0852994555353703,5.38812785388129,8.981481481481481,11.847014925373099,12.4765478424015,13.427230046948399,12.818096135721,8.33333333333334
-6.0,-0.850220264317202,200903,-4.5,-3.3,-1.1,2.0,6.6,9.1,10.1,10.0,8.0,0.763267740011918,1.5197841726618502,3.0852994555353703,5.38812785388129,8.981481481481481,11.847014925373099,12.4765478424015,13.427230046948399,9.02977905859751
-6.6,-1.93768115942032,200904,-6.0,-4.5,-3.3,-1.1,2.0,6.6,9.1,10.1,8.1,-0.850220264317202,0.763267740011918,1.5197841726618502,3.0852994555353703,5.38812785388129,8.981481481481481,11.847014925373099,12.4765478424015,9.73282442748093
-7.2,-3.98612291135656,200905,-6.6,-6.0,-4.5,-3.3,-1.1,2.0,6.6,9.1,8.2,-1.93768115942032,-0.850220264317202,0.763267740011918,1.5197841726618502,3.0852994555353703,5.38812785388129,8.981481481481481,11.847014925373099,11.563981042654
-7.8,-4.99721526037318,200906,-7.2,-6.6,-6.0,-4.5,-3.3,-1.1,2.0,6.6,8.8,-3.98612291135656,-1.93768115942032,-0.850220264317202,0.763267740011918,1.5197841726618502,3.0852994555353703,5.38812785388129,8.981481481481481,12.818096135721
-8.2,-6.0582229580574,200907,-7.8,-7.2,-6.6,-6.0,-4.5,-3.3,-1.1,2.0,10.0,-4.99721526037318,-3.98612291135656,-1.93768115942032,-0.850220264317202,0.763267740011918,1.5197841726618502,3.0852994555353703,5.38812785388129,13.427230046948399
-7.9,-5.155685293299981,200908,-8.2,-7.8,-7.2,-6.6,-6.0,-4.5,-3.3,-1.1,10.1,-6.0582229580574,-4.99721526037318,-3.98612291135656,-1.93768115942032,-0.850220264317202,0.763267740011918,1.5197841726618502,3.0852994555353703,12.4765478424015
-7.0,-4.9582985821518,200909,-7.9,-8.2,-7.8,-7.2,-6.6,-6.0,-4.5,-3.3,9.1,-5.155685293299981,-6.0582229580574,-4.99721526037318,-3.98612291135656,-1.93768115942032,-0.850220264317202,0.763267740011918,1.5197841726618502,11.847014925373099
-5.8,-2.779665817049,200910,-7.0,-7.9,-8.2,-7.8,-7.2,-6.6,-6.0,-4.5,6.6,-4.9582985821518,-5.155685293299981,-6.0582229580574,-4.99721526037318,-3.98612291135656,-1.93768115942032,-0.850220264317202,0.763267740011918,8.981481481481481
-2.1,-0.22674754477183398,200911,-5.8,-7.0,-7.9,-8.2,-7.8,-7.2,-6.6,-6.0,2.0,-2.779665817049,-4.9582985821518,-5.155685293299981,-6.0582229580574,-4.99721526037318,-3.98612291135656,-1.93768115942032,-0.850220264317202,5.38812785388129
1.7,1.5625,200912,-2.1,-5.8,-7.0,-7.9,-8.2,-7.8,-7.2,-6.6,-1.1,-0.22674754477183398,-2.779665817049,-4.9582985821518,-5.155685293299981,-6.0582229580574,-4.99721526037318,-3.98612291135656,-1.93768115942032,3.0852994555353703
4.3,2.4109014675052403,201001,1.7,-2.1,-5.8,-7.0,-7.9,-8.2,-7.8,-7.2,-3.3,1.5625,-0.22674754477183398,-2.779665817049,-4.9582985821518,-5.155685293299981,-6.0582229580574,-4.99721526037318,-3.98612291135656,1.5197841726618502
5.4,2.62605042016807,201002,4.3,1.7,-2.1,-5.8,-7.0,-7.9,-8.2,-7.8,-4.5,2.4109014675052403,1.5625,-0.22674754477183398,-2.779665817049,-4.9582985821518,-5.155685293299981,-6.0582229580574,-4.99721526037318,0.763267740011918
5.9,4.10094637223975,201003,5.4,4.3,1.7,-2.1,-5.8,-7.0,-7.9,-8.2,-6.0,2.62605042016807,2.4109014675052403,1.5625,-0.22674754477183398,-2.779665817049,-4.9582985821518,-5.155685293299981,-6.0582229580574,-0.850220264317202
6.81,5.03672612801678,201004,5.9,5.4,4.3,1.7,-2.1,-5.8,-7.0,-7.9,-6.6,4.10094637223975,2.62605042016807,2.4109014675052403,1.5625,-0.22674754477183398,-2.779665817049,-4.9582985821518,-5.155685293299981,-1.93768115942032
7.13,5.130890052356009,201005,6.81,5.9,5.4,4.3,1.7,-2.1,-5.8,-7.0,-7.2,5.03672612801678,4.10094637223975,2.62605042016807,2.4109014675052403,1.5625,-0.22674754477183398,-2.779665817049,-4.9582985821518,-3.98612291135656
6.4,4.0582726326743,201006,7.13,6.81,5.9,5.4,4.3,1.7,-2.1,-5.8,-7.8,5.130890052356009,5.03672612801678,4.10094637223975,2.62605042016807,2.4109014675052403,1.5625,-0.22674754477183398,-2.779665817049,-4.99721526037318
4.8,4.27528675703857,201007,6.4,7.13,6.81,5.9,5.4,4.3,1.7,-2.1,-8.2,4.0582726326743,5.130890052356009,5.03672612801678,4.10094637223975,2.62605042016807,2.4109014675052403,1.5625,-0.22674754477183398,-6.0582229580574
4.3,4.0582726326743,201008,4.8,6.4,7.13,6.81,5.9,5.4,4.3,1.7,-7.9,4.27528675703857,4.0582726326743,5.130890052356009,5.03672612801678,4.10094637223975,2.62605042016807,2.4109014675052403,1.5625,-5.155685293299981
4.3,3.94600207684319,201009,4.3,4.8,6.4,7.13,6.81,5.9,5.4,4.3,-7.0,4.0582726326743,4.27528675703857,4.0582726326743,5.130890052356009,5.03672612801678,4.10094637223975,2.62605042016807,2.4109014675052403,-4.9582985821518
5.0,4.343329886246121,201010,4.3,4.3,4.8,6.4,7.13,6.81,5.9,5.4,-5.8,3.94600207684319,4.0582726326743,4.27528675703857,4.0582726326743,5.130890052356009,5.03672612801678,4.10094637223975,2.62605042016807,-2.779665817049
6.1,4.21377183967112,201011,5.0,4.3,4.3,4.8,6.4,7.13,6.81,5.9,-2.1,4.343329886246121,3.94600207684319,4.0582726326743,4.27528675703857,4.0582726326743,5.130890052356009,5.03672612801678,4.10094637223975,-0.22674754477183398
5.9,5.12820512820512,201012,6.1,5.0,4.3,4.3,4.8,6.4,7.13,6.81,1.7,4.21377183967112,4.343329886246121,3.94600207684319,4.0582726326743,4.27528675703857,4.0582726326743,5.130890052356009,5.03672612801678,1.5625
6.6,6.345957011258959,201101,5.9,6.1,5.0,4.3,4.3,4.8,6.4,7.13,4.3,5.12820512820512,4.21377183967112,4.343329886246121,3.94600207684319,4.0582726326743,4.27528675703857,4.0582726326743,5.130890052356009,2.4109014675052403
7.2,7.267144319344929,201102,6.6,5.9,6.1,5.0,4.3,4.3,4.8,6.4,5.4,6.345957011258959,5.12820512820512,4.21377183967112,4.343329886246121,3.94600207684319,4.0582726326743,4.27528675703857,4.0582726326743,2.62605042016807
7.3,7.57575757575757,201103,7.2,6.6,5.9,6.1,5.0,4.3,4.3,4.8,5.9,7.267144319344929,6.345957011258959,5.12820512820512,4.21377183967112,4.343329886246121,3.94600207684319,4.0582726326743,4.27528675703857,4.10094637223975
6.8,7.49250749250751,201104,7.3,7.2,6.6,5.9,6.1,5.0,4.3,4.3,6.81,7.57575757575757,7.267144319344929,6.345957011258959,5.12820512820512,4.21377183967112,4.343329886246121,3.94600207684319,4.0582726326743,5.03672612801678
6.8,7.171314741035861,201105,6.8,7.3,7.2,6.6,5.9,6.1,5.0,4.3,7.13,7.49250749250751,7.57575757575757,7.267144319344929,6.345957011258959,5.12820512820512,4.21377183967112,4.343329886246121,3.94600207684319,5.130890052356009
7.1,7.80000000000001,201106,6.8,6.8,7.3,7.2,6.6,5.9,6.1,5.0,6.4,7.171314741035861,7.49250749250751,7.57575757575757,7.267144319344929,6.345957011258959,5.12820512820512,4.21377183967112,4.343329886246121,4.0582726326743
7.5,8.1,201107,7.1,6.8,6.8,7.3,7.2,6.6,5.9,6.1,4.8,7.80000000000001,7.171314741035861,7.49250749250751,7.57575757575757,7.267144319344929,6.345957011258959,5.12820512820512,4.21377183967112,4.27528675703857
7.3,8.000000000000009,201108,7.5,7.1,6.8,6.8,7.3,7.2,6.6,5.9,4.3,8.1,7.80000000000001,7.171314741035861,7.49250749250751,7.57575757575757,7.267144319344929,6.345957011258959,5.12820512820512,4.0582726326743
6.5,8.291708291708309,201109,7.3,7.5,7.1,6.8,6.8,7.3,7.2,6.6,4.3,8.000000000000009,8.1,7.80000000000001,7.171314741035861,7.49250749250751,7.57575757575757,7.267144319344929,6.345957011258959,3.94600207684319
5.0,7.43310208126858,201110,6.5,7.3,7.5,7.1,6.8,6.8,7.3,7.2,5.0,8.291708291708309,8.000000000000009,8.1,7.80000000000001,7.171314741035861,7.49250749250751,7.57575757575757,7.267144319344929,4.343329886246121
2.7,7.29783037475346,201111,5.0,6.5,7.3,7.5,7.1,6.8,6.8,7.3,6.1,7.43310208126858,8.291708291708309,8.000000000000009,8.1,7.80000000000001,7.171314741035861,7.49250749250751,7.57575757575757,4.21377183967112
1.7,5.75609756097563,201112,2.7,5.0,6.5,7.3,7.5,7.1,6.8,6.8,5.9,7.29783037475346,7.43310208126858,8.291708291708309,8.000000000000009,8.1,7.80000000000001,7.171314741035861,7.49250749250751,5.12820512820512
0.7,4.71607314725697,201201,1.7,2.7,5.0,6.5,7.3,7.5,7.1,6.8,6.6,5.75609756097563,7.29783037475346,7.43310208126858,8.291708291708309,8.000000000000009,8.1,7.80000000000001,7.171314741035861,6.345957011258959
0.0,4.29389312977099,201202,0.7,1.7,2.7,5.0,6.5,7.3,7.5,7.1,7.2,4.71607314725697,5.75609756097563,7.29783037475346,7.43310208126858,8.291708291708309,8.000000000000009,8.1,7.80000000000001,7.267144319344929
-0.3,3.5680751173709,201203,0.0,0.7,1.7,2.7,5.0,6.5,7.3,7.5,7.3,4.29389312977099,4.71607314725697,5.75609756097563,7.29783037475346,7.43310208126858,8.291708291708309,8.000000000000009,8.1,7.57575757575757
-0.7,2.60223048327138,201204,-0.3,0.0,0.7,1.7,2.7,5.0,6.5,7.3,6.8,3.5680751173709,4.29389312977099,4.71607314725697,5.75609756097563,7.29783037475346,7.43310208126858,8.291708291708309,8.000000000000009,7.49250749250751
-1.4,1.8587360594795301,201205,-0.7,-0.3,0.0,0.7,1.7,2.7,5.0,6.5,6.8,2.60223048327138,3.5680751173709,4.29389312977099,4.71607314725697,5.75609756097563,7.29783037475346,7.43310208126858,8.291708291708309,7.171314741035861
-2.1,0.742115027829314,201206,-1.4,-0.7,-0.3,0.0,0.7,1.7,2.7,5.0,7.1,1.8587360594795301,2.60223048327138,3.5680751173709,4.29389312977099,4.71607314725697,5.75609756097563,7.29783037475346,7.43310208126858,7.80000000000001
-2.9,0.647548566142472,201207,-2.1,-1.4,-0.7,-0.3,0.0,0.7,1.7,2.7,7.5,0.742115027829314,1.8587360594795301,2.60223048327138,3.5680751173709,4.29389312977099,4.71607314725697,5.75609756097563,7.29783037475346,8.1
-3.5,1.6666666666666698,201208,-2.9,-2.1,-1.4,-0.7,-0.3,0.0,0.7,1.7,7.3,0.647548566142472,0.742115027829314,1.8587360594795301,2.60223048327138,3.5680751173709,4.29389312977099,4.71607314725697,5.75609756097563,8.000000000000009
-3.6,1.8450184501845,201209,-3.5,-2.9,-2.1,-1.4,-0.7,-0.3,0.0,0.7,6.5,1.6666666666666698,0.647548566142472,0.742115027829314,1.8587360594795301,2.60223048327138,3.5680751173709,4.29389312977099,4.71607314725697,8.291708291708309
-2.8,1.8450184501845,201210,-3.6,-3.5,-2.9,-2.1,-1.4,-0.7,-0.3,0.0,5.0,1.8450184501845,1.6666666666666698,0.647548566142472,0.742115027829314,1.8587360594795301,2.60223048327138,3.5680751173709,4.29389312977099,7.43310208126858
-2.2,1.10294117647059,201211,-2.8,-3.6,-3.5,-2.9,-2.1,-1.4,-0.7,-0.3,2.7,1.8450184501845,1.8450184501845,1.6666666666666698,0.647548566142472,0.742115027829314,1.8587360594795301,2.60223048327138,3.5680751173709,7.29783037475346
-1.9,1.10701107011068,201212,-2.2,-2.8,-3.6,-3.5,-2.9,-2.1,-1.4,-0.7,1.7,1.10294117647059,1.8450184501845,1.8450184501845,1.6666666666666698,0.647548566142472,0.742115027829314,1.8587360594795301,2.60223048327138,5.75609756097563
-1.6,1.19485294117646,201301,-1.9,-2.2,-2.8,-3.6,-3.5,-2.9,-2.1,-1.4,0.7,1.10701107011068,1.10294117647059,1.8450184501845,1.8450184501845,1.6666666666666698,0.647548566142472,0.742115027829314,1.8587360594795301,4.71607314725697
-1.6,1.9213174748398998,201302,-1.6,-1.9,-2.2,-2.8,-3.6,-3.5,-2.9,-2.1,0.0,1.19485294117646,1.10701107011068,1.10294117647059,1.8450184501845,1.8450184501845,1.6666666666666698,0.647548566142472,0.742115027829314,4.29389312977099
-1.9,1.1786038077969099,201303,-1.6,-1.6,-1.9,-2.2,-2.8,-3.6,-3.5,-2.9,-0.3,1.9213174748398998,1.19485294117646,1.10701107011068,1.10294117647059,1.8450184501845,1.8450184501845,1.6666666666666698,0.647548566142472,3.5680751173709
-2.6,0.36231884057971003,201304,-1.9,-1.6,-1.6,-1.9,-2.2,-2.8,-3.6,-3.5,-0.7,1.1786038077969099,1.9213174748398998,1.19485294117646,1.10701107011068,1.10294117647059,1.8450184501845,1.8450184501845,1.6666666666666698,2.60223048327138
-2.9,0.8211678832116899,201305,-2.6,-1.9,-1.6,-1.6,-1.9,-2.2,-2.8,-3.6,-1.4,0.36231884057971003,1.1786038077969099,1.9213174748398998,1.19485294117646,1.10701107011068,1.10294117647059,1.8450184501845,1.8450184501845,1.8587360594795301
-2.7,1.8416206261509902,201306,-2.9,-2.6,-1.9,-1.6,-1.6,-1.9,-2.2,-2.8,-2.1,0.8211678832116899,0.36231884057971003,1.1786038077969099,1.9213174748398998,1.19485294117646,1.10701107011068,1.10294117647059,1.8450184501845,0.742115027829314
-2.3,2.2977941176470495,201307,-2.7,-2.9,-2.6,-1.9,-1.6,-1.6,-1.9,-2.2,-2.9,1.8416206261509902,0.8211678832116899,0.36231884057971003,1.1786038077969099,1.9213174748398998,1.19485294117646,1.10701107011068,1.10294117647059,0.647548566142472
-1.6,1.6393442622950603,201308,-2.3,-2.7,-2.9,-2.6,-1.9,-1.6,-1.6,-1.9,-3.5,2.2977941176470495,1.8416206261509902,0.8211678832116899,0.36231884057971003,1.1786038077969099,1.9213174748398998,1.19485294117646,1.10701107011068,1.6666666666666698
-1.3,0.996376811594194,201309,-1.6,-2.3,-2.7,-2.9,-2.6,-1.9,-1.6,-1.6,-3.6,1.6393442622950603,2.2977941176470495,1.8416206261509902,0.8211678832116899,0.36231884057971003,1.1786038077969099,1.9213174748398998,1.19485294117646,1.8450184501845
-1.5,0.271739130434773,201310,-1.3,-1.6,-2.3,-2.7,-2.9,-2.6,-1.9,-1.6,-2.8,0.996376811594194,1.6393442622950603,2.2977941176470495,1.8416206261509902,0.8211678832116899,0.36231884057971003,1.1786038077969099,1.9213174748398998,1.8450184501845
-1.4,0.36363636363636404,201311,-1.5,-1.3,-1.6,-2.3,-2.7,-2.9,-2.6,-1.9,-2.2,0.271739130434773,0.996376811594194,1.6393442622950603,2.2977941176470495,1.8416206261509902,0.8211678832116899,0.36231884057971003,1.1786038077969099,1.10294117647059
-1.4,0.7299270072992909,201312,-1.4,-1.5,-1.3,-1.6,-2.3,-2.7,-2.9,-2.6,-1.9,0.36363636363636404,0.271739130434773,0.996376811594194,1.6393442622950603,2.2977941176470495,1.8416206261509902,0.8211678832116899,0.36231884057971003,1.10701107011068
-1.6,0.181653042688465,201401,-1.4,-1.4,-1.5,-1.3,-1.6,-2.3,-2.7,-2.9,-1.6,0.7299270072992909,0.36363636363636404,0.271739130434773,0.996376811594194,1.6393442622950603,2.2977941176470495,1.8416206261509902,0.8211678832116899,1.19485294117646
-2.0,-0.8976660682226221,201402,-1.6,-1.4,-1.4,-1.5,-1.3,-1.6,-2.3,-2.7,-1.6,0.181653042688465,0.7299270072992909,0.36363636363636404,0.271739130434773,0.996376811594194,1.6393442622950603,2.2977941176470495,1.8416206261509902,1.9213174748398998
-2.3,-1.0752688172042801,201403,-2.0,-1.6,-1.4,-1.4,-1.5,-1.3,-1.6,-2.3,-1.9,-0.8976660682226221,0.181653042688465,0.7299270072992909,0.36363636363636404,0.271739130434773,0.996376811594194,1.6393442622950603,2.2977941176470495,1.1786038077969099
-2.0,-0.4512635379061479,201404,-2.3,-2.0,-1.6,-1.4,-1.4,-1.5,-1.3,-1.6,-2.6,-1.0752688172042801,-0.8976660682226221,0.181653042688465,0.7299270072992909,0.36363636363636404,0.271739130434773,0.996376811594194,1.6393442622950603,0.36231884057971003
-1.4,-0.271493212669673,201405,-2.0,-2.3,-2.0,-1.6,-1.4,-1.4,-1.5,-1.3,-2.9,-0.4512635379061479,-1.0752688172042801,-0.8976660682226221,0.181653042688465,0.7299270072992909,0.36363636363636404,0.271739130434773,0.996376811594194,0.8211678832116899
-1.9,-0.5424954792043201,201406,-1.4,-2.0,-2.3,-2.0,-1.6,-1.4,-1.4,-1.5,-2.7,-0.271493212669673,-0.4512635379061479,-1.0752688172042801,-0.8976660682226221,0.181653042688465,0.7299270072992909,0.36363636363636404,0.271739130434773,1.8416206261509902
-0.9,-1.3477088948787002,201407,-1.9,-1.4,-2.0,-2.3,-2.0,-1.6,-1.4,-1.4,-2.3,-0.5424954792043201,-0.271493212669673,-0.4512635379061479,-1.0752688172042801,-0.8976660682226221,0.181653042688465,0.7299270072992909,0.36363636363636404,2.2977941176470495
-0.2,-1.7921146953404998,201408,-0.9,-1.9,-1.4,-2.0,-2.3,-2.0,-1.6,-1.4,-1.6,-1.3477088948787002,-0.5424954792043201,-0.271493212669673,-0.4512635379061479,-1.0752688172042801,-0.8976660682226221,0.181653042688465,0.7299270072992909,1.6393442622950603
-1.8,-1.9730941704035903,201409,-0.2,-0.9,-1.9,-1.4,-2.0,-2.3,-2.0,-1.6,-1.3,-1.7921146953404998,-1.3477088948787002,-0.5424954792043201,-0.271493212669673,-0.4512635379061479,-1.0752688172042801,-0.8976660682226221,0.181653042688465,0.996376811594194
-2.2,-2.07768744354109,201410,-1.8,-0.2,-0.9,-1.9,-1.4,-2.0,-2.3,-2.0,-1.5,-1.9730941704035903,-1.7921146953404998,-1.3477088948787002,-0.5424954792043201,-0.271493212669673,-0.4512635379061479,-1.0752688172042801,-0.8976660682226221,0.271739130434773
-2.7,-2.35507246376812,201411,-2.2,-1.8,-0.2,-0.9,-1.9,-1.4,-2.0,-2.3,-1.4,-2.07768744354109,-1.9730941704035903,-1.7921146953404998,-1.3477088948787002,-0.5424954792043201,-0.271493212669673,-0.4512635379061479,-1.0752688172042801,0.36363636363636404
-3.3,-3.6231884057971,201412,-2.7,-2.2,-1.8,-0.2,-0.9,-1.9,-1.4,-2.0,-1.4,-2.35507246376812,-2.07768744354109,-1.9730941704035903,-1.7921146953404998,-1.3477088948787002,-0.5424954792043201,-0.271493212669673,-0.4512635379061479,0.7299270072992909
-4.9,-5.16772438803263,201501,-3.3,-2.7,-2.2,-1.8,-0.2,-0.9,-1.9,-1.4,-1.6,-3.6231884057971,-2.35507246376812,-2.07768744354109,-1.9730941704035903,-1.7921146953404998,-1.3477088948787002,-0.5424954792043201,-0.271493212669673,0.181653042688465
-4.8,-4.89130434782609,201502,-4.9,-3.3,-2.7,-2.2,-1.8,-0.2,-0.9,-1.9,-2.0,-5.16772438803263,-3.6231884057971,-2.35507246376812,-2.07768744354109,-1.9730941704035903,-1.7921146953404998,-1.3477088948787002,-0.5424954792043201,-0.8976660682226221
-4.6,-4.43840579710146,201503,-4.8,-4.9,-3.3,-2.7,-2.2,-1.8,-0.2,-0.9,-2.3,-4.89130434782609,-5.16772438803263,-3.6231884057971,-2.35507246376812,-2.07768744354109,-1.9730941704035903,-1.7921146953404998,-1.3477088948787002,-1.0752688172042801
-4.6,-4.170444242973709,201504,-4.6,-4.8,-4.9,-3.3,-2.7,-2.2,-1.8,-0.2,-2.0,-4.43840579710146,-4.89130434782609,-5.16772438803263,-3.6231884057971,-2.35507246376812,-2.07768744354109,-1.9730941704035903,-1.7921146953404998,-0.4512635379061479
-4.6,-3.7205081669691604,201505,-4.6,-4.6,-4.8,-4.9,-3.3,-2.7,-2.2,-1.8,-1.4,-4.170444242973709,-4.43840579710146,-4.89130434782609,-5.16772438803263,-3.6231884057971,-2.35507246376812,-2.07768744354109,-1.9730941704035903,-0.271493212669673
-4.8,-3.6363636363636402,201506,-4.6,-4.6,-4.6,-4.8,-4.9,-3.3,-2.7,-2.2,-1.9,-3.7205081669691604,-4.170444242973709,-4.43840579710146,-4.89130434782609,-5.16772438803263,-3.6231884057971,-2.35507246376812,-2.07768744354109,-0.5424954792043201
-5.4,-3.9162112932604902,201507,-4.8,-4.6,-4.6,-4.6,-4.8,-4.9,-3.3,-2.7,-0.9,-3.6363636363636402,-3.7205081669691604,-4.170444242973709,-4.43840579710146,-4.89130434782609,-5.16772438803263,-3.6231884057971,-2.35507246376812,-1.3477088948787002
-5.9,-4.74452554744524,201508,-5.4,-4.8,-4.6,-4.6,-4.6,-4.8,-4.9,-3.3,-0.2,-3.9162112932604902,-3.6363636363636402,-3.7205081669691604,-4.170444242973709,-4.43840579710146,-4.89130434782609,-5.16772438803263,-3.6231884057971,-1.7921146953404998
-5.9,-4.75754803293688,201509,-5.9,-5.4,-4.8,-4.6,-4.6,-4.6,-4.8,-4.9,-1.8,-4.74452554744524,-3.9162112932604902,-3.6363636363636402,-3.7205081669691604,-4.170444242973709,-4.43840579710146,-4.89130434782609,-5.16772438803263,-1.9730941704035903
-5.9,-4.24354243542436,201510,-5.9,-5.9,-5.4,-4.8,-4.6,-4.6,-4.6,-4.8,-2.2,-4.75754803293688,-4.74452554744524,-3.9162112932604902,-3.6363636363636402,-3.7205081669691604,-4.170444242973709,-4.43840579710146,-4.89130434782609,-2.07768744354109
-5.9,-4.08163265306123,201511,-5.9,-5.9,-5.9,-5.4,-4.8,-4.6,-4.6,-4.6,-2.7,-4.24354243542436,-4.75754803293688,-4.74452554744524,-3.9162112932604902,-3.6363636363636402,-3.7205081669691604,-4.170444242973709,-4.43840579710146,-2.35507246376812
-5.9,-3.5714285714285694,201512,-5.9,-5.9,-5.9,-5.9,-5.4,-4.8,-4.6,-4.6,-3.3,-4.08163265306123,-4.24354243542436,-4.75754803293688,-4.74452554744524,-3.9162112932604902,-3.6363636363636402,-3.7205081669691604,-4.170444242973709,-3.6231884057971
-5.3,-2.39005736137669,201601,-5.9,-5.9,-5.9,-5.9,-5.9,-5.4,-4.8,-4.6,-4.9,-3.5714285714285694,-4.08163265306123,-4.24354243542436,-4.75754803293688,-4.74452554744524,-3.9162112932604902,-3.6363636363636402,-3.7205081669691604,-5.16772438803263
-4.9,-2.6666666666666696,201602,-5.3,-5.9,-5.9,-5.9,-5.9,-5.9,-5.4,-4.8,-4.8,-2.39005736137669,-3.5714285714285694,-4.08163265306123,-4.24354243542436,-4.75754803293688,-4.74452554744524,-3.9162112932604902,-3.6363636363636402,-4.89130434782609
-4.3,-2.4644549763032995,201603,-4.9,-5.3,-5.9,-5.9,-5.9,-5.9,-5.9,-5.4,-4.6,-2.6666666666666696,-2.39005736137669,-3.5714285714285694,-4.08163265306123,-4.24354243542436,-4.75754803293688,-4.74452554744524,-3.9162112932604902,-4.43840579710146
-3.4,-1.98675496688741,201604,-4.3,-4.9,-5.3,-5.9,-5.9,-5.9,-5.9,-5.9,-4.6,-2.4644549763032995,-2.6666666666666696,-2.39005736137669,-3.5714285714285694,-4.08163265306123,-4.24354243542436,-4.75754803293688,-4.74452554744524,-4.170444242973709
-2.8,-1.9792648444863201,201605,-3.4,-4.3,-4.9,-5.3,-5.9,-5.9,-5.9,-5.9,-4.6,-1.98675496688741,-2.4644549763032995,-2.6666666666666696,-2.39005736137669,-3.5714285714285694,-4.08163265306123,-4.24354243542436,-4.75754803293688,-3.7205081669691604
-2.6,-1.03773584905659,201606,-2.8,-3.4,-4.3,-4.9,-5.3,-5.9,-5.9,-5.9,-4.8,-1.9792648444863201,-1.98675496688741,-2.4644549763032995,-2.6666666666666696,-2.39005736137669,-3.5714285714285694,-4.08163265306123,-4.24354243542436,-3.6363636363636402
-1.7,-0.37914691943128004,201607,-2.6,-2.8,-3.4,-4.3,-4.9,-5.3,-5.9,-5.9,-5.4,-1.03773584905659,-1.9792648444863201,-1.98675496688741,-2.4644549763032995,-2.6666666666666696,-2.39005736137669,-3.5714285714285694,-4.08163265306123,-3.9162112932604902
-0.8,0.766283524904215,201608,-1.7,-2.6,-2.8,-3.4,-4.3,-4.9,-5.3,-5.9,-5.9,-0.37914691943128004,-1.03773584905659,-1.9792648444863201,-1.98675496688741,-2.4644549763032995,-2.6666666666666696,-2.39005736137669,-3.5714285714285694,-4.74452554744524
0.1,1.53698366954851,201609,-0.8,-1.7,-2.6,-2.8,-3.4,-4.3,-4.9,-5.3,-5.9,0.766283524904215,-0.37914691943128004,-1.03773584905659,-1.9792648444863201,-1.98675496688741,-2.4644549763032995,-2.6666666666666696,-2.39005736137669,-4.75754803293688
1.2,3.37186897880539,201610,0.1,-0.8,-1.7,-2.6,-2.8,-3.4,-4.3,-4.9,-5.9,1.53698366954851,0.766283524904215,-0.37914691943128004,-1.03773584905659,-1.9792648444863201,-1.98675496688741,-2.4644549763032995,-2.6666666666666696,-4.24354243542436
3.3,3.77176015473887,201611,1.2,0.1,-0.8,-1.7,-2.6,-2.8,-3.4,-4.3,-5.9,3.37186897880539,1.53698366954851,0.766283524904215,-0.37914691943128004,-1.03773584905659,-1.9792648444863201,-1.98675496688741,-2.4644549763032995,-4.08163265306123
5.5,5.16569200779729,201612,3.3,1.2,0.1,-0.8,-1.7,-2.6,-2.8,-3.4,-5.9,3.77176015473887,3.37186897880539,1.53698366954851,0.766283524904215,-0.37914691943128004,-1.03773584905659,-1.9792648444863201,-1.98675496688741,-3.5714285714285694
6.9,6.75808031341824,201701,5.5,3.3,1.2,0.1,-0.8,-1.7,-2.6,-2.8,-5.3,5.16569200779729,3.77176015473887,3.37186897880539,1.53698366954851,0.766283524904215,-0.37914691943128004,-1.03773584905659,-1.9792648444863201,-2.39005736137669
7.8,7.045009784735821,201702,6.9,5.5,3.3,1.2,0.1,-0.8,-1.7,-2.6,-4.9,6.75808031341824,5.16569200779729,3.77176015473887,3.37186897880539,1.53698366954851,0.766283524904215,-0.37914691943128004,-1.03773584905659,-2.6666666666666696
7.6,6.511175898930969,201703,7.8,6.9,5.5,3.3,1.2,0.1,-0.8,-1.7,-4.3,7.045009784735821,6.75808031341824,5.16569200779729,3.77176015473887,3.37186897880539,1.53698366954851,0.766283524904215,-0.37914691943128004,-2.4644549763032995
6.4,5.88803088803088,201704,7.6,7.8,6.9,5.5,3.3,1.2,0.1,-0.8,-3.4,6.511175898930969,7.045009784735821,6.75808031341824,5.16569200779729,3.77176015473887,3.37186897880539,1.53698366954851,0.766283524904215,-1.98675496688741
5.5,5.28846153846153,201705,6.4,7.6,7.8,6.9,5.5,3.3,1.2,0.1,-2.8,5.88803088803088,6.511175898930969,7.045009784735821,6.75808031341824,5.16569200779729,3.77176015473887,3.37186897880539,1.53698366954851,-1.9792648444863201
5.5,4.09914204003812,201706,5.5,6.4,7.6,7.8,6.9,5.5,3.3,1.2,-2.6,5.28846153846153,5.88803088803088,6.511175898930969,7.045009784735821,6.75808031341824,5.16569200779729,3.77176015473887,3.37186897880539,-1.03773584905659
5.5,4.18648905803997,201707,5.5,5.5,6.4,7.6,7.8,6.9,5.5,3.3,-1.7,4.09914204003812,5.28846153846153,5.88803088803088,6.511175898930969,7.045009784735821,6.75808031341824,5.16569200779729,3.77176015473887,-0.37914691943128004
6.3,4.75285171102662,201708,5.5,5.5,5.5,6.4,7.6,7.8,6.9,5.5,-0.8,4.18648905803997,4.09914204003812,5.28846153846153,5.88803088803088,6.511175898930969,7.045009784735821,6.75808031341824,5.16569200779729,0.766283524904215
6.9,4.91958372753075,201709,6.3,5.5,5.5,5.5,6.4,7.6,7.8,6.9,0.1,4.75285171102662,4.18648905803997,4.09914204003812,5.28846153846153,5.88803088803088,6.511175898930969,7.045009784735821,6.75808031341824,1.53698366954851
6.9,3.72786579683132,201710,6.9,6.3,5.5,5.5,5.5,6.4,7.6,7.8,1.2,4.91958372753075,4.75285171102662,4.18648905803997,4.09914204003812,5.28846153846153,5.88803088803088,6.511175898930969,7.045009784735821,3.37186897880539
5.8,4.28704566635602,201711,6.9,6.9,6.3,5.5,5.5,5.5,6.4,7.6,3.3,3.72786579683132,4.91958372753075,4.75285171102662,4.18648905803997,4.09914204003812,5.28846153846153,5.88803088803088,6.511175898930969,3.77176015473887
4.9,3.9851714550509705,201712,5.8,6.9,6.9,6.3,5.5,5.5,5.5,6.4,5.5,4.28704566635602,3.72786579683132,4.91958372753075,4.75285171102662,4.18648905803997,4.09914204003812,5.28846153846153,5.88803088803088,5.16569200779729
4.3,3.30275229357796,201801,4.9,5.8,6.9,6.9,6.3,5.5,5.5,5.5,6.9,3.9851714550509705,4.28704566635602,3.72786579683132,4.91958372753075,4.75285171102662,4.18648905803997,4.09914204003812,5.28846153846153,6.75808031341824
3.7,2.9250457038391,201802,4.3,4.9,5.8,6.9,6.9,6.3,5.5,5.5,7.8,3.30275229357796,3.9851714550509705,4.28704566635602,3.72786579683132,4.91958372753075,4.75285171102662,4.18648905803997,4.09914204003812,7.045009784735821
3.1,2.9197080291970803,201803,3.7,4.3,4.9,5.8,6.9,6.9,6.3,5.5,7.6,2.9250457038391,3.30275229357796,3.9851714550509705,4.28704566635602,3.72786579683132,4.91958372753075,4.75285171102662,4.18648905803997,6.511175898930969
3.4,3.55515041020966,201804,3.1,3.7,4.3,4.9,5.8,6.9,6.9,6.3,6.4,2.9197080291970803,2.9250457038391,3.30275229357796,3.9851714550509705,4.28704566635602,3.72786579683132,4.91958372753075,4.75285171102662,5.88803088803088
4.1,4.93150684931507,201805,3.4,3.1,3.7,4.3,4.9,5.8,6.9,6.9,5.5,3.55515041020966,2.9197080291970803,2.9250457038391,3.30275229357796,3.9851714550509705,4.28704566635602,3.72786579683132,4.91958372753075,5.28846153846153
4.7,5.677655677655681,201806,4.1,3.4,3.1,3.7,4.3,4.9,5.8,6.9,5.5,4.93150684931507,3.55515041020966,2.9197080291970803,2.9250457038391,3.30275229357796,3.9851714550509705,4.28704566635602,3.72786579683132,4.09914204003812
4.6,5.29680365296804,201807,4.7,4.1,3.4,3.1,3.7,4.3,4.9,5.8,5.5,5.677655677655681,4.93150684931507,3.55515041020966,2.9197080291970803,2.9250457038391,3.30275229357796,3.9851714550509705,4.28704566635602,4.18648905803997
4.1,4.99092558983666,201808,4.6,4.7,4.1,3.4,3.1,3.7,4.3,4.9,6.3,5.29680365296804,5.677655677655681,4.93150684931507,3.55515041020966,2.9197080291970803,2.9250457038391,3.30275229357796,3.9851714550509705,4.75285171102662
3.6,4.959422903516701,201809,4.1,4.6,4.7,4.1,3.4,3.1,3.7,4.3,6.9,4.99092558983666,5.29680365296804,5.677655677655681,4.93150684931507,3.55515041020966,2.9197080291970803,2.9250457038391,3.30275229357796,4.91958372753075
3.3,5.30098831985626,201810,3.6,4.1,4.6,4.7,4.1,3.4,3.1,3.7,6.9,4.959422903516701,4.99092558983666,5.29680365296804,5.677655677655681,4.93150684931507,3.55515041020966,2.9197080291970803,2.9250457038391,3.72786579683132
2.7,4.28954423592494,201811,3.3,3.6,4.1,4.6,4.7,4.1,3.4,3.1,5.8,5.30098831985626,4.959422903516701,4.99092558983666,5.29680365296804,5.677655677655681,4.93150684931507,3.55515041020966,2.9197080291970803,4.28704566635602
0.9,3.2085561497326,201812,2.7,3.3,3.6,4.1,4.6,4.7,4.1,3.4,4.9,4.28954423592494,5.30098831985626,4.959422903516701,4.99092558983666,5.29680365296804,5.677655677655681,4.93150684931507,3.55515041020966,3.9851714550509705
