PPI_TUR,PPI_GBR,Date,PPI_TUR-1,PPI_TUR-2,PPI_TUR-3,PPI_TUR-4,PPI_TUR-5,PPI_TUR-6,PPI_TUR-7,PPI_TUR-8,PPI_TUR-12,PPI_GBR-1,PPI_GBR-2,PPI_GBR-3,PPI_GBR-4,PPI_GBR-5,PPI_GBR-6,PPI_GBR-7,PPI_GBR-8,PPI_GBR-12
9.92724487842238,3.40063761955367,200501,13.8435842012183,14.4043499752842,15.473557208928199,12.497472194135499,10.5209914011128,9.44063004846527,10.5242016469171,9.563675760858859,10.750636132315499,3.82978723404254,4.472843450479219,4.4776119402985195,3.4078807241746403,2.7659574468085,2.66808964781218,2.56410256410256,2.13219616204692,0.534188034188033
8.13789205990393,3.8257173219978897,200502,9.92724487842238,13.8435842012183,14.4043499752842,15.473557208928199,12.497472194135499,10.5209914011128,9.44063004846527,10.5242016469171,9.13856907894738,3.40063761955367,3.82978723404254,4.472843450479219,4.4776119402985195,3.4078807241746403,2.7659574468085,2.66808964781218,2.56410256410256,0.0
8.16420664206643,4.23280423280423,200503,8.13789205990393,9.92724487842238,13.8435842012183,14.4043499752842,15.473557208928199,12.497472194135499,10.5209914011128,9.44063004846527,7.96812749003984,3.8257173219978897,3.40063761955367,3.82978723404254,4.472843450479219,4.4776119402985195,3.4078807241746403,2.7659574468085,2.66808964781218,-0.526315789473683
7.50426889547948,4.84210526315789,200504,8.16420664206643,8.13789205990393,9.92724487842238,13.8435842012183,14.4043499752842,15.473557208928199,12.497472194135499,10.5209914011128,8.906724087305461,4.23280423280423,3.8257173219978897,3.40063761955367,3.82978723404254,4.472843450479219,4.4776119402985195,3.4078807241746403,2.7659574468085,0.6355932203389849
7.1826681049982,3.65344467640918,200505,7.50426889547948,8.16420664206643,8.13789205990393,9.92724487842238,13.8435842012183,14.4043499752842,15.473557208928199,12.497472194135499,9.563675760858859,4.84210526315789,4.23280423280423,3.8257173219978897,3.40063761955367,3.82978723404254,4.472843450479219,4.4776119402985195,3.4078807241746403,2.13219616204692
8.70434308558969,3.85416666666668,200506,7.1826681049982,7.50426889547948,8.16420664206643,8.13789205990393,9.92724487842238,13.8435842012183,14.4043499752842,15.473557208928199,10.5242016469171,3.65344467640918,4.84210526315789,4.23280423280423,3.8257173219978897,3.40063761955367,3.82978723404254,4.472843450479219,4.4776119402985195,2.56410256410256
10.093182027862301,4.573804573804559,200507,8.70434308558969,7.1826681049982,7.50426889547948,8.16420664206643,8.13789205990393,9.92724487842238,13.8435842012183,14.4043499752842,9.44063004846527,3.85416666666668,3.65344467640918,4.84210526315789,4.23280423280423,3.8257173219978897,3.40063761955367,3.82978723404254,4.472843450479219,2.66808964781218
11.121281464530899,4.451345755693599,200508,10.093182027862301,8.70434308558969,7.1826681049982,7.50426889547948,8.16420664206643,8.13789205990393,9.92724487842238,13.8435842012183,10.5209914011128,4.573804573804559,3.85416666666668,3.65344467640918,4.84210526315789,4.23280423280423,3.8257173219978897,3.40063761955367,3.82978723404254,2.7659574468085
10.9113787524717,4.840370751802281,200509,11.121281464530899,10.093182027862301,8.70434308558969,7.1826681049982,7.50426889547948,8.16420664206643,8.13789205990393,9.92724487842238,12.497472194135499,4.451345755693599,4.573804573804559,3.85416666666668,3.65344467640918,4.84210526315789,4.23280423280423,3.8257173219978897,3.40063761955367,3.4078807241746403
8.15846756639094,4.08163265306122,200510,10.9113787524717,11.121281464530899,10.093182027862301,8.70434308558969,7.1826681049982,7.50426889547948,8.16420664206643,8.13789205990393,15.473557208928199,4.840370751802281,4.451345755693599,4.573804573804559,3.85416666666668,3.65344467640918,4.84210526315789,4.23280423280423,3.8257173219978897,4.4776119402985195
4.90839958520569,3.36391437308869,200511,8.15846756639094,10.9113787524717,11.121281464530899,10.093182027862301,8.70434308558969,7.1826681049982,7.50426889547948,8.16420664206643,14.4043499752842,4.08163265306122,4.840370751802281,4.451345755693599,4.573804573804559,3.85416666666668,3.65344467640918,4.84210526315789,4.23280423280423,4.472843450479219
4.54820056960387,3.48360655737706,200512,4.90839958520569,8.15846756639094,10.9113787524717,11.121281464530899,10.093182027862301,8.70434308558969,7.1826681049982,7.50426889547948,13.8435842012183,3.36391437308869,4.08163265306122,4.840370751802281,4.451345755693599,4.573804573804559,3.85416666666668,3.65344467640918,4.84210526315789,3.82978723404254
7.559000261255781,4.41932168550874,200601,4.54820056960387,4.90839958520569,8.15846756639094,10.9113787524717,11.121281464530899,10.093182027862301,8.70434308558969,7.1826681049982,9.92724487842238,3.48360655737706,3.36391437308869,4.08163265306122,4.840370751802281,4.451345755693599,4.573804573804559,3.85416666666668,3.65344467640918,3.40063761955367
7.856458496646611,4.19651995905834,200602,7.559000261255781,4.54820056960387,4.90839958520569,8.15846756639094,10.9113787524717,11.121281464530899,10.093182027862301,8.70434308558969,8.13789205990393,4.41932168550874,3.48360655737706,3.36391437308869,4.08163265306122,4.840370751802281,4.451345755693599,4.573804573804559,3.85416666666668,3.8257173219978897
5.87633262260126,3.65482233502536,200603,7.856458496646611,7.559000261255781,4.54820056960387,4.90839958520569,8.15846756639094,10.9113787524717,11.121281464530899,10.093182027862301,8.16420664206643,4.19651995905834,4.41932168550874,3.48360655737706,3.36391437308869,4.08163265306122,4.840370751802281,4.451345755693599,4.573804573804559,4.23280423280423
5.7849857883297195,3.31325301204821,200604,5.87633262260126,7.856458496646611,7.559000261255781,4.54820056960387,4.90839958520569,8.15846756639094,10.9113787524717,11.121281464530899,7.50426889547948,3.65482233502536,4.19651995905834,4.41932168550874,3.48360655737706,3.36391437308869,4.08163265306122,4.840370751802281,4.451345755693599,4.84210526315789
9.07489725740166,4.43101711983889,200605,5.7849857883297195,5.87633262260126,7.856458496646611,7.559000261255781,4.54820056960387,4.90839958520569,8.15846756639094,10.9113787524717,7.1826681049982,3.31325301204821,3.65482233502536,4.19651995905834,4.41932168550874,3.48360655737706,3.36391437308869,4.08163265306122,4.840370751802281,3.65344467640918
13.0725509862922,4.212637913741241,200606,9.07489725740166,5.7849857883297195,5.87633262260126,7.856458496646611,7.559000261255781,4.54820056960387,4.90839958520569,8.15846756639094,8.70434308558969,4.43101711983889,3.31325301204821,3.65482233502536,4.19651995905834,4.41932168550874,3.48360655737706,3.36391437308869,4.08163265306122,3.85416666666668
14.3467694628341,3.7773359840954304,200607,13.0725509862922,9.07489725740166,5.7849857883297195,5.87633262260126,7.856458496646611,7.559000261255781,4.54820056960387,4.90839958520569,10.093182027862301,4.212637913741241,4.43101711983889,3.31325301204821,3.65482233502536,4.19651995905834,4.41932168550874,3.48360655737706,3.36391437308869,4.573804573804559
11.556836902800699,3.66699702675917,200608,14.3467694628341,13.0725509862922,9.07489725740166,5.7849857883297195,5.87633262260126,7.856458496646611,7.559000261255781,4.54820056960387,11.121281464530899,3.7773359840954304,4.212637913741241,4.43101711983889,3.31325301204821,3.65482233502536,4.19651995905834,4.41932168550874,3.48360655737706,4.451345755693599
9.48946515397084,1.96463654223968,200609,11.556836902800699,14.3467694628341,13.0725509862922,9.07489725740166,5.7849857883297195,5.87633262260126,7.856458496646611,7.559000261255781,10.9113787524717,3.66699702675917,3.7773359840954304,4.212637913741241,4.43101711983889,3.31325301204821,3.65482233502536,4.19651995905834,4.41932168550874,4.840370751802281
9.26581870874255,0.8823529411764921,200610,9.48946515397084,11.556836902800699,14.3467694628341,13.0725509862922,9.07489725740166,5.7849857883297195,5.87633262260126,7.856458496646611,8.15846756639094,1.96463654223968,3.66699702675917,3.7773359840954304,4.212637913741241,4.43101711983889,3.31325301204821,3.65482233502536,4.19651995905834,4.08163265306122
11.474464579901099,1.38067061143985,200611,9.26581870874255,9.48946515397084,11.556836902800699,14.3467694628341,13.0725509862922,9.07489725740166,5.7849857883297195,5.87633262260126,4.90839958520569,0.8823529411764921,1.96463654223968,3.66699702675917,3.7773359840954304,4.212637913741241,4.43101711983889,3.31325301204821,3.65482233502536,3.36391437308869
11.573386164768,1.78217821782179,200612,11.474464579901099,9.26581870874255,9.48946515397084,11.556836902800699,14.3467694628341,13.0725509862922,9.07489725740166,5.7849857883297195,4.54820056960387,1.38067061143985,0.8823529411764921,1.96463654223968,3.66699702675917,3.7773359840954304,4.212637913741241,4.43101711983889,3.31325301204821,3.48360655737706
9.375759047850382,1.2795275590551398,200701,11.573386164768,11.474464579901099,9.26581870874255,9.48946515397084,11.556836902800699,14.3467694628341,13.0725509862922,9.07489725740166,7.559000261255781,1.78217821782179,1.38067061143985,0.8823529411764921,1.96463654223968,3.66699702675917,3.7773359840954304,4.212637913741241,4.43101711983889,4.41932168550874
10.126786723734199,1.3752455795677798,200702,9.375759047850382,11.573386164768,11.474464579901099,9.26581870874255,9.48946515397084,11.556836902800699,14.3467694628341,13.0725509862922,7.856458496646611,1.2795275590551398,1.78217821782179,1.38067061143985,0.8823529411764921,1.96463654223968,3.66699702675917,3.7773359840954304,4.212637913741241,4.19651995905834
10.923151280811998,1.9588638589618101,200703,10.126786723734199,9.375759047850382,11.573386164768,11.474464579901099,9.26581870874255,9.48946515397084,11.556836902800699,14.3467694628341,5.87633262260126,1.3752455795677798,1.2795275590551398,1.78217821782179,1.38067061143985,0.8823529411764921,1.96463654223968,3.66699702675917,3.7773359840954304,3.65482233502536
9.688636004425462,1.8464528668610098,200704,10.923151280811998,10.126786723734199,9.375759047850382,11.573386164768,11.474464579901099,9.26581870874255,9.48946515397084,11.556836902800699,5.7849857883297195,1.9588638589618101,1.3752455795677798,1.2795275590551398,1.78217821782179,1.38067061143985,0.8823529411764921,1.96463654223968,3.66699702675917,3.31325301204821
7.143406382160691,1.7357762777241799,200705,9.688636004425462,10.923151280811998,10.126786723734199,9.375759047850382,11.573386164768,11.474464579901099,9.26581870874255,9.48946515397084,9.07489725740166,1.8464528668610098,1.9588638589618101,1.3752455795677798,1.2795275590551398,1.78217821782179,1.38067061143985,0.8823529411764921,1.96463654223968,4.43101711983889
2.8903015966883303,2.1174205967276003,200706,7.143406382160691,9.688636004425462,10.923151280811998,10.126786723734199,9.375759047850382,11.573386164768,11.474464579901099,9.26581870874255,13.0725509862922,1.7357762777241799,1.8464528668610098,1.9588638589618101,1.3752455795677798,1.2795275590551398,1.78217821782179,1.38067061143985,0.8823529411764921,4.212637913741241
2.07401978746796,2.01149425287355,200707,2.8903015966883303,7.143406382160691,9.688636004425462,10.923151280811998,10.126786723734199,9.375759047850382,11.573386164768,11.474464579901099,14.3467694628341,2.1174205967276003,1.7357762777241799,1.8464528668610098,1.9588638589618101,1.3752455795677798,1.2795275590551398,1.78217821782179,1.38067061143985,3.7773359840954304
3.72147973122646,1.91204588910134,200708,2.07401978746796,2.8903015966883303,7.143406382160691,9.688636004425462,10.923151280811998,10.126786723734199,9.375759047850382,11.573386164768,11.556836902800699,2.01149425287355,2.1174205967276003,1.7357762777241799,1.8464528668610098,1.9588638589618101,1.3752455795677798,1.2795275590551398,1.78217821782179,3.66699702675917
5.0255347494634,3.2755298651252502,200709,3.72147973122646,2.07401978746796,2.8903015966883303,7.143406382160691,9.688636004425462,10.923151280811998,10.126786723734199,9.375759047850382,9.48946515397084,1.91204588910134,2.01149425287355,2.1174205967276003,1.7357762777241799,1.8464528668610098,1.9588638589618101,1.3752455795677798,1.2795275590551398,1.96463654223968
4.405805643557071,4.95626822157433,200710,5.0255347494634,3.72147973122646,2.07401978746796,2.8903015966883303,7.143406382160691,9.688636004425462,10.923151280811998,10.126786723734199,9.26581870874255,3.2755298651252502,1.91204588910134,2.01149425287355,2.1174205967276003,1.7357762777241799,1.8464528668610098,1.9588638589618101,1.3752455795677798,0.8823529411764921
5.652848592329839,6.51750972762646,200711,4.405805643557071,5.0255347494634,3.72147973122646,2.07401978746796,2.8903015966883303,7.143406382160691,9.688636004425462,10.923151280811998,11.474464579901099,4.95626822157433,3.2755298651252502,1.91204588910134,2.01149425287355,2.1174205967276003,1.7357762777241799,1.8464528668610098,1.9588638589618101,1.38067061143985
5.9411068363421204,7.198443579766541,200712,5.652848592329839,4.405805643557071,5.0255347494634,3.72147973122646,2.07401978746796,2.8903015966883303,7.143406382160691,9.688636004425462,11.573386164768,6.51750972762646,4.95626822157433,3.2755298651252502,1.91204588910134,2.01149425287355,2.1174205967276003,1.7357762777241799,1.8464528668610098,1.78217821782179
6.44755348286329,8.06608357628765,200801,5.9411068363421204,5.652848592329839,4.405805643557071,5.0255347494634,3.72147973122646,2.07401978746796,2.8903015966883303,7.143406382160691,9.375759047850382,7.198443579766541,6.51750972762646,4.95626822157433,3.2755298651252502,1.91204588910134,2.01149425287355,2.1174205967276003,1.7357762777241799,1.2795275590551398
8.14695314218669,8.33333333333334,200802,6.44755348286329,5.9411068363421204,5.652848592329839,4.405805643557071,5.0255347494634,3.72147973122646,2.07401978746796,2.8903015966883303,10.126786723734199,8.06608357628765,7.198443579766541,6.51750972762646,4.95626822157433,3.2755298651252502,1.91204588910134,2.01149425287355,2.1174205967276003,1.3752455795677798
10.5010893246187,9.02977905859751,200803,8.14695314218669,6.44755348286329,5.9411068363421204,5.652848592329839,4.405805643557071,5.0255347494634,3.72147973122646,2.07401978746796,10.923151280811998,8.33333333333334,8.06608357628765,7.198443579766541,6.51750972762646,4.95626822157433,3.2755298651252502,1.91204588910134,2.01149425287355,1.9588638589618101
14.5533141210375,9.73282442748093,200804,10.5010893246187,8.14695314218669,6.44755348286329,5.9411068363421204,5.652848592329839,4.405805643557071,5.0255347494634,3.72147973122646,9.688636004425462,9.02977905859751,8.33333333333334,8.06608357628765,7.198443579766541,6.51750972762646,4.95626822157433,3.2755298651252502,1.91204588910134,1.8464528668610098
16.527917324529902,11.563981042654,200805,14.5533141210375,10.5010893246187,8.14695314218669,6.44755348286329,5.9411068363421204,5.652848592329839,4.405805643557071,5.0255347494634,7.143406382160691,9.73282442748093,9.02977905859751,8.33333333333334,8.06608357628765,7.198443579766541,6.51750972762646,4.95626822157433,3.2755298651252502,1.7357762777241799
17.0342697032833,12.818096135721,200806,16.527917324529902,14.5533141210375,10.5010893246187,8.14695314218669,6.44755348286329,5.9411068363421204,5.652848592329839,4.405805643557071,2.8903015966883303,11.563981042654,9.73282442748093,9.02977905859751,8.33333333333334,8.06608357628765,7.198443579766541,6.51750972762646,4.95626822157433,2.1174205967276003
18.4161401493395,13.427230046948399,200807,17.0342697032833,16.527917324529902,14.5533141210375,10.5010893246187,8.14695314218669,6.44755348286329,5.9411068363421204,5.652848592329839,2.07401978746796,12.818096135721,11.563981042654,9.73282442748093,9.02977905859751,8.33333333333334,8.06608357628765,7.198443579766541,6.51750972762646,2.01149425287355
14.665053036235498,12.4765478424015,200808,18.4161401493395,17.0342697032833,16.527917324529902,14.5533141210375,10.5010893246187,8.14695314218669,6.44755348286329,5.9411068363421204,3.72147973122646,13.427230046948399,12.818096135721,11.563981042654,9.73282442748093,9.02977905859751,8.33333333333334,8.06608357628765,7.198443579766541,1.91204588910134
12.494714587737802,11.847014925373099,200809,14.665053036235498,18.4161401493395,17.0342697032833,16.527917324529902,14.5533141210375,10.5010893246187,8.14695314218669,6.44755348286329,5.0255347494634,12.4765478424015,13.427230046948399,12.818096135721,11.563981042654,9.73282442748093,9.02977905859751,8.33333333333334,8.06608357628765,3.2755298651252502
13.287700232869899,8.981481481481481,200810,12.494714587737802,14.665053036235498,18.4161401493395,17.0342697032833,16.527917324529902,14.5533141210375,10.5010893246187,8.14695314218669,4.405805643557071,11.847014925373099,12.4765478424015,13.427230046948399,12.818096135721,11.563981042654,9.73282442748093,9.02977905859751,8.33333333333334,4.95626822157433
12.2464680374878,5.38812785388129,200811,13.287700232869899,12.494714587737802,14.665053036235498,18.4161401493395,17.0342697032833,16.527917324529902,14.5533141210375,10.5010893246187,5.652848592329839,8.981481481481481,11.847014925373099,12.4765478424015,13.427230046948399,12.818096135721,11.563981042654,9.73282442748093,9.02977905859751,6.51750972762646
8.10810810810813,3.0852994555353703,200812,12.2464680374878,13.287700232869899,12.494714587737802,14.665053036235498,18.4161401493395,17.0342697032833,16.527917324529902,14.5533141210375,5.9411068363421204,5.38812785388129,8.981481481481481,11.847014925373099,12.4765478424015,13.427230046948399,12.818096135721,11.563981042654,9.73282442748093,7.198443579766541
7.8998609179415595,1.5197841726618502,200901,8.10810810810813,12.2464680374878,13.287700232869899,12.494714587737802,14.665053036235498,18.4161401493395,17.0342697032833,16.527917324529902,6.44755348286329,3.0852994555353703,5.38812785388129,8.981481481481481,11.847014925373099,12.4765478424015,13.427230046948399,12.818096135721,11.563981042654,8.06608357628765
6.4347708163818895,0.763267740011918,200902,7.8998609179415595,8.10810810810813,12.2464680374878,13.287700232869899,12.494714587737802,14.665053036235498,18.4161401493395,17.0342697032833,8.14695314218669,1.5197841726618502,3.0852994555353703,5.38812785388129,8.981481481481481,11.847014925373099,12.4765478424015,13.427230046948399,12.818096135721,8.33333333333334
3.4634595162986295,-0.850220264317202,200903,6.4347708163818895,7.8998609179415595,8.10810810810813,12.2464680374878,13.287700232869899,12.494714587737802,14.665053036235498,18.4161401493395,10.5010893246187,0.763267740011918,1.5197841726618502,3.0852994555353703,5.38812785388129,8.981481481481481,11.847014925373099,12.4765478424015,13.427230046948399,9.02977905859751
-0.345911949685525,-1.93768115942032,200904,3.4634595162986295,6.4347708163818895,7.8998609179415595,8.10810810810813,12.2464680374878,13.287700232869899,12.494714587737802,14.665053036235498,14.5533141210375,-0.850220264317202,0.763267740011918,1.5197841726618502,3.0852994555353703,5.38812785388129,8.981481481481481,11.847014925373099,12.4765478424015,9.73282442748093
-2.46350926895363,-3.98612291135656,200905,-0.345911949685525,3.4634595162986295,6.4347708163818895,7.8998609179415595,8.10810810810813,12.2464680374878,13.287700232869899,12.494714587737802,16.527917324529902,-1.93768115942032,-0.850220264317202,0.763267740011918,1.5197841726618502,3.0852994555353703,5.38812785388129,8.981481481481481,11.847014925373099,11.563981042654
-1.86617556783302,-4.99721526037318,200906,-2.46350926895363,-0.345911949685525,3.4634595162986295,6.4347708163818895,7.8998609179415595,8.10810810810813,12.2464680374878,13.287700232869899,17.0342697032833,-3.98612291135656,-1.93768115942032,-0.850220264317202,0.763267740011918,1.5197841726618502,3.0852994555353703,5.38812785388129,8.981481481481481,12.818096135721
-3.75310737888801,-6.0582229580574,200907,-1.86617556783302,-2.46350926895363,-0.345911949685525,3.4634595162986295,6.4347708163818895,7.8998609179415595,8.10810810810813,12.2464680374878,18.4161401493395,-4.99721526037318,-3.98612291135656,-1.93768115942032,-0.850220264317202,0.763267740011918,1.5197841726618502,3.0852994555353703,5.38812785388129,13.427230046948399
-1.0368162910535799,-5.155685293299981,200908,-3.75310737888801,-1.86617556783302,-2.46350926895363,-0.345911949685525,3.4634595162986295,6.4347708163818895,7.8998609179415595,8.10810810810813,14.665053036235498,-6.0582229580574,-4.99721526037318,-3.98612291135656,-1.93768115942032,-0.850220264317202,0.763267740011918,1.5197841726618502,3.0852994555353703,12.4765478424015
0.46983649689907203,-4.9582985821518,200909,-1.0368162910535799,-3.75310737888801,-1.86617556783302,-2.46350926895363,-0.345911949685525,3.4634595162986295,6.4347708163818895,7.8998609179415595,12.494714587737802,-5.155685293299981,-6.0582229580574,-4.99721526037318,-3.98612291135656,-1.93768115942032,-0.850220264317202,0.763267740011918,1.5197841726618502,11.847014925373099
0.186869316058307,-2.779665817049,200910,0.46983649689907203,-1.0368162910535799,-3.75310737888801,-1.86617556783302,-2.46350926895363,-0.345911949685525,3.4634595162986295,6.4347708163818895,13.287700232869899,-4.9582985821518,-5.155685293299981,-6.0582229580574,-4.99721526037318,-3.98612291135656,-1.93768115942032,-0.850220264317202,0.763267740011918,8.981481481481481
1.51411302884913,-0.22674754477183398,200911,0.186869316058307,0.46983649689907203,-1.0368162910535799,-3.75310737888801,-1.86617556783302,-2.46350926895363,-0.345911949685525,3.4634595162986295,12.2464680374878,-2.779665817049,-4.9582985821518,-5.155685293299981,-6.0582229580574,-4.99721526037318,-3.98612291135656,-1.93768115942032,-0.850220264317202,5.38812785388129
5.93023255813952,1.5625,200912,1.51411302884913,0.186869316058307,0.46983649689907203,-1.0368162910535799,-3.75310737888801,-1.86617556783302,-2.46350926895363,-0.345911949685525,8.10810810810813,-0.22674754477183398,-2.779665817049,-4.9582985821518,-5.155685293299981,-6.0582229580574,-4.99721526037318,-3.98612291135656,-1.93768115942032,3.0852994555353703
6.3031709203403,2.4109014675052403,201001,5.93023255813952,1.51411302884913,0.186869316058307,0.46983649689907203,-1.0368162910535799,-3.75310737888801,-1.86617556783302,-2.46350926895363,7.8998609179415595,1.5625,-0.22674754477183398,-2.779665817049,-4.9582985821518,-5.155685293299981,-6.0582229580574,-4.99721526037318,-3.98612291135656,1.5197841726618502
6.8229598012359105,2.62605042016807,201002,6.3031709203403,5.93023255813952,1.51411302884913,0.186869316058307,0.46983649689907203,-1.0368162910535799,-3.75310737888801,-1.86617556783302,6.4347708163818895,2.4109014675052403,1.5625,-0.22674754477183398,-2.779665817049,-4.9582985821518,-5.155685293299981,-6.0582229580574,-4.99721526037318,0.763267740011918
8.58159181858603,4.10094637223975,201003,6.8229598012359105,6.3031709203403,5.93023255813952,1.51411302884913,0.186869316058307,0.46983649689907203,-1.0368162910535799,-3.75310737888801,3.4634595162986295,2.62605042016807,2.4109014675052403,1.5625,-0.22674754477183398,-2.779665817049,-4.9582985821518,-5.155685293299981,-6.0582229580574,-0.850220264317202
10.4196907541811,5.03672612801678,201004,8.58159181858603,6.8229598012359105,6.3031709203403,5.93023255813952,1.51411302884913,0.186869316058307,0.46983649689907203,-1.0368162910535799,-0.345911949685525,4.10094637223975,2.62605042016807,2.4109014675052403,1.5625,-0.22674754477183398,-2.779665817049,-4.9582985821518,-5.155685293299981,-1.93768115942032
9.20628906989959,5.130890052356009,201005,10.4196907541811,8.58159181858603,6.8229598012359105,6.3031709203403,5.93023255813952,1.51411302884913,0.186869316058307,0.46983649689907203,-2.46350926895363,5.03672612801678,4.10094637223975,2.62605042016807,2.4109014675052403,1.5625,-0.22674754477183398,-2.779665817049,-4.9582985821518,-3.98612291135656
7.644188665081941,4.0582726326743,201006,9.20628906989959,10.4196907541811,8.58159181858603,6.8229598012359105,6.3031709203403,5.93023255813952,1.51411302884913,0.186869316058307,-1.86617556783302,5.130890052356009,5.03672612801678,4.10094637223975,2.62605042016807,2.4109014675052403,1.5625,-0.22674754477183398,-2.779665817049,-4.99721526037318
8.2335895174499,4.27528675703857,201007,7.644188665081941,9.20628906989959,10.4196907541811,8.58159181858603,6.8229598012359105,6.3031709203403,5.93023255813952,1.51411302884913,-3.75310737888801,4.0582726326743,5.130890052356009,5.03672612801678,4.10094637223975,2.62605042016807,2.4109014675052403,1.5625,-0.22674754477183398,-6.0582229580574
9.02760351317441,4.0582726326743,201008,8.2335895174499,7.644188665081941,9.20628906989959,10.4196907541811,8.58159181858603,6.8229598012359105,6.3031709203403,5.93023255813952,-1.0368162910535799,4.27528675703857,4.0582726326743,5.130890052356009,5.03672612801678,4.10094637223975,2.62605042016807,2.4109014675052403,1.5625,-5.155685293299981
8.91008853971817,3.94600207684319,201009,9.02760351317441,8.2335895174499,7.644188665081941,9.20628906989959,10.4196907541811,8.58159181858603,6.8229598012359105,6.3031709203403,0.46983649689907203,4.0582726326743,4.27528675703857,4.0582726326743,5.130890052356009,5.03672612801678,4.10094637223975,2.62605042016807,2.4109014675052403,-4.9582985821518
9.91047003233027,4.343329886246121,201010,8.91008853971817,9.02760351317441,8.2335895174499,7.644188665081941,9.20628906989959,10.4196907541811,8.58159181858603,6.8229598012359105,0.186869316058307,3.94600207684319,4.0582726326743,4.27528675703857,4.0582726326743,5.130890052356009,5.03672612801678,4.10094637223975,2.62605042016807,-2.779665817049
8.1696538178247,4.21377183967112,201011,9.91047003233027,8.91008853971817,9.02760351317441,8.2335895174499,7.644188665081941,9.20628906989959,10.4196907541811,8.58159181858603,1.51411302884913,4.343329886246121,3.94600207684319,4.0582726326743,4.27528675703857,4.0582726326743,5.130890052356009,5.03672612801678,4.10094637223975,-0.22674754477183398
8.87913160141481,5.12820512820512,201012,8.1696538178247,9.91047003233027,8.91008853971817,9.02760351317441,8.2335895174499,7.644188665081941,9.20628906989959,10.4196907541811,5.93023255813952,4.21377183967112,4.343329886246121,3.94600207684319,4.0582726326743,4.27528675703857,4.0582726326743,5.130890052356009,5.03672612801678,1.5625
10.7978658906269,6.345957011258959,201101,8.87913160141481,8.1696538178247,9.91047003233027,8.91008853971817,9.02760351317441,8.2335895174499,7.644188665081941,9.20628906989959,6.3031709203403,5.12820512820512,4.21377183967112,4.343329886246121,3.94600207684319,4.0582726326743,4.27528675703857,4.0582726326743,5.130890052356009,2.4109014675052403
10.8659351145038,7.267144319344929,201102,10.7978658906269,8.87913160141481,8.1696538178247,9.91047003233027,8.91008853971817,9.02760351317441,8.2335895174499,7.644188665081941,6.8229598012359105,6.345957011258959,5.12820512820512,4.21377183967112,4.343329886246121,3.94600207684319,4.0582726326743,4.27528675703857,4.0582726326743,2.62605042016807
10.0795600795601,7.57575757575757,201103,10.8659351145038,10.7978658906269,8.87913160141481,8.1696538178247,9.91047003233027,8.91008853971817,9.02760351317441,8.2335895174499,8.58159181858603,7.267144319344929,6.345957011258959,5.12820512820512,4.21377183967112,4.343329886246121,3.94600207684319,4.0582726326743,4.27528675703857,4.10094637223975
8.20759030635574,7.49250749250751,201104,10.0795600795601,10.8659351145038,10.7978658906269,8.87913160141481,8.1696538178247,9.91047003233027,8.91008853971817,9.02760351317441,10.4196907541811,7.57575757575757,7.267144319344929,6.345957011258959,5.12820512820512,4.21377183967112,4.343329886246121,3.94600207684319,4.0582726326743,5.03672612801678
9.632841861809789,7.171314741035861,201105,8.20759030635574,10.0795600795601,10.8659351145038,10.7978658906269,8.87913160141481,8.1696538178247,9.91047003233027,8.91008853971817,9.20628906989959,7.49250749250751,7.57575757575757,7.267144319344929,6.345957011258959,5.12820512820512,4.21377183967112,4.343329886246121,3.94600207684319,5.130890052356009
10.1929335192934,7.80000000000001,201106,9.632841861809789,8.20759030635574,10.0795600795601,10.8659351145038,10.7978658906269,8.87913160141481,8.1696538178247,9.91047003233027,7.644188665081941,7.171314741035861,7.49250749250751,7.57575757575757,7.267144319344929,6.345957011258959,5.12820512820512,4.21377183967112,4.343329886246121,4.0582726326743
10.3370001746115,8.1,201107,10.1929335192934,9.632841861809789,8.20759030635574,10.0795600795601,10.8659351145038,10.7978658906269,8.87913160141481,8.1696538178247,8.2335895174499,7.80000000000001,7.171314741035861,7.49250749250751,7.57575757575757,7.267144319344929,6.345957011258959,5.12820512820512,4.21377183967112,4.27528675703857
11.0017837620116,8.000000000000009,201108,10.3370001746115,10.1929335192934,9.632841861809789,8.20759030635574,10.0795600795601,10.8659351145038,10.7978658906269,8.87913160141481,9.02760351317441,8.1,7.80000000000001,7.171314741035861,7.49250749250751,7.57575757575757,7.267144319344929,6.345957011258959,5.12820512820512,4.0582726326743
12.148623117879401,8.291708291708309,201109,11.0017837620116,10.3370001746115,10.1929335192934,9.632841861809789,8.20759030635574,10.0795600795601,10.8659351145038,10.7978658906269,8.91008853971817,8.000000000000009,8.1,7.80000000000001,7.171314741035861,7.49250749250751,7.57575757575757,7.267144319344929,6.345957011258959,3.94600207684319
12.5862654146397,7.43310208126858,201110,12.148623117879401,11.0017837620116,10.3370001746115,10.1929335192934,9.632841861809789,8.20759030635574,10.0795600795601,10.8659351145038,9.91047003233027,8.291708291708309,8.000000000000009,8.1,7.80000000000001,7.171314741035861,7.49250749250751,7.57575757575757,7.267144319344929,4.343329886246121
13.6696362707825,7.29783037475346,201111,12.5862654146397,12.148623117879401,11.0017837620116,10.3370001746115,10.1929335192934,9.632841861809789,8.20759030635574,10.0795600795601,8.1696538178247,7.43310208126858,8.291708291708309,8.000000000000009,8.1,7.80000000000001,7.171314741035861,7.49250749250751,7.57575757575757,4.21377183967112
13.3247451551473,5.75609756097563,201112,13.6696362707825,12.5862654146397,12.148623117879401,11.0017837620116,10.3370001746115,10.1929335192934,9.632841861809789,8.20759030635574,8.87913160141481,7.29783037475346,7.43310208126858,8.291708291708309,8.000000000000009,8.1,7.80000000000001,7.171314741035861,7.49250749250751,5.12820512820512
11.135430916552698,4.71607314725697,201201,13.3247451551473,13.6696362707825,12.5862654146397,12.148623117879401,11.0017837620116,10.3370001746115,10.1929335192934,9.632841861809789,10.7978658906269,5.75609756097563,7.29783037475346,7.43310208126858,8.291708291708309,8.000000000000009,8.1,7.80000000000001,7.171314741035861,6.345957011258959
9.15008068854224,4.29389312977099,201202,11.135430916552698,13.3247451551473,13.6696362707825,12.5862654146397,12.148623117879401,11.0017837620116,10.3370001746115,10.1929335192934,10.8659351145038,4.71607314725697,5.75609756097563,7.29783037475346,7.43310208126858,8.291708291708309,8.000000000000009,8.1,7.80000000000001,7.267144319344929
8.22128925971198,3.5680751173709,201203,9.15008068854224,11.135430916552698,13.3247451551473,13.6696362707825,12.5862654146397,12.148623117879401,11.0017837620116,10.3370001746115,10.0795600795601,4.29389312977099,4.71607314725697,5.75609756097563,7.29783037475346,7.43310208126858,8.291708291708309,8.000000000000009,8.1,7.57575757575757
7.65370800760617,2.60223048327138,201204,8.22128925971198,9.15008068854224,11.135430916552698,13.3247451551473,13.6696362707825,12.5862654146397,12.148623117879401,11.0017837620116,8.20759030635574,3.5680751173709,4.29389312977099,4.71607314725697,5.75609756097563,7.29783037475346,7.43310208126858,8.291708291708309,8.000000000000009,7.49250749250751
8.05864669584936,1.8587360594795301,201205,7.65370800760617,8.22128925971198,9.15008068854224,11.135430916552698,13.3247451551473,13.6696362707825,12.5862654146397,12.148623117879401,9.632841861809789,2.60223048327138,3.5680751173709,4.29389312977099,4.71607314725697,5.75609756097563,7.29783037475346,7.43310208126858,8.291708291708309,7.171314741035861
6.43919417782933,0.742115027829314,201206,8.05864669584936,7.65370800760617,8.22128925971198,9.15008068854224,11.135430916552698,13.3247451551473,13.6696362707825,12.5862654146397,10.1929335192934,1.8587360594795301,2.60223048327138,3.5680751173709,4.29389312977099,4.71607314725697,5.75609756097563,7.29783037475346,7.43310208126858,7.80000000000001
6.13493696259958,0.647548566142472,201207,6.43919417782933,8.05864669584936,7.65370800760617,8.22128925971198,9.15008068854224,11.135430916552698,13.3247451551473,13.6696362707825,10.3370001746115,0.742115027829314,1.8587360594795301,2.60223048327138,3.5680751173709,4.29389312977099,4.71607314725697,5.75609756097563,7.29783037475346,8.1
4.56171271577421,1.6666666666666698,201208,6.13493696259958,6.43919417782933,8.05864669584936,7.65370800760617,8.22128925971198,9.15008068854224,11.135430916552698,13.3247451551473,11.0017837620116,0.647548566142472,0.742115027829314,1.8587360594795301,2.60223048327138,3.5680751173709,4.29389312977099,4.71607314725697,5.75609756097563,8.000000000000009
4.032875593445319,1.8450184501845,201209,4.56171271577421,6.13493696259958,6.43919417782933,8.05864669584936,7.65370800760617,8.22128925971198,9.15008068854224,11.135430916552698,12.148623117879401,1.6666666666666698,0.647548566142472,0.742115027829314,1.8587360594795301,2.60223048327138,3.5680751173709,4.29389312977099,4.71607314725697,8.291708291708309
2.57247651107874,1.8450184501845,201210,4.032875593445319,4.56171271577421,6.13493696259958,6.43919417782933,8.05864669584936,7.65370800760617,8.22128925971198,9.15008068854224,12.5862654146397,1.8450184501845,1.6666666666666698,0.647548566142472,0.742115027829314,1.8587360594795301,2.60223048327138,3.5680751173709,4.29389312977099,7.43310208126858
3.60423322683706,1.10294117647059,201211,2.57247651107874,4.032875593445319,4.56171271577421,6.13493696259958,6.43919417782933,8.05864669584936,7.65370800760617,8.22128925971198,13.6696362707825,1.8450184501845,1.8450184501845,1.6666666666666698,0.647548566142472,0.742115027829314,1.8587360594795301,2.60223048327138,3.5680751173709,7.29783037475346
2.4514407156624998,1.10701107011068,201212,3.60423322683706,2.57247651107874,4.032875593445319,4.56171271577421,6.13493696259958,6.43919417782933,8.05864669584936,7.65370800760617,13.3247451551473,1.10294117647059,1.8450184501845,1.8450184501845,1.6666666666666698,0.647548566142472,0.742115027829314,1.8587360594795301,2.60223048327138,5.75609756097563
1.87592319054653,1.19485294117646,201301,2.4514407156624998,3.60423322683706,2.57247651107874,4.032875593445319,4.56171271577421,6.13493696259958,6.43919417782933,8.05864669584936,11.135430916552698,1.10701107011068,1.10294117647059,1.8450184501845,1.8450184501845,1.6666666666666698,0.647548566142472,0.742115027829314,1.8587360594795301,4.71607314725697
1.8431817061751399,1.9213174748398998,201302,1.87592319054653,2.4514407156624998,3.60423322683706,2.57247651107874,4.032875593445319,4.56171271577421,6.13493696259958,6.43919417782933,9.15008068854224,1.19485294117646,1.10701107011068,1.10294117647059,1.8450184501845,1.8450184501845,1.6666666666666698,0.647548566142472,0.742115027829314,4.29389312977099
2.30308387350227,1.1786038077969099,201303,1.8431817061751399,1.87592319054653,2.4514407156624998,3.60423322683706,2.57247651107874,4.032875593445319,4.56171271577421,6.13493696259958,8.22128925971198,1.9213174748398998,1.19485294117646,1.10701107011068,1.10294117647059,1.8450184501845,1.8450184501845,1.6666666666666698,0.647548566142472,3.5680751173709
1.6976595849075202,0.36231884057971003,201304,2.30308387350227,1.8431817061751399,1.87592319054653,2.4514407156624998,3.60423322683706,2.57247651107874,4.032875593445319,4.56171271577421,7.65370800760617,1.1786038077969099,1.9213174748398998,1.19485294117646,1.10701107011068,1.10294117647059,1.8450184501845,1.8450184501845,1.6666666666666698,2.60223048327138
2.17189711552541,0.8211678832116899,201305,1.6976595849075202,2.30308387350227,1.8431817061751399,1.87592319054653,2.4514407156624998,3.60423322683706,2.57247651107874,4.032875593445319,8.05864669584936,0.36231884057971003,1.1786038077969099,1.9213174748398998,1.19485294117646,1.10701107011068,1.10294117647059,1.8450184501845,1.8450184501845,1.8587360594795301
5.23212604667294,1.8416206261509902,201306,2.17189711552541,1.6976595849075202,2.30308387350227,1.8431817061751399,1.87592319054653,2.4514407156624998,3.60423322683706,2.57247651107874,6.43919417782933,0.8211678832116899,0.36231884057971003,1.1786038077969099,1.9213174748398998,1.19485294117646,1.10701107011068,1.10294117647059,1.8450184501845,0.742115027829314
6.61033797216699,2.2977941176470495,201307,5.23212604667294,2.17189711552541,1.6976595849075202,2.30308387350227,1.8431817061751399,1.87592319054653,2.4514407156624998,3.60423322683706,6.13493696259958,1.8416206261509902,0.8211678832116899,0.36231884057971003,1.1786038077969099,1.9213174748398998,1.19485294117646,1.10701107011068,1.10294117647059,0.647548566142472
6.38540478905359,1.6393442622950603,201308,6.61033797216699,5.23212604667294,2.17189711552541,1.6976595849075202,2.30308387350227,1.8431817061751399,1.87592319054653,2.4514407156624998,4.56171271577421,2.2977941176470495,1.8416206261509902,0.8211678832116899,0.36231884057971003,1.1786038077969099,1.9213174748398998,1.19485294117646,1.10701107011068,1.6666666666666698
6.226998380686001,0.996376811594194,201309,6.38540478905359,6.61033797216699,5.23212604667294,2.17189711552541,1.6976595849075202,2.30308387350227,1.8431817061751399,1.87592319054653,4.032875593445319,1.6393442622950603,2.2977941176470495,1.8416206261509902,0.8211678832116899,0.36231884057971003,1.1786038077969099,1.9213174748398998,1.19485294117646,1.8450184501845
6.76953220671075,0.271739130434773,201310,6.226998380686001,6.38540478905359,6.61033797216699,5.23212604667294,2.17189711552541,1.6976595849075202,2.30308387350227,1.8431817061751399,2.57247651107874,0.996376811594194,1.6393442622950603,2.2977941176470495,1.8416206261509902,0.8211678832116899,0.36231884057971003,1.1786038077969099,1.9213174748398998,1.8450184501845
5.67119591404068,0.36363636363636404,201311,6.76953220671075,6.226998380686001,6.38540478905359,6.61033797216699,5.23212604667294,2.17189711552541,1.6976595849075202,2.30308387350227,3.60423322683706,0.271739130434773,0.996376811594194,1.6393442622950603,2.2977941176470495,1.8416206261509902,0.8211678832116899,0.36231884057971003,1.1786038077969099,1.10294117647059
6.970910318876951,0.7299270072992909,201312,5.67119591404068,6.76953220671075,6.226998380686001,6.38540478905359,6.61033797216699,5.23212604667294,2.17189711552541,1.6976595849075202,2.4514407156624998,0.36363636363636404,0.271739130434773,0.996376811594194,1.6393442622950603,2.2977941176470495,1.8416206261509902,0.8211678832116899,0.36231884057971003,1.10701107011068
10.7244695761442,0.181653042688465,201401,6.970910318876951,5.67119591404068,6.76953220671075,6.226998380686001,6.38540478905359,6.61033797216699,5.23212604667294,2.17189711552541,1.87592319054653,0.7299270072992909,0.36363636363636404,0.271739130434773,0.996376811594194,1.6393442622950603,2.2977941176470495,1.8416206261509902,0.8211678832116899,1.19485294117646
12.3977740140334,-0.8976660682226221,201402,10.7244695761442,6.970910318876951,5.67119591404068,6.76953220671075,6.226998380686001,6.38540478905359,6.61033797216699,5.23212604667294,1.8431817061751399,0.181653042688465,0.7299270072992909,0.36363636363636404,0.271739130434773,0.996376811594194,1.6393442622950603,2.2977941176470495,1.8416206261509902,1.9213174748398998
12.3121969951519,-1.0752688172042801,201403,12.3977740140334,10.7244695761442,6.970910318876951,5.67119591404068,6.76953220671075,6.226998380686001,6.38540478905359,6.61033797216699,2.30308387350227,-0.8976660682226221,0.181653042688465,0.7299270072992909,0.36363636363636404,0.271739130434773,0.996376811594194,1.6393442622950603,2.2977941176470495,1.1786038077969099
12.9830655666522,-0.4512635379061479,201404,12.3121969951519,12.3977740140334,10.7244695761442,6.970910318876951,5.67119591404068,6.76953220671075,6.226998380686001,6.38540478905359,1.6976595849075202,-1.0752688172042801,-0.8976660682226221,0.181653042688465,0.7299270072992909,0.36363636363636404,0.271739130434773,0.996376811594194,1.6393442622950603,0.36231884057971003
11.283080156682901,-0.271493212669673,201405,12.9830655666522,12.3121969951519,12.3977740140334,10.7244695761442,6.970910318876951,5.67119591404068,6.76953220671075,6.226998380686001,2.17189711552541,-0.4512635379061479,-1.0752688172042801,-0.8976660682226221,0.181653042688465,0.7299270072992909,0.36363636363636404,0.271739130434773,0.996376811594194,0.8211678832116899
9.746221573520419,-0.5424954792043201,201406,11.283080156682901,12.9830655666522,12.3121969951519,12.3977740140334,10.7244695761442,6.970910318876951,5.67119591404068,6.76953220671075,5.23212604667294,-0.271493212669673,-0.4512635379061479,-1.0752688172042801,-0.8976660682226221,0.181653042688465,0.7299270072992909,0.36363636363636404,0.271739130434773,1.8416206261509902
9.459207459207471,-1.3477088948787002,201407,9.746221573520419,11.283080156682901,12.9830655666522,12.3121969951519,12.3977740140334,10.7244695761442,6.970910318876951,5.67119591404068,6.61033797216699,-0.5424954792043201,-0.271493212669673,-0.4512635379061479,-1.0752688172042801,-0.8976660682226221,0.181653042688465,0.7299270072992909,0.36363636363636404,2.2977941176470495
9.87464467123351,-1.7921146953404998,201408,9.459207459207471,9.746221573520419,11.283080156682901,12.9830655666522,12.3121969951519,12.3977740140334,10.7244695761442,6.970910318876951,6.38540478905359,-1.3477088948787002,-0.5424954792043201,-0.271493212669673,-0.4512635379061479,-1.0752688172042801,-0.8976660682226221,0.181653042688465,0.7299270072992909,1.6393442622950603
9.843865484109381,-1.9730941704035903,201409,9.87464467123351,9.459207459207471,9.746221573520419,11.283080156682901,12.9830655666522,12.3121969951519,12.3977740140334,10.7244695761442,6.226998380686001,-1.7921146953404998,-1.3477088948787002,-0.5424954792043201,-0.271493212669673,-0.4512635379061479,-1.0752688172042801,-0.8976660682226221,0.181653042688465,0.996376811594194
10.0931320823967,-2.07768744354109,201410,9.843865484109381,9.87464467123351,9.459207459207471,9.746221573520419,11.283080156682901,12.9830655666522,12.3121969951519,12.3977740140334,6.76953220671075,-1.9730941704035903,-1.7921146953404998,-1.3477088948787002,-0.5424954792043201,-0.271493212669673,-0.4512635379061479,-1.0752688172042801,-0.8976660682226221,0.271739130434773
8.36259176508138,-2.35507246376812,201411,10.0931320823967,9.843865484109381,9.87464467123351,9.459207459207471,9.746221573520419,11.283080156682901,12.9830655666522,12.3121969951519,5.67119591404068,-2.07768744354109,-1.9730941704035903,-1.7921146953404998,-1.3477088948787002,-0.5424954792043201,-0.271493212669673,-0.4512635379061479,-1.0752688172042801,0.36363636363636404
6.35879859294669,-3.6231884057971,201412,8.36259176508138,10.0931320823967,9.843865484109381,9.87464467123351,9.459207459207471,9.746221573520419,11.283080156682901,12.9830655666522,6.970910318876951,-2.35507246376812,-2.07768744354109,-1.9730941704035903,-1.7921146953404998,-1.3477088948787002,-0.5424954792043201,-0.271493212669673,-0.4512635379061479,0.7299270072992909
3.27804452204279,-5.16772438803263,201501,6.35879859294669,8.36259176508138,10.0931320823967,9.843865484109381,9.87464467123351,9.459207459207471,9.746221573520419,11.283080156682901,10.7244695761442,-3.6231884057971,-2.35507246376812,-2.07768744354109,-1.9730941704035903,-1.7921146953404998,-1.3477088948787002,-0.5424954792043201,-0.271493212669673,0.181653042688465
3.09553536832134,-4.89130434782609,201502,3.27804452204279,6.35879859294669,8.36259176508138,10.0931320823967,9.843865484109381,9.87464467123351,9.459207459207471,9.746221573520419,12.3977740140334,-5.16772438803263,-3.6231884057971,-2.35507246376812,-2.07768744354109,-1.9730941704035903,-1.7921146953404998,-1.3477088948787002,-0.5424954792043201,-0.8976660682226221
3.4148217796392997,-4.43840579710146,201503,3.09553536832134,3.27804452204279,6.35879859294669,8.36259176508138,10.0931320823967,9.843865484109381,9.87464467123351,9.459207459207471,12.3121969951519,-4.89130434782609,-5.16772438803263,-3.6231884057971,-2.35507246376812,-2.07768744354109,-1.9730941704035903,-1.7921146953404998,-1.3477088948787002,-1.0752688172042801
4.7997267059526605,-4.170444242973709,201504,3.4148217796392997,3.09553536832134,3.27804452204279,6.35879859294669,8.36259176508138,10.0931320823967,9.843865484109381,9.87464467123351,12.9830655666522,-4.43840579710146,-4.89130434782609,-5.16772438803263,-3.6231884057971,-2.35507246376812,-2.07768744354109,-1.9730941704035903,-1.7921146953404998,-0.4512635379061479
6.520432692307691,-3.7205081669691604,201505,4.7997267059526605,3.4148217796392997,3.09553536832134,3.27804452204279,6.35879859294669,8.36259176508138,10.0931320823967,9.843865484109381,11.283080156682901,-4.170444242973709,-4.43840579710146,-4.89130434782609,-5.16772438803263,-3.6231884057971,-2.35507246376812,-2.07768744354109,-1.9730941704035903,-0.271493212669673
6.73130550431163,-3.6363636363636402,201506,6.520432692307691,4.7997267059526605,3.4148217796392997,3.09553536832134,3.27804452204279,6.35879859294669,8.36259176508138,10.0931320823967,9.746221573520419,-3.7205081669691604,-4.170444242973709,-4.43840579710146,-4.89130434782609,-5.16772438803263,-3.6231884057971,-2.35507246376812,-2.07768744354109,-0.5424954792043201
5.62204523190938,-3.9162112932604902,201507,6.73130550431163,6.520432692307691,4.7997267059526605,3.4148217796392997,3.09553536832134,3.27804452204279,6.35879859294669,8.36259176508138,9.459207459207471,-3.6363636363636402,-3.7205081669691604,-4.170444242973709,-4.43840579710146,-4.89130434782609,-5.16772438803263,-3.6231884057971,-2.35507246376812,-1.3477088948787002
6.21341928916788,-4.74452554744524,201508,5.62204523190938,6.73130550431163,6.520432692307691,4.7997267059526605,3.4148217796392997,3.09553536832134,3.27804452204279,6.35879859294669,9.87464467123351,-3.9162112932604902,-3.6363636363636402,-3.7205081669691604,-4.170444242973709,-4.43840579710146,-4.89130434782609,-5.16772438803263,-3.6231884057971,-1.7921146953404998
6.92207409899492,-4.75754803293688,201509,6.21341928916788,5.62204523190938,6.73130550431163,6.520432692307691,4.7997267059526605,3.4148217796392997,3.09553536832134,3.27804452204279,9.843865484109381,-4.74452554744524,-3.9162112932604902,-3.6363636363636402,-3.7205081669691604,-4.170444242973709,-4.43840579710146,-4.89130434782609,-5.16772438803263,-1.9730941704035903
5.73821727715966,-4.24354243542436,201510,6.92207409899492,6.21341928916788,5.62204523190938,6.73130550431163,6.520432692307691,4.7997267059526605,3.4148217796392997,3.09553536832134,10.0931320823967,-4.75754803293688,-4.74452554744524,-3.9162112932604902,-3.6363636363636402,-3.7205081669691604,-4.170444242973709,-4.43840579710146,-4.89130434782609,-2.07768744354109
5.25142015569115,-4.08163265306123,201511,5.73821727715966,6.92207409899492,6.21341928916788,5.62204523190938,6.73130550431163,6.520432692307691,4.7997267059526605,3.4148217796392997,8.36259176508138,-4.24354243542436,-4.75754803293688,-4.74452554744524,-3.9162112932604902,-3.6363636363636402,-3.7205081669691604,-4.170444242973709,-4.43840579710146,-2.35507246376812
5.7114993215739505,-3.5714285714285694,201512,5.25142015569115,5.73821727715966,6.92207409899492,6.21341928916788,5.62204523190938,6.73130550431163,6.520432692307691,4.7997267059526605,6.35879859294669,-4.08163265306123,-4.24354243542436,-4.75754803293688,-4.74452554744524,-3.9162112932604902,-3.6363636363636402,-3.7205081669691604,-4.170444242973709,-3.6231884057971
5.94226786695405,-2.39005736137669,201601,5.7114993215739505,5.25142015569115,5.73821727715966,6.92207409899492,6.21341928916788,5.62204523190938,6.73130550431163,6.520432692307691,3.27804452204279,-3.5714285714285694,-4.08163265306123,-4.24354243542436,-4.75754803293688,-4.74452554744524,-3.9162112932604902,-3.6363636363636402,-3.7205081669691604,-5.16772438803263
4.46838720454355,-2.6666666666666696,201602,5.94226786695405,5.7114993215739505,5.25142015569115,5.73821727715966,6.92207409899492,6.21341928916788,5.62204523190938,6.73130550431163,3.09553536832134,-2.39005736137669,-3.5714285714285694,-4.08163265306123,-4.24354243542436,-4.75754803293688,-4.74452554744524,-3.9162112932604902,-3.6363636363636402,-4.89130434782609
3.8021242302764704,-2.4644549763032995,201603,4.46838720454355,5.94226786695405,5.7114993215739505,5.25142015569115,5.73821727715966,6.92207409899492,6.21341928916788,5.62204523190938,3.4148217796392997,-2.6666666666666696,-2.39005736137669,-3.5714285714285694,-4.08163265306123,-4.24354243542436,-4.75754803293688,-4.74452554744524,-3.9162112932604902,-4.43840579710146
2.8726265178062405,-1.98675496688741,201604,3.8021242302764704,4.46838720454355,5.94226786695405,5.7114993215739505,5.25142015569115,5.73821727715966,6.92207409899492,6.21341928916788,4.7997267059526605,-2.4644549763032995,-2.6666666666666696,-2.39005736137669,-3.5714285714285694,-4.08163265306123,-4.24354243542436,-4.75754803293688,-4.74452554744524,-4.170444242973709
3.2480354624219197,-1.9792648444863201,201605,2.8726265178062405,3.8021242302764704,4.46838720454355,5.94226786695405,5.7114993215739505,5.25142015569115,5.73821727715966,6.92207409899492,6.520432692307691,-1.98675496688741,-2.4644549763032995,-2.6666666666666696,-2.39005736137669,-3.5714285714285694,-4.08163265306123,-4.24354243542436,-4.75754803293688,-3.7205081669691604
3.4126537503014602,-1.03773584905659,201606,3.2480354624219197,2.8726265178062405,3.8021242302764704,4.46838720454355,5.94226786695405,5.7114993215739505,5.25142015569115,5.73821727715966,6.73130550431163,-1.9792648444863201,-1.98675496688741,-2.4644549763032995,-2.6666666666666696,-2.39005736137669,-3.5714285714285694,-4.08163265306123,-4.24354243542436,-3.6363636363636402
3.9598370902052404,-0.37914691943128004,201607,3.4126537503014602,3.2480354624219197,2.8726265178062405,3.8021242302764704,4.46838720454355,5.94226786695405,5.7114993215739505,5.25142015569115,5.62204523190938,-1.03773584905659,-1.9792648444863201,-1.98675496688741,-2.4644549763032995,-2.6666666666666696,-2.39005736137669,-3.5714285714285694,-4.08163265306123,-3.9162112932604902
3.0267939144670897,0.766283524904215,201608,3.9598370902052404,3.4126537503014602,3.2480354624219197,2.8726265178062405,3.8021242302764704,4.46838720454355,5.94226786695405,5.7114993215739505,6.21341928916788,-0.37914691943128004,-1.03773584905659,-1.9792648444863201,-1.98675496688741,-2.4644549763032995,-2.6666666666666696,-2.39005736137669,-3.5714285714285694,-4.74452554744524
1.7777777777777701,1.53698366954851,201609,3.0267939144670897,3.9598370902052404,3.4126537503014602,3.2480354624219197,2.8726265178062405,3.8021242302764704,4.46838720454355,5.94226786695405,6.92207409899492,0.766283524904215,-0.37914691943128004,-1.03773584905659,-1.9792648444863201,-1.98675496688741,-2.4644549763032995,-2.6666666666666696,-2.39005736137669,-4.75754803293688
2.8375502482856203,3.37186897880539,201610,1.7777777777777701,3.0267939144670897,3.9598370902052404,3.4126537503014602,3.2480354624219197,2.8726265178062405,3.8021242302764704,4.46838720454355,5.73821727715966,1.53698366954851,0.766283524904215,-0.37914691943128004,-1.03773584905659,-1.9792648444863201,-1.98675496688741,-2.4644549763032995,-2.6666666666666696,-4.24354243542436
6.408667492903691,3.77176015473887,201611,2.8375502482856203,1.7777777777777701,3.0267939144670897,3.9598370902052404,3.4126537503014602,3.2480354624219197,2.8726265178062405,3.8021242302764704,5.25142015569115,3.37186897880539,1.53698366954851,0.766283524904215,-0.37914691943128004,-1.03773584905659,-1.9792648444863201,-1.98675496688741,-2.4644549763032995,-4.08163265306123
9.93943283462355,5.16569200779729,201612,6.408667492903691,2.8375502482856203,1.7777777777777701,3.0267939144670897,3.9598370902052404,3.4126537503014602,3.2480354624219197,2.8726265178062405,5.7114993215739505,3.77176015473887,3.37186897880539,1.53698366954851,0.766283524904215,-0.37914691943128004,-1.03773584905659,-1.9792648444863201,-1.98675496688741,-3.5714285714285694
13.691307296445599,6.75808031341824,201701,9.93943283462355,6.408667492903691,2.8375502482856203,1.7777777777777701,3.0267939144670897,3.9598370902052404,3.4126537503014602,3.2480354624219197,5.94226786695405,5.16569200779729,3.77176015473887,3.37186897880539,1.53698366954851,0.766283524904215,-0.37914691943128004,-1.03773584905659,-1.9792648444863201,-2.39005736137669
15.3621682123441,7.045009784735821,201702,13.691307296445599,9.93943283462355,6.408667492903691,2.8375502482856203,1.7777777777777701,3.0267939144670897,3.9598370902052404,3.4126537503014602,4.46838720454355,6.75808031341824,5.16569200779729,3.77176015473887,3.37186897880539,1.53698366954851,0.766283524904215,-0.37914691943128004,-1.03773584905659,-2.6666666666666696
16.0887048612493,6.511175898930969,201703,15.3621682123441,13.691307296445599,9.93943283462355,6.408667492903691,2.8375502482856203,1.7777777777777701,3.0267939144670897,3.9598370902052404,3.8021242302764704,7.045009784735821,6.75808031341824,5.16569200779729,3.77176015473887,3.37186897880539,1.53698366954851,0.766283524904215,-0.37914691943128004,-2.4644549763032995
16.3663009466471,5.88803088803088,201704,16.0887048612493,15.3621682123441,13.691307296445599,9.93943283462355,6.408667492903691,2.8375502482856203,1.7777777777777701,3.0267939144670897,2.8726265178062405,6.511175898930969,7.045009784735821,6.75808031341824,5.16569200779729,3.77176015473887,3.37186897880539,1.53698366954851,0.766283524904215,-1.98675496688741
15.260918777565301,5.28846153846153,201705,16.3663009466471,16.0887048612493,15.3621682123441,13.691307296445599,9.93943283462355,6.408667492903691,2.8375502482856203,1.7777777777777701,3.2480354624219197,5.88803088803088,6.511175898930969,7.045009784735821,6.75808031341824,5.16569200779729,3.77176015473887,3.37186897880539,1.53698366954851,-1.9792648444863201
14.8676487736619,4.09914204003812,201706,15.260918777565301,16.3663009466471,16.0887048612493,15.3621682123441,13.691307296445599,9.93943283462355,6.408667492903691,2.8375502482856203,3.4126537503014602,5.28846153846153,5.88803088803088,6.511175898930969,7.045009784735821,6.75808031341824,5.16569200779729,3.77176015473887,3.37186897880539,-1.03773584905659
15.453240758698302,4.18648905803997,201707,14.8676487736619,15.260918777565301,16.3663009466471,16.0887048612493,15.3621682123441,13.691307296445599,9.93943283462355,6.408667492903691,3.9598370902052404,4.09914204003812,5.28846153846153,5.88803088803088,6.511175898930969,7.045009784735821,6.75808031341824,5.16569200779729,3.77176015473887,-0.37914691943128004
16.3443277392349,4.75285171102662,201708,15.453240758698302,14.8676487736619,15.260918777565301,16.3663009466471,16.0887048612493,15.3621682123441,13.691307296445599,9.93943283462355,3.0267939144670897,4.18648905803997,4.09914204003812,5.28846153846153,5.88803088803088,6.511175898930969,7.045009784735821,6.75808031341824,5.16569200779729,0.766283524904215
16.2808671793485,4.91958372753075,201709,16.3443277392349,15.453240758698302,14.8676487736619,15.260918777565301,16.3663009466471,16.0887048612493,15.3621682123441,13.691307296445599,1.7777777777777701,4.75285171102662,4.18648905803997,4.09914204003812,5.28846153846153,5.88803088803088,6.511175898930969,7.045009784735821,6.75808031341824,1.53698366954851
17.2836667433127,3.72786579683132,201710,16.2808671793485,16.3443277392349,15.453240758698302,14.8676487736619,15.260918777565301,16.3663009466471,16.0887048612493,15.3621682123441,2.8375502482856203,4.91958372753075,4.75285171102662,4.18648905803997,4.09914204003812,5.28846153846153,5.88803088803088,6.511175898930969,7.045009784735821,3.37186897880539
17.3016230838593,4.28704566635602,201711,17.2836667433127,16.2808671793485,16.3443277392349,15.453240758698302,14.8676487736619,15.260918777565301,16.3663009466471,16.0887048612493,6.408667492903691,3.72786579683132,4.91958372753075,4.75285171102662,4.18648905803997,4.09914204003812,5.28846153846153,5.88803088803088,6.511175898930969,3.77176015473887
15.4657229377212,3.9851714550509705,201712,17.3016230838593,17.2836667433127,16.2808671793485,16.3443277392349,15.453240758698302,14.8676487736619,15.260918777565301,16.3663009466471,9.93943283462355,4.28704566635602,3.72786579683132,4.91958372753075,4.75285171102662,4.18648905803997,4.09914204003812,5.28846153846153,5.88803088803088,5.16569200779729
12.144285764412801,3.30275229357796,201801,15.4657229377212,17.3016230838593,17.2836667433127,16.2808671793485,16.3443277392349,15.453240758698302,14.8676487736619,15.260918777565301,13.691307296445599,3.9851714550509705,4.28704566635602,3.72786579683132,4.91958372753075,4.75285171102662,4.18648905803997,4.09914204003812,5.28846153846153,6.75808031341824
13.7149589382862,2.9250457038391,201802,12.144285764412801,15.4657229377212,17.3016230838593,17.2836667433127,16.2808671793485,16.3443277392349,15.453240758698302,14.8676487736619,15.3621682123441,3.30275229357796,3.9851714550509705,4.28704566635602,3.72786579683132,4.91958372753075,4.75285171102662,4.18648905803997,4.09914204003812,7.045009784735821
14.277385280197501,2.9197080291970803,201803,13.7149589382862,12.144285764412801,15.4657229377212,17.3016230838593,17.2836667433127,16.2808671793485,16.3443277392349,15.453240758698302,16.0887048612493,2.9250457038391,3.30275229357796,3.9851714550509705,4.28704566635602,3.72786579683132,4.91958372753075,4.75285171102662,4.18648905803997,6.511175898930969
16.3688348820586,3.55515041020966,201804,14.277385280197501,13.7149589382862,12.144285764412801,15.4657229377212,17.3016230838593,17.2836667433127,16.2808671793485,16.3443277392349,16.3663009466471,2.9197080291970803,2.9250457038391,3.30275229357796,3.9851714550509705,4.28704566635602,3.72786579683132,4.91958372753075,4.75285171102662,5.88803088803088
20.161863804138,4.93150684931507,201805,16.3688348820586,14.277385280197501,13.7149589382862,12.144285764412801,15.4657229377212,17.3016230838593,17.2836667433127,16.2808671793485,15.260918777565301,3.55515041020966,2.9197080291970803,2.9250457038391,3.30275229357796,3.9851714550509705,4.28704566635602,3.72786579683132,4.91958372753075,5.28846153846153
23.714131023281002,5.677655677655681,201806,20.161863804138,16.3688348820586,14.277385280197501,13.7149589382862,12.144285764412801,15.4657229377212,17.3016230838593,17.2836667433127,14.8676487736619,4.93150684931507,3.55515041020966,2.9197080291970803,2.9250457038391,3.30275229357796,3.9851714550509705,4.28704566635602,3.72786579683132,4.09914204003812
24.999160087350898,5.29680365296804,201807,23.714131023281002,20.161863804138,16.3688348820586,14.277385280197501,13.7149589382862,12.144285764412801,15.4657229377212,17.3016230838593,15.453240758698302,5.677655677655681,4.93150684931507,3.55515041020966,2.9197080291970803,2.9250457038391,3.30275229357796,3.9851714550509705,4.28704566635602,4.18648905803997
32.127390232527105,4.99092558983666,201808,24.999160087350898,23.714131023281002,20.161863804138,16.3688348820586,14.277385280197501,13.7149589382862,12.144285764412801,15.4657229377212,16.3443277392349,5.29680365296804,5.677655677655681,4.93150684931507,3.55515041020966,2.9197080291970803,2.9250457038391,3.30275229357796,3.9851714550509705,4.75285171102662
46.1548687271519,4.959422903516701,201809,32.127390232527105,24.999160087350898,23.714131023281002,20.161863804138,16.3688348820586,14.277385280197501,13.7149589382862,12.144285764412801,16.2808671793485,4.99092558983666,5.29680365296804,5.677655677655681,4.93150684931507,3.55515041020966,2.9197080291970803,2.9250457038391,3.30275229357796,4.91958372753075
45.007188602797,5.30098831985626,201810,46.1548687271519,32.127390232527105,24.999160087350898,23.714131023281002,20.161863804138,16.3688348820586,14.277385280197501,13.7149589382862,17.2836667433127,4.959422903516701,4.99092558983666,5.29680365296804,5.677655677655681,4.93150684931507,3.55515041020966,2.9197080291970803,2.9250457038391,3.72786579683132
38.544569360366395,4.28954423592494,201811,45.007188602797,46.1548687271519,32.127390232527105,24.999160087350898,23.714131023281002,20.161863804138,16.3688348820586,14.277385280197501,17.3016230838593,5.30098831985626,4.959422903516701,4.99092558983666,5.29680365296804,5.677655677655681,4.93150684931507,3.55515041020966,2.9197080291970803,4.28704566635602
33.638776541961604,3.2085561497326,201812,38.544569360366395,45.007188602797,46.1548687271519,32.127390232527105,24.999160087350898,23.714131023281002,20.161863804138,16.3688348820586,15.4657229377212,4.28954423592494,5.30098831985626,4.959422903516701,4.99092558983666,5.29680365296804,5.677655677655681,4.93150684931507,3.55515041020966,3.9851714550509705
