Date,TRY,GBP,TRY-1,TRY-2,TRY-3,TRY-6,TRY-12,GBP-1,GBP-2,GBP-3,GBP-6,GBP-12
200001,0.5448025,0.6096070658281321,,,,,,,,,,
200002,0.5630395238095239,0.624778033470486,0.5448025,,,,,0.6096070658281321,,,,
200003,0.580068695652174,0.632357416916227,0.5630395238095239,0.5448025,,,,0.624778033470486,0.6096070658281321,,,
200004,0.59540625,0.632210194335299,0.580068695652174,0.5630395238095239,0.5448025,,,0.632357416916227,0.624778033470486,0.6096070658281321,,
200005,0.6173652173913039,0.662591591549789,0.59540625,0.580068695652174,0.5630395238095239,,,0.632210194335299,0.632357416916227,0.624778033470486,,
200006,0.615869772727273,0.6618938188559189,0.6173652173913039,0.59540625,0.580068695652174,,,0.662591591549789,0.632210194335299,0.632357416916227,,
200007,0.6272771428571429,0.6628430088808929,0.615869772727273,0.6173652173913039,0.59540625,0.5448025,,0.6618938188559189,0.662591591549789,0.632210194335299,0.6096070658281321,
200008,0.645087608695652,0.67171635553722,0.6272771428571429,0.615869772727273,0.6173652173913039,0.5630395238095239,,0.6628430088808929,0.6618938188559189,0.662591591549789,0.624778033470486,
200009,0.66452025,0.697577341307164,0.645087608695652,0.6272771428571429,0.615869772727273,0.580068695652174,,0.67171635553722,0.6628430088808929,0.6618938188559189,0.632357416916227,
200010,0.676761136363636,0.688969358010187,0.66452025,0.645087608695652,0.6272771428571429,0.59540625,,0.697577341307164,0.67171635553722,0.6628430088808929,0.632210194335299,
200011,0.6840572727272729,0.700311340961815,0.676761136363636,0.66452025,0.645087608695652,0.6173652173913039,,0.688969358010187,0.697577341307164,0.67171635553722,0.662591591549789,
200012,0.67764825,0.681995987369811,0.6840572727272729,0.676761136363636,0.66452025,0.615869772727273,,0.700311340961815,0.688969358010187,0.697577341307164,0.6618938188559189,
200101,0.6709612727272729,0.676888065510391,0.67764825,0.6840572727272729,0.676761136363636,0.6272771428571429,0.5448025,0.681995987369811,0.700311340961815,0.688969358010187,0.6628430088808929,0.6096070658281321
200102,0.75282375,0.688367915488735,0.6709612727272729,0.67764825,0.6840572727272729,0.645087608695652,0.5630395238095239,0.676888065510391,0.681995987369811,0.700311340961815,0.67171635553722,0.624778033470486
200103,0.959027272727273,0.692499198944359,0.75282375,0.6709612727272729,0.67764825,0.66452025,0.580068695652174,0.688367915488735,0.676888065510391,0.681995987369811,0.697577341307164,0.632357416916227
200104,1.214425,0.69654137273442,0.959027272727273,0.75282375,0.6709612727272729,0.676761136363636,0.59540625,0.692499198944359,0.688367915488735,0.676888065510391,0.688969358010187,0.632210194335299
200105,1.1392152173913002,0.700808435361666,1.214425,0.959027272727273,0.75282375,0.6840572727272729,0.6173652173913039,0.69654137273442,0.692499198944359,0.688367915488735,0.700311340961815,0.662591591549789
200106,1.21883333333333,0.712875556514149,1.1392152173913002,1.214425,0.959027272727273,0.67764825,0.615869772727273,0.700808435361666,0.69654137273442,0.692499198944359,0.681995987369811,0.6618938188559189
200107,1.32375,0.706541683014876,1.21883333333333,1.1392152173913002,1.214425,0.6709612727272729,0.6272771428571429,0.712875556514149,0.700808435361666,0.69654137273442,0.676888065510391,0.6628430088808929
200108,1.3998043478260902,0.695362464298501,1.32375,1.21883333333333,1.1392152173913002,0.75282375,0.645087608695652,0.706541683014876,0.712875556514149,0.700808435361666,0.688367915488735,0.67171635553722
200109,1.473325,0.6825601792521961,1.3998043478260902,1.32375,1.21883333333333,0.959027272727273,0.66452025,0.695362464298501,0.706541683014876,0.712875556514149,0.692499198944359,0.697577341307164
200110,1.6065,0.6889161445160981,1.473325,1.3998043478260902,1.32375,1.214425,0.676761136363636,0.6825601792521961,0.695362464298501,0.706541683014876,0.69654137273442,0.688969358010187
200111,1.5253636363636398,0.69644000117604,1.6065,1.473325,1.3998043478260902,1.1392152173913002,0.6840572727272729,0.6889161445160981,0.6825601792521961,0.695362464298501,0.700808435361666,0.700311340961815
200112,1.45519444444444,0.693669387909886,1.5253636363636398,1.6065,1.473325,1.21883333333333,0.67764825,0.69644000117604,0.6889161445160981,0.6825601792521961,0.712875556514149,0.681995987369811
200201,1.37477272727273,0.6984069437571471,1.45519444444444,1.5253636363636398,1.6065,1.32375,0.6709612727272729,0.693669387909886,0.69644000117604,0.6889161445160981,0.706541683014876,0.676888065510391
200202,1.360225,0.702448419578316,1.37477272727273,1.45519444444444,1.5253636363636398,1.3998043478260902,0.75282375,0.6984069437571471,0.693669387909886,0.69644000117604,0.695362464298501,0.688367915488735
200203,1.3612380952381,0.7024983235274901,1.360225,1.37477272727273,1.45519444444444,1.473325,0.959027272727273,0.702448419578316,0.6984069437571471,0.693669387909886,0.6825601792521961,0.692499198944359
200204,1.3242045454545501,0.692691020073323,1.3612380952381,1.360225,1.37477272727273,1.6065,1.214425,0.7024983235274901,0.702448419578316,0.6984069437571471,0.6889161445160981,0.69654137273442
200205,1.39789130434783,0.684997868577231,1.3242045454545501,1.3612380952381,1.360225,1.5253636363636398,1.1392152173913002,0.692691020073323,0.7024983235274901,0.702448419578316,0.69644000117604,0.700808435361666
200206,1.5293,0.673375597464352,1.39789130434783,1.3242045454545501,1.3612380952381,1.45519444444444,1.21883333333333,0.684997868577231,0.692691020073323,0.7024983235274901,0.693669387909886,0.712875556514149
200207,1.6579021739130402,0.642369831032046,1.5293,1.39789130434783,1.3242045454545501,1.37477272727273,1.32375,0.673375597464352,0.684997868577231,0.692691020073323,0.6984069437571471,0.706541683014876
200208,1.6435,0.650471811671364,1.6579021739130402,1.5293,1.39789130434783,1.360225,1.3998043478260902,0.642369831032046,0.673375597464352,0.684997868577231,0.702448419578316,0.695362464298501
200209,1.65434128571429,0.642425758622161,1.6435,1.6579021739130402,1.5293,1.3612380952381,1.473325,0.650471811671364,0.642369831032046,0.673375597464352,0.7024983235274901,0.6825601792521961
200210,1.6560558260869598,0.6420597245430679,1.65434128571429,1.6435,1.6579021739130402,1.3242045454545501,1.6065,0.642425758622161,0.650471811671364,0.642369831032046,0.692691020073323,0.6889161445160981
200211,1.6095225714285701,0.6363967293786271,1.6560558260869598,1.65434128571429,1.6435,1.39789130434783,1.5253636363636398,0.6420597245430679,0.642425758622161,0.650471811671364,0.684997868577231,0.69644000117604
200212,1.57915294736842,0.630365370196333,1.6095225714285701,1.6560558260869598,1.65434128571429,1.5293,1.45519444444444,0.6363967293786271,0.6420597245430679,0.642425758622161,0.673375597464352,0.693669387909886
200301,1.6632743181818201,0.6178942535438771,1.57915294736842,1.6095225714285701,1.6560558260869598,1.6579021739130402,1.37477272727273,0.630365370196333,0.6363967293786271,0.6420597245430679,0.642369831032046,0.6984069437571471
200302,1.63141175,0.622041762524343,1.6632743181818201,1.57915294736842,1.6095225714285701,1.6435,1.360225,0.6178942535438771,0.630365370196333,0.6363967293786271,0.650471811671364,0.702448419578316
200303,1.6631600952381,0.631704720669103,1.63141175,1.6632743181818201,1.57915294736842,1.65434128571429,1.3612380952381,0.622041762524343,0.6178942535438771,0.630365370196333,0.642425758622161,0.7024983235274901
200304,1.6293678181818203,0.634901450416223,1.6631600952381,1.63141175,1.6632743181818201,1.6560558260869598,1.3242045454545501,0.631704720669103,0.622041762524343,0.6178942535438771,0.6420597245430679,0.692691020073323
200305,1.49221659090909,0.616385258933644,1.6293678181818203,1.6631600952381,1.63141175,1.6095225714285701,1.39789130434783,0.634901450416223,0.631704720669103,0.622041762524343,0.6363967293786271,0.684997868577231
200306,1.4267104285714298,0.602220489584985,1.49221659090909,1.6293678181818203,1.6631600952381,1.57915294736842,1.5293,0.616385258933644,0.634901450416223,0.631704720669103,0.630365370196333,0.673375597464352
200307,1.4035157826087001,0.616165309071559,1.4267104285714298,1.49221659090909,1.6293678181818203,1.6632743181818201,1.6579021739130402,0.602220489584985,0.616385258933644,0.634901450416223,0.6178942535438771,0.642369831032046
200308,1.40480461904762,0.627493431444005,1.4035157826087001,1.4267104285714298,1.49221659090909,1.63141175,1.6435,0.616165309071559,0.602220489584985,0.616385258933644,0.622041762524343,0.650471811671364
200309,1.3769003636363601,0.6198700453339101,1.40480461904762,1.4035157826087001,1.4267104285714298,1.6631600952381,1.65434128571429,0.627493431444005,0.616165309071559,0.602220489584985,0.631704720669103,0.642425758622161
200310,1.43204926086957,0.595976322374027,1.3769003636363601,1.40480461904762,1.4035157826087001,1.6293678181818203,1.6560558260869598,0.6198700453339101,0.627493431444005,0.616165309071559,0.634901450416223,0.6420597245430679
200311,1.47251695,0.591717061095713,1.43204926086957,1.3769003636363601,1.40480461904762,1.49221659090909,1.6095225714285701,0.595976322374027,0.6198700453339101,0.627493431444005,0.616385258933644,0.6363967293786271
200312,1.43457104761905,0.570976102571058,1.47251695,1.43204926086957,1.3769003636363601,1.4267104285714298,1.57915294736842,0.591717061095713,0.595976322374027,0.6198700453339101,0.602220489584985,0.630365370196333
200401,1.34825223809524,0.548156636379759,1.43457104761905,1.47251695,1.43204926086957,1.4035157826087001,1.6632743181818201,0.570976102571058,0.591717061095713,0.595976322374027,0.616165309071559,0.6178942535438771
200402,1.3298716,0.535325437368056,1.34825223809524,1.43457104761905,1.47251695,1.40480461904762,1.63141175,0.548156636379759,0.570976102571058,0.591717061095713,0.627493431444005,0.622041762524343
200403,1.31987295652174,0.547068047824086,1.3298716,1.34825223809524,1.43457104761905,1.3769003636363601,1.6631600952381,0.535325437368056,0.548156636379759,0.570976102571058,0.6198700453339101,0.631704720669103
200404,1.3598413636363602,0.554118943319192,1.31987295652174,1.3298716,1.34825223809524,1.43204926086957,1.6293678181818203,0.547068047824086,0.535325437368056,0.548156636379759,0.595976322374027,0.634901450416223
200405,1.51092338095238,0.559053109128785,1.3598413636363602,1.31987295652174,1.3298716,1.47251695,1.49221659090909,0.554118943319192,0.547068047824086,0.535325437368056,0.591717061095713,0.616385258933644
200406,1.4936254999999998,0.546650992988524,1.51092338095238,1.3598413636363602,1.31987295652174,1.43457104761905,1.4267104285714298,0.559053109128785,0.554118943319192,0.547068047824086,0.570976102571058,0.602220489584985
200407,1.4563381363636398,0.542411944511248,1.4936254999999998,1.51092338095238,1.3598413636363602,1.34825223809524,1.4035157826087001,0.546650992988524,0.559053109128785,0.554118943319192,0.548156636379759,0.616165309071559
200408,1.4798354999999999,0.549680897540124,1.4563381363636398,1.4936254999999998,1.51092338095238,1.3298716,1.40480461904762,0.542411944511248,0.546650992988524,0.559053109128785,0.535325437368056,0.627493431444005
200409,1.49765909090909,0.5577996874777371,1.4798354999999999,1.4563381363636398,1.4936254999999998,1.31987295652174,1.3769003636363601,0.549680897540124,0.542411944511248,0.546650992988524,0.547068047824086,0.6198700453339101
200410,1.4827809523809499,0.5530845956085041,1.49765909090909,1.4798354999999999,1.4563381363636398,1.3598413636363602,1.43204926086957,0.5577996874777371,0.549680897540124,0.542411944511248,0.554118943319192,0.595976322374027
200411,1.4435136363636398,0.5374726866506561,1.4827809523809499,1.49765909090909,1.4798354999999999,1.51092338095238,1.47251695,0.5530845956085041,0.5577996874777371,0.549680897540124,0.559053109128785,0.591717061095713
200412,1.3894304347826103,0.518143251987123,1.4435136363636398,1.4827809523809499,1.49765909090909,1.4936254999999998,1.43457104761905,0.5374726866506561,0.5530845956085041,0.5577996874777371,0.546650992988524,0.570976102571058
200501,1.34841904761905,0.532370363892579,1.3894304347826103,1.4435136363636398,1.4827809523809499,1.4563381363636398,1.34825223809524,0.518143251987123,0.5374726866506561,0.5530845956085041,0.542411944511248,0.548156636379759
200502,1.307605,0.529457001446766,1.34841904761905,1.3894304347826103,1.4435136363636398,1.4798354999999999,1.3298716,0.532370363892579,0.518143251987123,0.5374726866506561,0.549680897540124,0.535325437368056
200503,1.3079,0.5253117718549051,1.307605,1.34841904761905,1.3894304347826103,1.49765909090909,1.31987295652174,0.529457001446766,0.532370363892579,0.518143251987123,0.5577996874777371,0.547068047824086
200504,1.35485714285714,0.527329880508339,1.3079,1.307605,1.34841904761905,1.4827809523809499,1.3598413636363602,0.5253117718549051,0.529457001446766,0.532370363892579,0.5530845956085041,0.554118943319192
200505,1.3640181818181798,0.5395472867276829,1.35485714285714,1.3079,1.307605,1.4435136363636398,1.51092338095238,0.527329880508339,0.5253117718549051,0.529457001446766,0.5374726866506561,0.559053109128785
200506,1.3537136363636397,0.550150192815054,1.3640181818181798,1.35485714285714,1.3079,1.3894304347826103,1.4936254999999998,0.5395472867276829,0.527329880508339,0.5253117718549051,0.518143251987123,0.546650992988524
200507,1.335425,0.5708505533841889,1.3537136363636397,1.3640181818181798,1.35485714285714,1.34841904761905,1.4563381363636398,0.550150192815054,0.5395472867276829,0.527329880508339,0.532370363892579,0.542411944511248
200508,1.3397347826087,0.5572113543852231,1.335425,1.3537136363636397,1.3640181818181798,1.307605,1.4798354999999999,0.5708505533841889,0.550150192815054,0.5395472867276829,0.529457001446766,0.549680897540124
200509,1.3342681818181799,0.553263798925442,1.3397347826087,1.335425,1.3537136363636397,1.3079,1.49765909090909,0.5572113543852231,0.5708505533841889,0.550150192815054,0.5253117718549051,0.5577996874777371
200510,1.3511761904761899,0.5665063888884809,1.3342681818181799,1.3397347826087,1.335425,1.35485714285714,1.4827809523809499,0.553263798925442,0.5572113543852231,0.5708505533841889,0.527329880508339,0.5530845956085041
200511,1.3531181818181799,0.57626120466254,1.3511761904761899,1.3342681818181799,1.3397347826087,1.3640181818181798,1.4435136363636398,0.5665063888884809,0.553263798925442,0.5572113543852231,0.5395472867276829,0.5374726866506561
200512,1.3453363636363602,0.572976295417614,1.3531181818181799,1.3511761904761899,1.3342681818181799,1.3537136363636397,1.3894304347826103,0.57626120466254,0.5665063888884809,0.553263798925442,0.550150192815054,0.518143251987123
200601,1.32686363636364,0.566170651749906,1.3453363636363602,1.3531181818181799,1.3511761904761899,1.335425,1.34841904761905,0.572976295417614,0.57626120466254,0.5665063888884809,0.5708505533841889,0.532370363892579
200602,1.319445,0.572171274138151,1.32686363636364,1.3453363636363602,1.3531181818181799,1.3397347826087,1.307605,0.566170651749906,0.572976295417614,0.57626120466254,0.5572113543852231,0.529457001446766
200603,1.33027826086957,0.5732636993763339,1.319445,1.32686363636364,1.3453363636363602,1.3342681818181799,1.3079,0.572171274138151,0.566170651749906,0.572976295417614,0.553263798925442,0.5253117718549051
200604,1.32961,0.565528021149806,1.33027826086957,1.319445,1.32686363636364,1.3511761904761899,1.35485714285714,0.5732636993763339,0.572171274138151,0.566170651749906,0.5665063888884809,0.527329880508339
200605,1.42769130434783,0.534831175484986,1.32961,1.33027826086957,1.319445,1.3531181818181799,1.3640181818181798,0.565528021149806,0.5732636993763339,0.572171274138151,0.57626120466254,0.5395472867276829
200606,1.5973727272727298,0.5425667824125461,1.42769130434783,1.32961,1.33027826086957,1.3453363636363602,1.3537136363636397,0.534831175484986,0.565528021149806,0.5732636993763339,0.572976295417614,0.550150192815054
200607,1.5465619047619,0.542089446923591,1.5973727272727298,1.42769130434783,1.32961,1.32686363636364,1.335425,0.5425667824125461,0.534831175484986,0.565528021149806,0.566170651749906,0.5708505533841889
200608,1.4601173913043501,0.52816588449313,1.5465619047619,1.5973727272727298,1.42769130434783,1.319445,1.3397347826087,0.542089446923591,0.5425667824125461,0.534831175484986,0.572171274138151,0.5572113543852231
200609,1.47449047619048,0.530316781346044,1.4601173913043501,1.5465619047619,1.5973727272727298,1.33027826086957,1.3342681818181799,0.52816588449313,0.542089446923591,0.5425667824125461,0.5732636993763339,0.553263798925442
200610,1.4699818181818203,0.5329114395161,1.47449047619048,1.4601173913043501,1.5465619047619,1.32961,1.3511761904761899,0.530316781346044,0.52816588449313,0.542089446923591,0.565528021149806,0.5665063888884809
200611,1.45065,0.5229715169939461,1.4699818181818203,1.47449047619048,1.4601173913043501,1.42769130434783,1.3531181818181799,0.5329114395161,0.530316781346044,0.52816588449313,0.534831175484986,0.57626120466254
200612,1.42639047619048,0.509598361184803,1.45065,1.4699818181818203,1.47449047619048,1.5973727272727298,1.3453363636363602,0.5229715169939461,0.5329114395161,0.530316781346044,0.5425667824125461,0.572976295417614
200701,1.4186826086956499,0.5104401266832891,1.42639047619048,1.45065,1.4699818181818203,1.5465619047619,1.32686363636364,0.509598361184803,0.5229715169939461,0.5329114395161,0.542089446923591,0.566170651749906
200702,1.39022,0.5105614109878069,1.4186826086956499,1.42639047619048,1.45065,1.4601173913043501,1.319445,0.5104401266832891,0.509598361184803,0.5229715169939461,0.52816588449313,0.572171274138151
200703,1.4013727272727299,0.513406735053795,1.39022,1.4186826086956499,1.42639047619048,1.47449047619048,1.33027826086957,0.5105614109878069,0.5104401266832891,0.509598361184803,0.530316781346044,0.5732636993763339
200704,1.35342857142857,0.503143420018579,1.4013727272727299,1.39022,1.4186826086956499,1.4699818181818203,1.32961,0.513406735053795,0.5105614109878069,0.5104401266832891,0.5329114395161,0.565528021149806
200705,1.33083913043478,0.504178046112682,1.35342857142857,1.4013727272727299,1.39022,1.45065,1.42769130434783,0.503143420018579,0.513406735053795,0.5105614109878069,0.5229715169939461,0.534831175484986
200706,1.31460476190476,0.503246808730172,1.33083913043478,1.35342857142857,1.4013727272727299,1.42639047619048,1.5973727272727298,0.504178046112682,0.503143420018579,0.513406735053795,0.509598361184803,0.5425667824125461
200707,1.2746090909090901,0.4916043508816571,1.31460476190476,1.33083913043478,1.35342857142857,1.4186826086956499,1.5465619047619,0.503246808730172,0.504178046112682,0.503143420018579,0.5104401266832891,0.542089446923591
200708,1.30600869565217,0.49724512874675497,1.2746090909090901,1.31460476190476,1.33083913043478,1.39022,1.4601173913043501,0.4916043508816571,0.503246808730172,0.504178046112682,0.5105614109878069,0.52816588449313
200709,1.256975,0.49536504938039294,1.30600869565217,1.2746090909090901,1.31460476190476,1.4013727272727299,1.47449047619048,0.49724512874675497,0.4916043508816571,0.503246808730172,0.513406735053795,0.530316781346044
200710,1.1938347826087,0.48911539092894607,1.256975,1.30600869565217,1.2746090909090901,1.35342857142857,1.4699818181818203,0.49536504938039294,0.49724512874675497,0.4916043508816571,0.503143420018579,0.5329114395161
200711,1.18474090909091,0.48266628184567495,1.1938347826087,1.256975,1.30600869565217,1.33083913043478,1.45065,0.48911539092894607,0.49536504938039294,0.49724512874675497,0.504178046112682,0.5229715169939461
200712,1.17330952380952,0.496004636407058,1.18474090909091,1.1938347826087,1.256975,1.31460476190476,1.42639047619048,0.48266628184567495,0.48911539092894607,0.49536504938039294,0.503246808730172,0.509598361184803
200801,1.17047391304348,0.507551020387508,1.17330952380952,1.18474090909091,1.1938347826087,1.2746090909090901,1.4186826086956499,0.496004636407058,0.48266628184567495,0.48911539092894607,0.4916043508816571,0.5104401266832891
200802,1.1892476190476202,0.509391905953094,1.17047391304348,1.17330952380952,1.18474090909091,1.30600869565217,1.39022,0.507551020387508,0.496004636407058,0.48266628184567495,0.49724512874675497,0.5105614109878069
200803,1.23789047619048,0.49978349969905295,1.1892476190476202,1.17047391304348,1.17330952380952,1.256975,1.4013727272727299,0.509391905953094,0.507551020387508,0.496004636407058,0.49536504938039294,0.513406735053795
200804,1.29549545454545,0.504574935684339,1.23789047619048,1.1892476190476202,1.17047391304348,1.1938347826087,1.35342857142857,0.49978349969905295,0.509391905953094,0.507551020387508,0.48911539092894607,0.503143420018579
200805,1.2427363636363602,0.508590909090909,1.29549545454545,1.23789047619048,1.1892476190476202,1.18474090909091,1.33083913043478,0.504574935684339,0.49978349969905295,0.509391905953094,0.48266628184567495,0.504178046112682
200806,1.22836666666667,0.508952380952381,1.2427363636363602,1.29549545454545,1.23789047619048,1.17330952380952,1.31460476190476,0.508590909090909,0.504574935684339,0.49978349969905295,0.496004636407058,0.503246808730172
200807,1.20724782608696,0.503173913043478,1.22836666666667,1.2427363636363602,1.29549545454545,1.17047391304348,1.2746090909090901,0.508952380952381,0.508590909090909,0.504574935684339,0.507551020387508,0.4916043508816571
200808,1.17353333333333,0.5305714285714289,1.20724782608696,1.22836666666667,1.2427363636363602,1.1892476190476202,1.30600869565217,0.503173913043478,0.508952380952381,0.508590909090909,0.509391905953094,0.49724512874675497
200809,1.2323181818181799,0.5565909090909089,1.17353333333333,1.20724782608696,1.22836666666667,1.23789047619048,1.256975,0.5305714285714289,0.503173913043478,0.508952380952381,0.49978349969905295,0.49536504938039294
200810,1.47882173913043,0.592826086956522,1.2323181818181799,1.17353333333333,1.20724782608696,1.29549545454545,1.1938347826087,0.5565909090909089,0.5305714285714289,0.503173913043478,0.504574935684339,0.48911539092894607
200811,1.587955,0.65335,1.47882173913043,1.2323181818181799,1.17353333333333,1.2427363636363602,1.18474090909091,0.592826086956522,0.5565909090909089,0.5305714285714289,0.508590909090909,0.48266628184567495
200812,1.5412521739130403,0.6729999999999999,1.587955,1.47882173913043,1.2323181818181799,1.22836666666667,1.17330952380952,0.65335,0.592826086956522,0.5565909090909089,0.508952380952381,0.496004636407058
200901,1.59463571428571,0.6919,1.5412521739130403,1.587955,1.47882173913043,1.20724782608696,1.17047391304348,0.6729999999999999,0.65335,0.592826086956522,0.503173913043478,0.507551020387508
200902,1.6550049999999998,0.69405,1.59463571428571,1.5412521739130403,1.587955,1.17353333333333,1.1892476190476202,0.6919,0.6729999999999999,0.65335,0.5305714285714289,0.509391905953094
200903,1.7041181818181799,0.705772727272727,1.6550049999999998,1.59463571428571,1.5412521739130403,1.2323181818181799,1.23789047619048,0.69405,0.6919,0.6729999999999999,0.5565909090909089,0.49978349969905295
200904,1.60034090909091,0.679636363636364,1.7041181818181799,1.6550049999999998,1.59463571428571,1.47882173913043,1.29549545454545,0.705772727272727,0.69405,0.6919,0.592826086956522,0.504574935684339
200905,1.5511238095238102,0.647952380952381,1.60034090909091,1.7041181818181799,1.6550049999999998,1.587955,1.2427363636363602,0.679636363636364,0.705772727272727,0.69405,0.65335,0.508590909090909
200906,1.53935,0.610931818181818,1.5511238095238102,1.60034090909091,1.7041181818181799,1.5412521739130403,1.22836666666667,0.647952380952381,0.679636363636364,0.705772727272727,0.6729999999999999,0.508952380952381
200907,1.51127391304348,0.6106521739130429,1.53935,1.5511238095238102,1.60034090909091,1.59463571428571,1.20724782608696,0.610931818181818,0.647952380952381,0.679636363636364,0.6919,0.503173913043478
200908,1.48048571428571,0.605,1.51127391304348,1.53935,1.5511238095238102,1.6550049999999998,1.17353333333333,0.6106521739130429,0.610931818181818,0.647952380952381,0.69405,0.5305714285714289
200909,1.4828363636363602,0.6129090909090911,1.48048571428571,1.51127391304348,1.53935,1.7041181818181799,1.2323181818181799,0.605,0.6106521739130429,0.610931818181818,0.705772727272727,0.5565909090909089
200910,1.46330909090909,0.617454545454545,1.4828363636363602,1.48048571428571,1.51127391304348,1.60034090909091,1.47882173913043,0.6129090909090911,0.605,0.6106521739130429,0.679636363636364,0.592826086956522
200911,1.48025238095238,0.6028571428571429,1.46330909090909,1.4828363636363602,1.48048571428571,1.5511238095238102,1.587955,0.617454545454545,0.6129090909090911,0.605,0.647952380952381,0.65335
200912,1.4997,0.6166521739130439,1.48025238095238,1.46330909090909,1.4828363636363602,1.53935,1.5412521739130403,0.6028571428571429,0.617454545454545,0.6129090909090911,0.610931818181818,0.6729999999999999
201001,1.46711904761905,0.6180952380952379,1.4997,1.48025238095238,1.46330909090909,1.51127391304348,1.59463571428571,0.6166521739130439,0.6028571428571429,0.617454545454545,0.6106521739130429,0.6919
201002,1.50821,0.63985,1.46711904761905,1.4997,1.48025238095238,1.48048571428571,1.6550049999999998,0.6180952380952379,0.6166521739130439,0.6028571428571429,0.605,0.69405
201003,1.5274260869565202,0.664217391304348,1.50821,1.46711904761905,1.4997,1.4828363636363602,1.7041181818181799,0.63985,0.6180952380952379,0.6166521739130439,0.6129090909090911,0.705772727272727
201004,1.4853863636363602,0.6529090909090911,1.5274260869565202,1.50821,1.46711904761905,1.46330909090909,1.60034090909091,0.664217391304348,0.63985,0.6180952380952379,0.617454545454545,0.679636363636364
201005,1.5410190476190502,0.6808095238095239,1.4853863636363602,1.5274260869565202,1.50821,1.48025238095238,1.5511238095238102,0.6529090909090911,0.664217391304348,0.63985,0.6028571428571429,0.647952380952381
201006,1.5697,0.6777727272727271,1.5410190476190502,1.4853863636363602,1.5274260869565202,1.4997,1.53935,0.6808095238095239,0.6529090909090911,0.664217391304348,0.6166521739130439,0.610931818181818
201007,1.5331681818181797,0.654227272727273,1.5697,1.5410190476190502,1.4853863636363602,1.46711904761905,1.51127391304348,0.6777727272727271,0.6808095238095239,0.6529090909090911,0.6180952380952379,0.6106521739130429
201008,1.50325,0.639863636363636,1.5331681818181797,1.5697,1.5410190476190502,1.50821,1.48048571428571,0.654227272727273,0.6777727272727271,0.6808095238095239,0.63985,0.605
201009,1.4867,0.642045454545454,1.50325,1.5331681818181797,1.5697,1.5274260869565202,1.4828363636363602,0.639863636363636,0.654227272727273,0.6777727272727271,0.664217391304348,0.6129090909090911
201010,1.4183809523809499,0.630666666666667,1.4867,1.50325,1.5331681818181797,1.4853863636363602,1.46330909090909,0.642045454545454,0.639863636363636,0.654227272727273,0.6529090909090911,0.617454545454545
201011,1.43238636363636,0.6270909090909089,1.4183809523809499,1.4867,1.50325,1.5410190476190502,1.48025238095238,0.630666666666667,0.642045454545454,0.639863636363636,0.6808095238095239,0.6028571428571429
201012,1.51482173913043,0.642,1.43238636363636,1.4183809523809499,1.4867,1.5697,1.4997,0.6270909090909089,0.630666666666667,0.642045454545454,0.6777727272727271,0.6166521739130439
201101,1.55674761904762,0.633571428571429,1.51482173913043,1.43238636363636,1.4183809523809499,1.5331681818181797,1.46711904761905,0.642,0.6270909090909089,0.630666666666667,0.654227272727273,0.6180952380952379
201102,1.582515,0.62005,1.55674761904762,1.51482173913043,1.43238636363636,1.50325,1.50821,0.633571428571429,0.642,0.6270909090909089,0.639863636363636,0.63985
201103,1.57221304347826,0.619173913043478,1.582515,1.55674761904762,1.51482173913043,1.4867,1.5274260869565202,0.62005,0.633571428571429,0.642,0.642045454545454,0.664217391304348
201104,1.5145619047619001,0.610666666666667,1.57221304347826,1.582515,1.55674761904762,1.4183809523809499,1.4853863636363602,0.619173913043478,0.62005,0.633571428571429,0.630666666666667,0.6529090909090911
201105,1.56785,0.6121818181818179,1.5145619047619001,1.57221304347826,1.582515,1.43238636363636,1.5410190476190502,0.610666666666667,0.619173913043478,0.62005,0.6270909090909089,0.6808095238095239
201106,1.5953681818181797,0.616772727272727,1.56785,1.5145619047619001,1.57221304347826,1.51482173913043,1.5697,0.6121818181818179,0.610666666666667,0.619173913043478,0.642,0.6777727272727271
201107,1.64945714285714,0.6191904761904761,1.5953681818181797,1.56785,1.5145619047619001,1.55674761904762,1.5331681818181797,0.616772727272727,0.6121818181818179,0.610666666666667,0.633571428571429,0.654227272727273
201108,1.74747391304348,0.6114347826086961,1.64945714285714,1.5953681818181797,1.56785,1.582515,1.50325,0.6191904761904761,0.616772727272727,0.6121818181818179,0.62005,0.639863636363636
201109,1.78592409090909,0.633727272727272,1.74747391304348,1.64945714285714,1.5953681818181797,1.57221304347826,1.4867,0.6114347826086961,0.6191904761904761,0.616772727272727,0.619173913043478,0.642045454545454
201110,1.8220619047619098,0.634761904761905,1.78592409090909,1.74747391304348,1.64945714285714,1.5145619047619001,1.4183809523809499,0.633727272727272,0.6114347826086961,0.6191904761904761,0.610666666666667,0.630666666666667
201111,1.8046863636363601,0.632545454545455,1.8220619047619098,1.78592409090909,1.74747391304348,1.56785,1.43238636363636,0.634761904761905,0.633727272727272,0.6114347826086961,0.6121818181818179,0.6270909090909089
201112,1.8610318181818202,0.641636363636364,1.8046863636363601,1.8220619047619098,1.78592409090909,1.5953681818181797,1.51482173913043,0.632545454545455,0.634761904761905,0.633727272727272,0.616772727272727,0.642
201201,1.83325909090909,0.644681818181818,1.8610318181818202,1.8046863636363601,1.8220619047619098,1.64945714285714,1.55674761904762,0.641636363636364,0.632545454545455,0.634761904761905,0.6191904761904761,0.633571428571429
201202,1.7498285714285702,0.6328095238095239,1.83325909090909,1.8610318181818202,1.8046863636363601,1.74747391304348,1.582515,0.644681818181818,0.641636363636364,0.632545454545455,0.6114347826086961,0.62005
201203,1.78090454545455,0.6320909090909089,1.7498285714285702,1.83325909090909,1.8610318181818202,1.78592409090909,1.57221304347826,0.6328095238095239,0.644681818181818,0.641636363636364,0.633727272727272,0.619173913043478
201204,1.77869523809524,0.6251428571428571,1.78090454545455,1.7498285714285702,1.83325909090909,1.8220619047619098,1.5145619047619001,0.6320909090909089,0.6328095238095239,0.644681818181818,0.634761904761905,0.610666666666667
201205,1.7989565217391301,0.628608695652174,1.77869523809524,1.78090454545455,1.7498285714285702,1.8046863636363601,1.56785,0.6251428571428571,0.6320909090909089,0.6328095238095239,0.632545454545455,0.6121818181818179
201206,1.81445714285714,0.6431428571428571,1.7989565217391301,1.77869523809524,1.78090454545455,1.8610318181818202,1.5953681818181797,0.628608695652174,0.6251428571428571,0.6320909090909089,0.641636363636364,0.616772727272727
201207,1.80397272727273,0.641545454545455,1.81445714285714,1.7989565217391301,1.77869523809524,1.83325909090909,1.64945714285714,0.6431428571428571,0.628608695652174,0.6251428571428571,0.644681818181818,0.6191904761904761
201208,1.78679130434783,0.636173913043478,1.80397272727273,1.81445714285714,1.7989565217391301,1.7498285714285702,1.74747391304348,0.641545454545455,0.6431428571428571,0.628608695652174,0.6328095238095239,0.6114347826086961
201209,1.7943099999999998,0.6207,1.78679130434783,1.80397272727273,1.81445714285714,1.78090454545455,1.78592409090909,0.636173913043478,0.641545454545455,0.6431428571428571,0.6320909090909089,0.633727272727272
201210,1.79387826086957,0.6219565217391301,1.7943099999999998,1.78679130434783,1.80397272727273,1.77869523809524,1.8220619047619098,0.6207,0.636173913043478,0.641545454545455,0.6251428571428571,0.634761904761905
201211,1.78509090909091,0.626545454545455,1.79387826086957,1.7943099999999998,1.78679130434783,1.7989565217391301,1.8046863636363601,0.6219565217391301,0.6207,0.636173913043478,0.628608695652174,0.632545454545455
201212,1.7791,0.6195238095238089,1.78509090909091,1.79387826086957,1.7943099999999998,1.81445714285714,1.8610318181818202,0.626545454545455,0.6219565217391301,0.6207,0.6431428571428571,0.641636363636364
201301,1.7631695652173898,0.626173913043478,1.7791,1.78509090909091,1.79387826086957,1.80397272727273,1.83325909090909,0.6195238095238089,0.626545454545455,0.6219565217391301,0.641545454545455,0.644681818181818
201302,1.7719599999999998,0.6465,1.7631695652173898,1.7791,1.78509090909091,1.78679130434783,1.7498285714285702,0.626173913043478,0.6195238095238089,0.626545454545455,0.636173913043478,0.6328095238095239
201303,1.8078238095238102,0.663190476190476,1.7719599999999998,1.7631695652173898,1.7791,1.7943099999999998,1.78090454545455,0.6465,0.626173913043478,0.6195238095238089,0.6207,0.6320909090909089
201304,1.79614090909091,0.653,1.8078238095238102,1.7719599999999998,1.7631695652173898,1.79387826086957,1.77869523809524,0.663190476190476,0.6465,0.626173913043478,0.6219565217391301,0.6251428571428571
201305,1.8267727272727299,0.6545714285714289,1.79614090909091,1.8078238095238102,1.7719599999999998,1.78509090909091,1.7989565217391301,0.653,0.663190476190476,0.6465,0.626545454545455,0.628608695652174
201306,1.8982299999999999,0.6461495,1.8267727272727299,1.79614090909091,1.8078238095238102,1.7791,1.81445714285714,0.6545714285714289,0.653,0.663190476190476,0.6195238095238089,0.6431428571428571
201307,1.93185217391304,0.659186521739131,1.8982299999999999,1.8267727272727299,1.79614090909091,1.7631695652173898,1.80397272727273,0.6461495,0.6545714285714289,0.653,0.626173913043478,0.641545454545455
201308,1.96214545454545,0.6447963636363641,1.93185217391304,1.8982299999999999,1.8267727272727299,1.7719599999999998,1.78679130434783,0.659186521739131,0.6461495,0.6545714285714289,0.6465,0.636173913043478
201309,2.0192,0.6304152380952379,1.96214545454545,1.93185217391304,1.8982299999999999,1.8078238095238102,1.7943099999999998,0.6447963636363641,0.659186521739131,0.6461495,0.663190476190476,0.6207
201310,1.98737826086957,0.621402173913044,2.0192,1.96214545454545,1.93185217391304,1.79614090909091,1.79387826086957,0.6304152380952379,0.6447963636363641,0.659186521739131,0.653,0.6219565217391301
201311,2.02487619047619,0.621029047619048,1.98737826086957,2.0192,1.96214545454545,1.8267727272727299,1.78509090909091,0.621402173913044,0.6304152380952379,0.6447963636363641,0.6545714285714289,0.626545454545455
201312,2.0648,0.6105331818181821,2.02487619047619,1.98737826086957,2.0192,1.8982299999999999,1.7791,0.621029047619048,0.621402173913044,0.6304152380952379,0.6461495,0.6195238095238089
201401,2.2211173913043503,0.6070421739130429,2.0648,2.02487619047619,1.98737826086957,1.93185217391304,1.7631695652173898,0.6105331818181821,0.621029047619048,0.621402173913044,0.659186521739131,0.626173913043478
201402,2.2118849999999997,0.603666,2.2211173913043503,2.0648,2.02487619047619,1.96214545454545,1.7719599999999998,0.6070421739130429,0.6105331818181821,0.621029047619048,0.6447963636363641,0.6465
201403,2.21705714285714,0.601629047619048,2.2118849999999997,2.2211173913043503,2.0648,2.0192,1.8078238095238102,0.603666,0.6070421739130429,0.6105331818181821,0.6304152380952379,0.663190476190476
201404,2.12797727272727,0.597059545454545,2.21705714285714,2.2118849999999997,2.2211173913043503,1.98737826086957,1.79614090909091,0.601629047619048,0.603666,0.6070421739130429,0.621402173913044,0.653
201405,2.0930318181818204,0.593645,2.12797727272727,2.21705714285714,2.2118849999999997,2.02487619047619,1.8267727272727299,0.597059545454545,0.601629047619048,0.603666,0.621029047619048,0.6545714285714289
201406,2.11909523809524,0.591542857142857,2.0930318181818204,2.12797727272727,2.21705714285714,2.0648,1.8982299999999999,0.593645,0.597059545454545,0.601629047619048,0.6105331818181821,0.6461495
201407,2.11754347826087,0.585891739130435,2.11909523809524,2.0930318181818204,2.12797727272727,2.2211173913043503,1.93185217391304,0.591542857142857,0.593645,0.597059545454545,0.6070421739130429,0.659186521739131
201408,2.16136666666667,0.598706666666667,2.11754347826087,2.11909523809524,2.0930318181818204,2.2118849999999997,1.96214545454545,0.585891739130435,0.591542857142857,0.593645,0.603666,0.6447963636363641
201409,2.2109409090909105,0.6133486363636371,2.16136666666667,2.11754347826087,2.11909523809524,2.21705714285714,2.0192,0.598706666666667,0.585891739130435,0.591542857142857,0.601629047619048,0.6304152380952379
201410,2.25736956521739,0.622361739130435,2.2109409090909105,2.16136666666667,2.11754347826087,2.12797727272727,1.98737826086957,0.6133486363636371,0.598706666666667,0.585891739130435,0.597059545454545,0.621402173913044
201411,2.235945,0.633745,2.25736956521739,2.2109409090909105,2.16136666666667,2.0930318181818204,2.02487619047619,0.622361739130435,0.6133486363636371,0.598706666666667,0.593645,0.621029047619048
201412,2.2947869565217403,0.639729130434783,2.235945,2.25736956521739,2.2109409090909105,2.11909523809524,2.0648,0.633745,0.622361739130435,0.6133486363636371,0.591542857142857,0.6105331818181821
201501,2.33448181818182,0.659525,2.2947869565217403,2.235945,2.25736956521739,2.11754347826087,2.2211173913043503,0.639729130434783,0.633745,0.622361739130435,0.585891739130435,0.6070421739130429
201502,2.4619299999999997,0.6521819999999999,2.33448181818182,2.2947869565217403,2.235945,2.16136666666667,2.2118849999999997,0.659525,0.639729130434783,0.633745,0.598706666666667,0.603666
201503,2.59094545454545,0.668701363636364,2.4619299999999997,2.33448181818182,2.2947869565217403,2.2109409090909105,2.21705714285714,0.6521819999999999,0.659525,0.639729130434783,0.6133486363636371,0.601629047619048
201504,2.65425,0.6685336363636359,2.59094545454545,2.4619299999999997,2.33448181818182,2.25736956521739,2.12797727272727,0.668701363636364,0.6521819999999999,0.659525,0.622361739130435,0.597059545454545
201505,2.64584761904762,0.6471828571428571,2.65425,2.59094545454545,2.4619299999999997,2.235945,2.0930318181818204,0.6685336363636359,0.668701363636364,0.6521819999999999,0.633745,0.593645
201506,2.70475909090909,0.6424404545454541,2.64584761904762,2.65425,2.59094545454545,2.2947869565217403,2.11909523809524,0.6471828571428571,0.6685336363636359,0.668701363636364,0.639729130434783,0.591542857142857
201507,2.6988347826087002,0.642678695652174,2.70475909090909,2.64584761904762,2.65425,2.33448181818182,2.11754347826087,0.6424404545454541,0.6471828571428571,0.6685336363636359,0.659525,0.585891739130435
201508,2.8544809523809502,0.642129047619048,2.6988347826087002,2.70475909090909,2.64584761904762,2.4619299999999997,2.16136666666667,0.642678695652174,0.6424404545454541,0.6471828571428571,0.6521819999999999,0.598706666666667
201509,3.01065909090909,0.652454545454546,2.8544809523809502,2.6988347826087002,2.70475909090909,2.59094545454545,2.2109409090909105,0.642129047619048,0.642678695652174,0.6424404545454541,0.668701363636364,0.6133486363636371
201510,2.92557727272727,0.651949090909091,3.01065909090909,2.8544809523809502,2.6988347826087002,2.65425,2.25736956521739,0.652454545454546,0.642129047619048,0.642678695652174,0.6685336363636359,0.622361739130435
201511,2.8736714285714307,0.6583399999999999,2.92557727272727,3.01065909090909,2.8544809523809502,2.64584761904762,2.235945,0.651949090909091,0.652454545454546,0.642129047619048,0.6471828571428571,0.633745
201512,2.9201521739130403,0.667836521739131,2.8736714285714307,2.92557727272727,3.01065909090909,2.70475909090909,2.2947869565217403,0.6583399999999999,0.651949090909091,0.652454545454546,0.6424404545454541,0.639729130434783
201601,3.0074380952381,0.6946990476190479,2.9201521739130403,2.8736714285714307,2.92557727272727,2.6988347826087002,2.33448181818182,0.667836521739131,0.6583399999999999,0.651949090909091,0.642678695652174,0.659525
201602,2.94328571428571,0.6996209523809521,3.0074380952381,2.9201521739130403,2.8736714285714307,2.8544809523809502,2.4619299999999997,0.6946990476190479,0.667836521739131,0.6583399999999999,0.642129047619048,0.6521819999999999
201603,2.88839130434783,0.7020652173913039,2.94328571428571,3.0074380952381,2.9201521739130403,3.01065909090909,2.59094545454545,0.6996209523809521,0.6946990476190479,0.667836521739131,0.652454545454546,0.668701363636364
201604,2.8361428571428595,0.698754285714286,2.88839130434783,2.94328571428571,3.0074380952381,2.92557727272727,2.65425,0.7020652173913039,0.6996209523809521,0.6946990476190479,0.651949090909091,0.6685336363636359
201605,2.93834545454545,0.688267272727273,2.8361428571428595,2.88839130434783,2.94328571428571,2.8736714285714307,2.64584761904762,0.698754285714286,0.7020652173913039,0.6996209523809521,0.6583399999999999,0.6471828571428571
201606,2.91655909090909,0.704732272727273,2.93834545454545,2.8361428571428595,2.88839130434783,2.9201521739130403,2.70475909090909,0.688267272727273,0.698754285714286,0.7020652173913039,0.667836521739131,0.6424404545454541
201607,2.9558666666666698,0.760978571428571,2.91655909090909,2.93834545454545,2.8361428571428595,3.0074380952381,2.6988347826087002,0.704732272727273,0.688267272727273,0.698754285714286,0.6946990476190479,0.642678695652174
201608,2.96260434782609,0.76343,2.9558666666666698,2.91655909090909,2.93834545454545,2.94328571428571,2.8544809523809502,0.760978571428571,0.704732272727273,0.688267272727273,0.6996209523809521,0.642129047619048
201609,2.9639227272727298,0.760967727272727,2.96260434782609,2.9558666666666698,2.91655909090909,2.88839130434783,3.01065909090909,0.76343,0.760978571428571,0.704732272727273,0.7020652173913039,0.652454545454546
201610,3.0755619047618996,0.81132380952381,2.9639227272727298,2.96260434782609,2.9558666666666698,2.8361428571428595,2.92557727272727,0.760967727272727,0.76343,0.760978571428571,0.698754285714286,0.651949090909091
201611,3.28469090909091,0.8044527272727271,3.0755619047618996,2.9639227272727298,2.96260434782609,2.93834545454545,2.8736714285714307,0.81132380952381,0.760967727272727,0.76343,0.688267272727273,0.6583399999999999
201612,3.49667272727273,0.8021409090909091,3.28469090909091,3.0755619047618996,2.9639227272727298,2.91655909090909,2.9201521739130403,0.8044527272727271,0.81132380952381,0.760967727272727,0.704732272727273,0.667836521739131
201701,3.75043181818182,0.80989,3.49667272727273,3.28469090909091,3.0755619047618996,2.9558666666666698,3.0074380952381,0.8021409090909091,0.8044527272727271,0.81132380952381,0.760978571428571,0.6946990476190479
201702,3.66667,0.8006255,3.75043181818182,3.49667272727273,3.28469090909091,2.96260434782609,2.94328571428571,0.80989,0.8021409090909091,0.8044527272727271,0.76343,0.6996209523809521
201703,3.67044782608696,0.8099269565217391,3.66667,3.75043181818182,3.49667272727273,2.9639227272727298,2.88839130434783,0.8006255,0.80989,0.8021409090909091,0.760967727272727,0.7020652173913039
201704,3.6528050000000003,0.7912055,3.67044782608696,3.66667,3.75043181818182,3.0755619047618996,2.8361428571428595,0.8099269565217391,0.8006255,0.80989,0.81132380952381,0.698754285714286
201705,3.56785217391304,0.773491304347826,3.6528050000000003,3.67044782608696,3.66667,3.28469090909091,2.93834545454545,0.7912055,0.8099269565217391,0.8006255,0.8044527272727271,0.688267272727273
201706,3.5196545454545496,0.780504545454546,3.56785217391304,3.6528050000000003,3.67044782608696,3.49667272727273,2.91655909090909,0.773491304347826,0.7912055,0.8099269565217391,0.8021409090909091,0.704732272727273
201707,3.5633380952380898,0.7696290476190479,3.5196545454545496,3.56785217391304,3.6528050000000003,3.75043181818182,2.9558666666666698,0.780504545454546,0.773491304347826,0.7912055,0.80989,0.760978571428571
201708,3.5089521739130403,0.7720600000000001,3.5633380952380898,3.5196545454545496,3.56785217391304,3.66667,2.96260434782609,0.7696290476190479,0.780504545454546,0.773491304347826,0.8006255,0.76343
201709,3.4738761904761897,0.7507309523809521,3.5089521739130403,3.5633380952380898,3.5196545454545496,3.67044782608696,2.9639227272727298,0.7720600000000001,0.7696290476190479,0.780504545454546,0.8099269565217391,0.760967727272727
201710,3.6757,0.7577790909090909,3.4738761904761897,3.5089521739130403,3.5633380952380898,3.6528050000000003,3.0755619047618996,0.7507309523809521,0.7720600000000001,0.7696290476190479,0.7912055,0.81132380952381
201711,3.88995454545454,0.756536818181818,3.6757,3.4738761904761897,3.5089521739130403,3.56785217391304,3.28469090909091,0.7577790909090909,0.7507309523809521,0.7720600000000001,0.773491304347826,0.8044527272727271
201712,3.8431619047619,0.746392857142857,3.88995454545454,3.6757,3.4738761904761897,3.5196545454545496,3.49667272727273,0.756536818181818,0.7577790909090909,0.7507309523809521,0.780504545454546,0.8021409090909091
201801,3.77490434782609,0.7239286956521741,3.8431619047619,3.88995454545454,3.6757,3.5633380952380898,3.75043181818182,0.746392857142857,0.756536818181818,0.7577790909090909,0.7696290476190479,0.80989
201802,3.7837,0.7163510000000001,3.77490434782609,3.8431619047619,3.88995454545454,3.5089521739130403,3.66667,0.7239286956521741,0.746392857142857,0.756536818181818,0.7720600000000001,0.8006255
201803,3.8911318181818197,0.7157695454545451,3.7837,3.77490434782609,3.8431619047619,3.4738761904761897,3.67044782608696,0.7163510000000001,0.7239286956521741,0.746392857142857,0.7507309523809521,0.8099269565217391
201804,4.06100952380952,0.710219523809524,3.8911318181818197,3.7837,3.77490434782609,3.6757,3.6528050000000003,0.7157695454545451,0.7163510000000001,0.7239286956521741,0.7577790909090909,0.7912055
201805,4.4209913043478295,0.743185652173913,4.06100952380952,3.8911318181818197,3.7837,3.88995454545454,3.56785217391304,0.710219523809524,0.7157695454545451,0.7163510000000001,0.756536818181818,0.773491304347826
201806,4.63712380952381,0.7526104761904759,4.4209913043478295,4.06100952380952,3.8911318181818197,3.8431619047619,3.5196545454545496,0.743185652173913,0.710219523809524,0.7157695454545451,0.746392857142857,0.780504545454546
201807,4.7676863636363604,0.759415454545455,4.63712380952381,4.4209913043478295,4.06100952380952,3.77490434782609,3.5633380952380898,0.7526104761904759,0.743185652173913,0.710219523809524,0.7239286956521741,0.7696290476190479
201808,5.88254347826087,0.776436956521739,4.7676863636363604,4.63712380952381,4.4209913043478295,3.7837,3.5089521739130403,0.759415454545455,0.7526104761904759,0.743185652173913,0.7163510000000001,0.7720600000000001
